STATIONID,Latitude,Longitude,LAKEID,County,Lake,Station,Study,water type
Ala-Alice-1,29.6432,-82.3605,Ala-Alice,Alachua,Alice,1,LW,Lake
Ala-Alice-2,29.6432,-82.3613,Ala-Alice,Alachua,Alice,2,LW,Lake
Ala-Alice-3,29.6429,-82.3627,Ala-Alice,Alachua,Alice,3,LW,Lake
Ala-Alto-1,29.7842,-82.1446,Ala-Alto,Alachua,Alto,1,LW,Lake
Ala-Alto-2,29.7787,-82.1435,Ala-Alto,Alachua,Alto,2,LW,Lake
Ala-Alto-3,29.7731,-82.1417,Ala-Alto,Alachua,Alto,3,LW,Lake
Ala-BivansAr-1,29.6223,-82.3419,Ala-BivansAr,Alachua,Bivans Arm,1,LW,Lake
Ala-BivansAr-2,29.6241,-82.3439,Ala-BivansAr,Alachua,Bivans Arm,2,LW,Lake
Ala-BivansAr-3,29.6258,-82.3465,Ala-BivansAr,Alachua,Bivans Arm,3,LW,Lake
Ala-BluesC-1-1,29.7179,-82.4184,Ala-BluesC-1,Alachua,Blues Creek-1,1,LW,River/Stream
Ala-BluesC-2-1,29.7203,-82.4221,Ala-BluesC-2,Alachua,Blues Creek-2,1,LW,River/Stream
Ala-BluesC-3-1,29.7269,-82.4219,Ala-BluesC-3,Alachua,Blues Creek-3,1,LW,River/Stream
Ala-Bonnet-1,29.7233,-82.0969,Ala-Bonnet,Alachua,Bonnet,1,LW,Lake
Ala-Bonnet-2,29.724,-82.0961,Ala-Bonnet,Alachua,Bonnet,2,LW,Lake
Ala-Bonnet-3,29.7253,-82.0951,Ala-Bonnet,Alachua,Bonnet,3,LW,Lake
Ala-CalfP-1,29.6281,-82.2876,Ala-CalfP,Alachua,Calf Pond,1,LW,Lake
Ala-CalfP-2,29.6285,-82.2863,Ala-CalfP,Alachua,Calf Pond,2,LW,Lake
Ala-CalfP-3,29.6279,-82.2868,Ala-CalfP,Alachua,Calf Pond,3,LW,Lake
Ala-CellonC-1-1,29.7746,-82.4731,Ala-CellonC-1,Alachua,Cellon Creek-1,1,LW,River/Stream
Ala-CellonC-2-1,29.7691,-82.4549,Ala-CellonC-2,Alachua,Cellon Creek-2,1,LW,River/Stream
Ala-CellonC-3-1,29.7686,-82.4461,Ala-CellonC-3,Alachua,Cellon Creek-3,1,LW,River/Stream
Ala-CellonC-4-1,29.7703,-82.4297,Ala-CellonC-4,Alachua,Cellon Creek-4,1,LW,River/Stream
Ala-Clear-1,29.652,-82.392,Ala-Clear,Alachua,Clear,1,LW,Lake
Ala-Clear-2,29.6511,-82.3911,Ala-Clear,Alachua,Clear,2,LW,Lake
Ala-Clear-3,29.6504,-82.3907,Ala-Clear,Alachua,Clear,3,LW,Lake
Ala-Dean Pond-1,29.4957,-82.0582,Ala-Dean Pond,Alachua,Dean Pond,1,LW,Lake
Ala-Dean Pond-2,29.4959,-82.0588,Ala-Dean Pond,Alachua,Dean Pond,2,LW,Lake
Ala-Dean Pond-3,29.4958,-82.0595,Ala-Dean Pond,Alachua,Dean Pond,3,LW,Lake
Ala-DeepSpPd-1,29.9297,-82.519,Ala-DeepSpPd,Alachua,Deep Spring Pond,1,LW,Lake
Ala-DeepSpPd-2,29.9294,-82.5189,Ala-DeepSpPd,Alachua,Deep Spring Pond,2,LW,Lake
Ala-DeerRun-1-1,29.7066,-82.3976,Ala-DeerRun-1,Alachua,Deer Run-1,1,LW,River/Stream
Ala-DeerRun-2-1,29.7071,-82.396,Ala-DeerRun-2,Alachua,Deer Run-2,1,LW,River/Stream
Ala-Elizabeth-1,29.7002,-82.0918,Ala-Elizabeth,Alachua,Elizabeth,1,LW,Lake
Ala-Elizabeth-2,29.6983,-82.0956,Ala-Elizabeth,Alachua,Elizabeth,2,LW,Lake
Ala-Elizabeth-3,29.6972,-82.0938,Ala-Elizabeth,Alachua,Elizabeth,3,LW,Lake
Ala-GwynnOak-1,29.6525,-82.3893,Ala-GwynnOak,Alachua,Gwynn Oaks,1,LW,Lake
Ala-GwynnOak-2,29.6525,-82.3889,Ala-GwynnOak,Alachua,Gwynn Oaks,2,LW,Lake
Ala-GwynnOak-3,29.6525,-82.3886,Ala-GwynnOak,Alachua,Gwynn Oaks,3,LW,Lake
Ala-Hammocks-1,29.7068,-82.4429,Ala-Hammocks,Alachua,Hammocks,1,LW,Lake
Ala-Hammocks-2,29.7075,-82.4419,Ala-Hammocks,Alachua,Hammocks,2,LW,Lake
Ala-Hammocks-3,29.7079,-82.4413,Ala-Hammocks,Alachua,Hammocks,3,LW,Lake
Ala-Hampton-1,29.8665,-82.17015,Ala-Hampton,Alachua,Hampton,1,LW,Lake
Ala-Hampton-2,29.85805,-82.17015,Ala-Hampton,Alachua,Hampton,2,LW,Lake
Ala-Hampton-3,29.851403,-82.17015,Ala-Hampton,Alachua,Hampton,3,LW,Lake
Ala-Hidden-1,29.7226,-82.3506,Ala-Hidden,Alachua,Hidden,1,LW,Lake
Ala-Hidden-2,29.721800000000002,-82.3505,Ala-Hidden,Alachua,Hidden,2,LW,Lake
Ala-Hidden-3,29.7222,-82.3513,Ala-Hidden,Alachua,Hidden,3,LW,Lake
Ala-HogtownCr-1,29.6718,-82.346,Ala-HogtownCr,Alachua,Hogtown Creek-1,1,LW,River/Stream
Ala-HogtownCr-2,29.6711,-82.3467,Ala-HogtownCr,Alachua,Hogtown Creek-2,1,LW,River/Stream
Ala-HoldenPo-1,29.5639,-82.0589,Ala-HoldenPo,Alachua,Holden Pond,1,LW,Lake
Ala-HoldenPo-2,29.5644,-82.0606,Ala-HoldenPo,Alachua,Holden Pond,2,LW,Lake
Ala-HoldenPo-3,29.5647,-82.0631,Ala-HoldenPo,Alachua,Holden Pond,3,LW,Lake
Ala-HollyFor-1,29.6461,-82.3875,Ala-HollyFor,Alachua,Holly Forest,1,LW,Lake
Ala-HollyFor-2,29.6463,-82.3875,Ala-HollyFor,Alachua,Holly Forest,2,LW,Lake
Ala-HollyFor-3,29.6465,-82.3875,Ala-HollyFor,Alachua,Holly Forest,3,LW,Lake
Ala-IronwoodA-1,29.6883,-82.2918,Ala-IronwoodA,Alachua,Ironwood A,1,LW,Lake
Ala-IronwoodA-2,29.6885,-82.2918,Ala-IronwoodA,Alachua,Ironwood A,2,LW,Lake
Ala-IronwoodB-1,29.6891,-82.29,Ala-IronwoodB,Alachua,Ironwood B,1,LW,Lake
Ala-IronwoodB-2,29.6893,-82.2897,Ala-IronwoodB,Alachua,Ironwood B,2,LW,Lake
Ala-IronwoodC-1,29.6905,-82.2893,Ala-IronwoodC,Alachua,Ironwood C,1,LW,Lake
Ala-IronwoodC-2,29.6907,-82.2892,Ala-IronwoodC,Alachua,Ironwood C,2,LW,Lake
Ala-IronwoodD-1,29.6908,-82.2891,Ala-IronwoodD,Alachua,Ironwood D,1,LW,Lake
Ala-IronwoodD-2,29.691,-82.2891,Ala-IronwoodD,Alachua,Ironwood D,2,LW,Lake
Ala-IronwoodE-1,29.6869,-82.2897,Ala-IronwoodE,Alachua,Ironwood E,1,LW,Lake
Ala-IronwoodE-2,29.6869,-82.2894,Ala-IronwoodE,Alachua,Ironwood E,2,LW,Lake
Ala-IronwoodF-1,29.6889,-82.3006,Ala-IronwoodF,Alachua,Ironwood F,1,LW,Lake
Ala-IronwoodF-2,29.6889,-82.3003,Ala-IronwoodF,Alachua,Ironwood F,2,LW,Lake
Ala-IronwoodG-1,29.6905,-82.3009,Ala-IronwoodG,Alachua,Ironwood G,1,LW,Lake
Ala-IronwoodG-2,29.6905,-82.3004,Ala-IronwoodG,Alachua,Ironwood G,2,LW,Lake
Ala-IronwoodH-1,29.6909,-82.2912,Ala-IronwoodH,Alachua,Ironwood H,1,LW,Lake
Ala-IronwoodH-2,29.6911,-82.2912,Ala-IronwoodH,Alachua,Ironwood H,2,LW,Lake
Ala-Jeffords-1,29.5489,-82.0953,Ala-Jeffords,Alachua,Jeffords,1,LW,Lake
Ala-Jeffords-2,29.5467,-82.0892,Ala-Jeffords,Alachua,Jeffords,2,LW,Lake
Ala-Jeffords-3,29.5498,-82.0888,Ala-Jeffords,Alachua,Jeffords,3,LW,Lake
Ala-JohnsonP-1,29.7234,-82.3485,Ala-JohnsonP,Alachua,Johnson Pond,1,LW,Lake
Ala-JohnsonP-2,29.7219,-82.3483,Ala-JohnsonP,Alachua,Johnson Pond,2,LW,Lake
Ala-JohnsonP-3,29.7204,-82.3478,Ala-JohnsonP,Alachua,Johnson Pond,3,LW,Lake
Ala-JonesvilleQu-1,29.6821,-82.5332,Ala-JonesvilleQu,Alachua,Jonesville Quarry,1,LW,Lake
Ala-JonesvilleQu-2,29.682,-82.5338,Ala-JonesvilleQu,Alachua,Jonesville Quarry,2,LW,Lake
Ala-JonesvilleQu-3,29.6821,-82.5343,Ala-JonesvilleQu,Alachua,Jonesville Quarry,3,LW,Lake
Ala-Kingswood-1,29.6692,-82.4005,Ala-Kingswood,Alachua,Kingswood,1,LW,Lake
Ala-Kingswood-2,29.6691,-82.4,Ala-Kingswood,Alachua,Kingswood,2,LW,Lake
Ala-Kingswood-3,29.6688,-82.3994,Ala-Kingswood,Alachua,Kingswood,3,LW,Lake
Ala-LakesPD-1,29.698,-82.3594,Ala-LakesPD,Alachua,Lakes Pond,1,LW,Lake
Ala-LakesPD-2,29.6984,-82.3585,Ala-LakesPD,Alachua,Lakes Pond,2,LW,Lake
Ala-LakesPD-3,29.6983,-82.3576,Ala-LakesPD,Alachua,Lakes Pond,3,LW,Lake
Ala-LittleOr-1,29.5776,-82.0632,Ala-LittleOr,Alachua,Little Orange,1,LW,Lake
Ala-LittleOr-2,29.5772,-82.0569,Ala-LittleOr,Alachua,Little Orange,2,LW,Lake
Ala-LittleOr-3,29.5708,-82.0483,Ala-LittleOr,Alachua,Little Orange,3,LW,Lake
Ala-LittleSa-1,29.7664,-82.0907,Ala-LittleSa,Alachua,Little Santa Fe,1,LW,Lake
Ala-LittleSa-2,29.7708,-82.0927,Ala-LittleSa,Alachua,Little Santa Fe,2,LW,Lake
Ala-LittleSa-3,29.7755,-82.0961,Ala-LittleSa,Alachua,Little Santa Fe,3,LW,Lake
Ala-Lochloosa-1,29.5288,-82.1267,Ala-Lochloosa,Alachua,Lochloosa,1,LW,Lake
Ala-Lochloosa-2,29.5174,-82.1229,Ala-Lochloosa,Alachua,Lochloosa,2,LW,Lake
Ala-Lochloosa-3,29.5064,-82.12,Ala-Lochloosa,Alachua,Lochloosa,3,LW,Lake
Ala-Lochloosa-4,29.5018,-82.1511,Ala-Lochloosa,Alachua,Lochloosa,4,LW,Lake
Ala-Ma-Springs,29.5832,-82.1497,Ala-Ma-Springs,Alachua,Magnesia Springs,1,LW,Spring Boil
Ala-MelroseB-1,29.7139,-82.0521,Ala-MelroseB,Alachua,Melrose Bay,1,LW,Lake
Ala-MelroseB-2,29.7161,-82.0531,Ala-MelroseB,Alachua,Melrose Bay,2,LW,Lake
Ala-MelroseB-3,29.7164,-82.0572,Ala-MelroseB,Alachua,Melrose Bay,3,LW,Lake
Ala-Meta-1,29.6701,-82.3366,Ala-Meta,Alachua,Meta,1,LW,Lake
Ala-Meta-2,29.6696,-82.3362,Ala-Meta,Alachua,Meta,2,LW,Lake
Ala-Meta-3,29.6691,-82.3359,Ala-Meta,Alachua,Meta,3,LW,Lake
Ala-Mize-1,29.7328,-82.2197,Ala-Mize,Alachua,Mize,1,LW,Lake
Ala-Mize-2,29.7328,-82.22,Ala-Mize,Alachua,Mize,2,LW,Lake
Ala-Mize-3,29.7331,-82.2196,Ala-Mize,Alachua,Mize,3,LW,Lake
Ala-Mize-1 me-1,29.7328,-82.2197,Ala-Mize-1 me,Alachua,Mize-1 meter,1,LW,Special
Ala-Mize-15 m-1,29.7328,-82.2197,Ala-Mize-15 m,Alachua,Mize-15 meters,1,LW,Special
Ala-Mize-16 m-1,29.7328,-82.2197,Ala-Mize-16 m,Alachua,Mize-16 meters,1,LW,Special
Ala-Mize-18 m-1,29.7328,-82.2197,Ala-Mize-18 m,Alachua,Mize-18 meters,1,LW,Special
Ala-Mize-21 m-1,29.7328,-82.2197,Ala-Mize-21 m,Alachua,Mize-21 meters,1,LW,Special
Ala-Mize-22 m-1,29.7328,-82.2197,Ala-Mize-22 m,Alachua,Mize-22 meters,1,LW,Special
Ala-Mize-23 m-1,29.7328,-82.2197,Ala-Mize-23 m,Alachua,Mize-23 meters,1,LW,Special
Ala-Mize-24 m-1,29.7328,-82.2197,Ala-Mize-24 m,Alachua,Mize-24 meters,1,LW,Special
Ala-Mize-3 me-1,29.7328,-82.2197,Ala-Mize-3 me,Alachua,Mize-3 meters,1,LW,Special
Ala-Mize-4 me-1,29.7328,-82.2197,Ala-Mize-4 me,Alachua,Mize-4 meters,1,LW,Special
Ala-Moon-1,29.6804,-82.4063,Ala-Moon,Alachua,Moon,1,LW,Lake
Ala-Moon-2,29.6803,-82.4053,Ala-Moon,Alachua,Moon,2,LW,Lake
Ala-Moon-3,29.6808,-82.4047,Ala-Moon,Alachua,Moon,3,LW,Lake
Ala-Moss-1,29.5597,-82.0566,Ala-Moss,Alachua,Moss,1,LW,Lake
Ala-Moss-2,29.5597,-82.0553,Ala-Moss,Alachua,Moss,2,LW,Lake
Ala-Moss-3,29.5598,-82.0528,Ala-Moss,Alachua,Moss,3,LW,Lake
Ala-Newnan-1,29.6206,-82.2373,Ala-Newnan,Alachua,Newnan,1,LW,Lake
Ala-Newnan-2,29.6322,-82.2223,Ala-Newnan,Alachua,Newnan,2,LW,Lake
Ala-Newnan-3,29.6511,-82.2162,Ala-Newnan,Alachua,Newnan,3,LW,Lake
Ala-Orange-1,29.4865,-82.1946,Ala-Orange,Alachua,Orange,1,LW,Lake
Ala-Orange-2,29.4639,-82.1811,Ala-Orange,Alachua,Orange,2,LW,Lake
Ala-Orange-3,29.4404,-82.1649,Ala-Orange,Alachua,Orange,3,LW,Lake
Ala-Orange-4,29.4414,-82.196,Ala-Orange,Alachua,Orange,4,LW,Lake
Ala-Para-Br-1,29.9091,-82.5635,Ala-Para-Br,Alachua,Paraners Branch-1,1,LW,River/Stream
Ala-Para-Br-2,29.9099,-82.5593,Ala-Para-Br,Alachua,Paraners Branch-2,1,LW,River/Stream
Ala-Para-Br-3,29.9071,-82.5351,Ala-Para-Br,Alachua,Paraners Branch-3,1,LW,River/Stream
Ala-PotanoPds-1,29.6435,-82.2593,Ala-PotanoPds,Alachua,Potano Ponds,1,LW,Lake
Ala-PotanoPds-2,29.6433,-82.2597,Ala-PotanoPds,Alachua,Potano Ponds,2,LW,Lake
Ala-PotanoPds-3,29.6432,-82.2595,Ala-PotanoPds,Alachua,Potano Ponds,3,LW,Lake
Ala-SantaFe-1,29.7305,-82.0668,Ala-SantaFe,Alachua,Santa Fe,1,LW,Lake
Ala-SantaFe-2,29.7387,-82.0723,Ala-SantaFe,Alachua,Santa Fe,2,LW,Lake
Ala-SantaFe-3,29.7457,-82.0774,Ala-SantaFe,Alachua,Santa Fe,3,LW,Lake
Ala-SaFeRise-1,29.874,-82.5915,Ala-SaFeRise,Alachua,Santa Fe River Rise-1,1,LW,River/Stream
Ala-SaFeSink-1,29.9146,-82.5796,Ala-SaFeSink,Alachua,Santa Fe River Sink-1,1,LW,River/Stream
Ala-SaFeSink-2,29.9122,-82.573,Ala-SaFeSink,Alachua,Santa Fe River Sink-2,1,LW,River/Stream
Ala-SantaFbar-1,29.7143,-82.0623,Ala-SantaFbar,Alachua,Santa Fe-barricade,1,LW,Lake
Ala-SantaBlue-1,29.7217,-82.0861,Ala-SantaBlue,Alachua,Santa Fe-Blue Bayou,1,LW,Lake
Ala-SantaFecm-1,29.7166,-82.0622,Ala-SantaFecm,Alachua,Santa Fe-canal mouth,1,LW,Lake
Ala-SantaFePC-1,29.7122,-82.0623,Ala-SantaFePC,Alachua,Santa Fe-Painter Canal,1,LW,Lake
Ala-SuryaKund-1,29.8082,-82.487,Ala-SuryaKund,Alachua,Surya Kund,1,LW,Lake
Ala-SuryaKund-2,29.8081,-82.4871,Ala-SuryaKund,Alachua,Surya Kund,2,LW,Lake
Ala-SuryaKund-3,29.8078,-82.4871,Ala-SuryaKund,Alachua,Surya Kund,3,LW,Lake
Ala-TurkeyC-1-1,29.7586,-82.4226,Ala-TurkeyC-1,Alachua,Turkey Creek-1,1,LW,River/Stream
Ala-TurkeyC-2-1,29.7544,-82.4397,Ala-TurkeyC-2,Alachua,Turkey Creek-2,1,LW,River/Stream
Ala-Watermelo-1,29.5502,-82.6113,Ala-Watermelo,Alachua,Watermelon Pond,1,LW,Lake
Ala-Watermelo-2,29.5452,-82.6058,Ala-Watermelo,Alachua,Watermelon Pond,2,LW,Lake
Ala-Watermelo-3,29.5498,-82.6032,Ala-Watermelo,Alachua,Watermelon Pond,3,LW,Lake
Ala-Wauberg-1,29.5249,-82.3019,Ala-Wauberg,Alachua,Wauberg,1,LW,Lake
Ala-Wauberg-2,29.5301,-82.3005,Ala-Wauberg,Alachua,Wauberg,2,LW,Lake
Ala-Wauberg-3,29.5341,-82.3025,Ala-Wauberg,Alachua,Wauberg,3,LW,Lake
Bay-Beatty-Bayou-1,30.2535,-85.621,Bay-Beatty-Bayou,Bay,Beatty Bayou-1,1,LW,River/Stream
Bay-Burnt M-1L,30.296,-85.7617,Bay-Burnt M-1L,Bay,Burnt Mill Lower,1,LW,River/Stream
Bay-Burnt M-1U,30.3286,-85.7635,Bay-Burnt M-1U,Bay,Burnt Mill Upper,1,LW,River/Stream
Bay-Burnt-Mill-Upper-2,30.3384,-85.7672,Bay-Burnt-Mill-Upper,Bay,Burnt Mill Upper-2,1,LW,River/Stream
Bay-CallawayB-1,30.1364,-85.5704,Bay-CallawayB,Bay,Callaway Bayou,1,LW,River/Stream
Bay-CallawayB-2,30.125,-85.5633,Bay-CallawayB,Bay,Callaway Bayou-2,1,LW,River/Stream
Bay-Crooked L-1,30.2918,-85.808,Bay-Crooked L,Bay,Crooked Lower,1,LW,River/Stream
Bay-Crooked U-1,30.3082,-85.8118,Bay-Crooked U,Bay,Crooked Upper,1,LW,River/Stream
Bay-Crooked-Upper-2,30.3153,-85.8132,Bay-Crooked-Upper,Bay,Crooked Upper-2,1,LW,River/Stream
Bay-DeerPoin-1,30.2706,-85.6002,Bay-DeerPoin,Bay,Deer Point,1,LW,Lake
Bay-DeerPoin-2,30.2901,-85.5917,Bay-DeerPoin,Bay,Deer Point,2,LW,Lake
Bay-DeerPoin-3,30.3067,-85.5887,Bay-DeerPoin,Bay,Deer Point,3,LW,Lake
Bay-Ea-stBay-1,30.0383,-85.4867,Bay-Ea-stBay,Bay,East Bay-1,1,LW,Estuary
Bay-Ea-stBay-2,30.085,-85.5267,Bay-Ea-stBay,Bay,East Bay-2,1,LW,Estuary
Bay-Ea-stBay-3,30.1083,-85.5583,Bay-Ea-stBay,Bay,East Bay-3,1,LW,Estuary
Bay-Ea-stBay-4,30.0983,-85.61,Bay-Ea-stBay,Bay,East Bay-4,1,LW,Estuary
Bay-Ea-stBay-5,30.125,-85.6302,Bay-Ea-stBay,Bay,East Bay-5,1,LW,Estuary
Bay-Fannin-Bayou-1,30.2692,-85.6562,Bay-Fannin-Bayou,Bay,Fannin Bayou-1,1,LW,Estuary
Bay-FoxPond-1,30.1384,-85.5746,Bay-FoxPond,Bay,Fox Pond,1,LW,River/Stream
Bay-Goose-Bayou-1,30.2248,-85.6911,Bay-Goose-Bayou,Bay,Goose Bayou-1,1,LW,Estuary
Bay-Gr-Lagoon-1,30.1683,-85.785,Bay-Gr-Lagoon,Bay,Grand Lagoon-1,1,LW,Estuary
Bay-Gr-Lagoon-2,30.165,-85.7783,Bay-Gr-Lagoon,Bay,Grand Lagoon-2,1,LW,Estuary
Bay-Gr-Lagoon-3,30.1567,-85.76,Bay-Gr-Lagoon,Bay,Grand Lagoon-3,1,LW,Estuary
Bay-Gr-Lagoon-4,30.145,-85.7284,Bay-Gr-Lagoon,Bay,Grand Lagoon-4,1,LW,Estuary
Bay-Gr-Lagoon-5,30.1404,-85.7415,Bay-Gr-Lagoon,Bay,Grand Lagoon-5,1,LW,Estuary
Bay-Johnson-Bayou-1,30.1622,-85.6708,Bay-Johnson-Bayou,Bay,Johnson Bayou-1,1,LW,River/Stream
Bay-La-Bayou-1,30.1183,-85.5263,Bay-La-Bayou,Bay,Laird Bayou-1,1,LW,Estuary
Bay-La-Bayou-2,30.1277,-85.519,Bay-La-Bayou,Bay,Laird Bayou-2,1,LW,Estuary
Bay-La-Bayou-3,30.1333,-85.5065,Bay-La-Bayou,Bay,Laird Bayou-3,1,LW,Estuary
Bay-LannieRo-1,30.1415,-85.5844,Bay-LannieRo,Bay,Lannie Rowe,1,LW,River/Stream
Bay-Lullwater-1,30.2222,-85.8798,Bay-Lullwater,Bay,Lullwater,1,LW,Lake
Bay-Lullwater-2,30.2208,-85.8825,Bay-Lullwater,Bay,Lullwater,2,LW,Lake
Bay-Lullwater-3,30.2229,-85.8834,Bay-Lullwater,Bay,Lullwater,3,LW,Lake
Bay-Marin-1,30.2105,-85.6568,Bay-Marin,Bay,Marin,1,LW,Lake
Bay-Marin-2,30.2108,-85.655,Bay-Marin,Bay,Marin,2,LW,Lake
Bay-Marin-3,30.2092,-85.655,Bay-Marin,Bay,Marin,3,LW,Lake
Bay-Martin-1,30.1404,-85.6077,Bay-Martin,Bay,Martin-1,1,LW,River/Stream
Bay-Massalina-Bayou-1,30.1517,-85.6583,Bay-Massalina-Bayou,Bay,Massalina Bayou-1,1,LW,River/Stream
Bay-Mil-Bay-1U,30.2359,-85.5985,Bay-Mil-Bay-1U,Bay,Mill Bayou Upper,1,LW,River/Stream
Bay-Mill-Bayou-1,30.251,-85.6096,Bay-Mill-Bayou,Bay,Mill Bayou-1,1,LW,River/Stream
Bay-No-thBay-1,30.2633,-85.6167,Bay-No-thBay,Bay,North Bay-1,1,LW,Estuary
Bay-No-thBay-2,30.2617,-85.6517,Bay-No-thBay,Bay,North Bay-2,1,LW,Estuary
Bay-No-thBay-3,30.2533,-85.685,Bay-No-thBay,Bay,North Bay-3,1,LW,Estuary
Bay-No-thBay-4,30.2267,-85.71,Bay-No-thBay,Bay,North Bay-4,1,LW,Estuary
Bay-Parker-Bayou-1,30.1255,-85.6008,Bay-Parker-Bayou,Bay,Parker Bayou-1,1,LW,Estuary
Bay-Pitts-Bayou-1,30.1213,-85.5967,Bay-Pitts-Bayou,Bay,Pitts Bayou-1,1,LW,River/Stream
Bay-Posten-Bayou-1,30.1928,-85.7167,Bay-Posten-Bayou,Bay,Posten Bayou-1,1,LW,Estuary
Bay-Powell-1,30.2728,-85.9679,Bay-Powell,Bay,Powell,1,LW,Dune Lake
Bay-Powell-2,30.2748,-85.9841,Bay-Powell,Bay,Powell,2,LW,Dune Lake
Bay-Powell-3,30.2816,-85.9947,Bay-Powell,Bay,Powell,3,LW,Dune Lake
Bay-Powell-4,30.2725,-85.986,Bay-Powell,Bay,Powell,4,LW,Dune Lake
Bay-Powell-5,30.2685,-85.9753,Bay-Powell,Bay,Powell,5,LW,Dune Lake
Bay-Powell-6,30.2754,-85.9778,Bay-Powell,Bay,Powell,6,LW,Dune Lake
Bay-Po-kEast-1,30.2667,-85.9556,Bay-Po-kEast,Bay,Powell Creek East-1,1,LW,River/Stream
Bay-Po-kEast-2,30.2618,-85.9502,Bay-Po-kEast,Bay,Powell Creek East-2,1,LW,River/Stream
Bay-Po-kEast-3,30.2618,-85.9478,Bay-Po-kEast,Bay,Powell Creek East-3,1,LW,River/Stream
Bay-PowellSo-1,30.2717,-85.9891,Bay-PowellSo,Bay,Powell South,1,LW,Dune Lake
Bay-PowellSo-2,30.2702,-85.9869,Bay-PowellSo,Bay,Powell South,2,LW,Dune Lake
Bay-PowellSo-3,30.2689,-85.9849,Bay-PowellSo,Bay,Powell South,3,LW,Dune Lake
Bay-Pretty-Bayou-1,30.2017,-85.7059,Bay-Pretty-Bayou,Bay,Pretty Bayou-1,1,LW,River/Stream
Bay-Robinson-Bayou-1,30.211,-85.6992,Bay-Robinson-Bayou,Bay,Robinson Bayou-1,1,LW,River/Stream
Bay-St-ewBay-1,30.175,-85.7367,Bay-St-ewBay,Bay,St. Andrew Bay-1,1,LW,Estuary
Bay-St-wBay-10,30.1317,-85.6825,Bay-St-wBay,Bay,St. Andrew Bay-10,1,LW,Estuary
Bay-St-wBay-11,30.0705,-85.6228,Bay-St-wBay,Bay,St. Andrew Bay-11,1,LW,Estuary
Bay-St. Andrew Bay-12,30.1219,-85.6934,Bay-St. Andrew Bay,Bay,St. Andrew Bay-12,1,LW,Estuary
Bay-St-ewBay-2,30.1567,-85.685,Bay-St-ewBay,Bay,St. Andrew Bay-2,1,LW,Estuary
Bay-St-ewBay-3,30.14,-85.6583,Bay-St-ewBay,Bay,St. Andrew Bay-3,1,LW,Estuary
Bay-St-ewBay-6,30.0933,-85.655,Bay-St-ewBay,Bay,St. Andrew Bay-6,1,LW,Estuary
Bay-St-ewBay-7,30.12,-85.73,Bay-St-ewBay,Bay,St. Andrew Bay-7,1,LW,Estuary
Bay-St-ewBay-8,30.09,-85.7733,Bay-St-ewBay,Bay,St. Andrew Bay-8,1,LW,Estuary
Bay-Upper-Goose-Bayou-1,30.2413,-85.6835,Bay-Upper-Goose-Bayou,Bay,Upper Goose Bayou-1,1,LW,Estuary
Bay-Warren-Bayou-1,30.2773,-85.737,Bay-Warren-Bayou,Bay,Warren Bayou-1,1,LW,River/Stream
Bay-Watson-Bayou-1,30.1363,-85.6348,Bay-Watson-Bayou,Bay,Watson Bayou-1,1,LW,Estuary
Bay-We-stBay-1,30.245,-85.8333,Bay-We-stBay,Bay,West Bay-1,1,LW,Estuary
Bay-We-stBay-10,30.2432,-85.8436,Bay-We-stBay,Bay,West Bay-10,1,LW,Estuary
Bay-We-stBay-11,30.2408,-85.8466,Bay-We-stBay,Bay,West Bay-11,1,LW,Estuary
Bay-West-Bay-12,30.2868,-85.8498,Bay-West-Bay,Bay,West Bay-12,1,LW,Estuary
Bay-We-stBay-2,30.2683,-85.8083,Bay-We-stBay,Bay,West Bay-2,1,LW,Estuary
Bay-We-stBay-3,30.3,-85.7667,Bay-We-stBay,Bay,West Bay-3,1,LW,Estuary
Bay-We-stBay-4,30.24,-85.7417,Bay-We-stBay,Bay,West Bay-4,1,LW,Estuary
Bay-We-stBay-5,30.2017,-85.7333,Bay-We-stBay,Bay,West Bay-5,1,LW,Estuary
Bay-We-stBay-6,30.2628,-85.8469,Bay-We-stBay,Bay,West Bay-6,1,LW,Estuary
Bay-We-stBay-7,30.2581,-85.847,Bay-We-stBay,Bay,West Bay-7,1,LW,Estuary
Bay-We-stBay-8,30.2534,-85.8468,Bay-We-stBay,Bay,West Bay-8,1,LW,Estuary
Bay-We-stBay-9,30.2487,-85.8455,Bay-We-stBay,Bay,West Bay-9,1,LW,Estuary
Bra-Bedford-1,29.8101,-82.0539,Bra-Bedford,Bradford,Bedford,1,LW,Lake
Bra-Bedford-2,29.8094,-82.0504,Bra-Bedford,Bradford,Bedford,2,LW,Lake
Bra-Bedford-3,29.8085,-82.0641,Bra-Bedford,Bradford,Bedford,3,LW,Lake
Bra-Bolt-1,29.7983,-82.0542,Bra-Bolt,Bradford,Bolt,1,LW,Lake
Bra-Bolt-2,29.7976,-82.0538,Bra-Bolt,Bradford,Bolt,2,LW,Lake
Bra-Bolt-3,29.7969,-82.0536,Bra-Bolt,Bradford,Bolt,3,LW,Lake
Bra-Crosby-1,29.9372,-82.1579,Bra-Crosby,Bradford,Crosby,1,LW,Lake
Bra-Crosby-2,29.9407,-82.157,Bra-Crosby,Bradford,Crosby,2,LW,Lake
Bra-Crosby-3,29.945,-82.1561,Bra-Crosby,Bradford,Crosby,3,LW,Lake
Bra-DeValerio-1,29.9069,-82.1711,Bra-DeValerio,Bradford,DeValerio,1,LW,Lake
Bra-DeValerio-2,29.9068,-82.1704,Bra-DeValerio,Bradford,DeValerio,2,LW,Lake
Bra-DeValerio-3,29.9068,-82.1696,Bra-DeValerio,Bradford,DeValerio,3,LW,Lake
Bra-Hampton-1,29.8644,-82.1686,Bra-Hampton,Bradford,Hampton,1,LW,Lake
Bra-Hampton-2,29.8578,-82.1678,Bra-Hampton,Bradford,Hampton,2,LW,Lake
Bra-Hampton-3,29.8528,-82.1674,Bra-Hampton,Bradford,Hampton,3,LW,Lake
Bra-Paradise-1,29.7878,-82.0482,Bra-Paradise,Bradford,Paradise,1,LW,Lake
Bra-Paradise-2,29.7874,-82.0475,Bra-Paradise,Bradford,Paradise,2,LW,Lake
Bra-Paradise-3,29.7869,-82.0467,Bra-Paradise,Bradford,Paradise,3,LW,Lake
Bra-ParadiseW-1,29.7906,-82.0493,Bra-ParadiseW,Bradford,Paradise West,1,LW,Lake
Bra-ParadiseW-2,29.7903,-82.0492,Bra-ParadiseW,Bradford,Paradise West,2,LW,Lake
Bra-ParadiseW-3,29.79,-82.0492,Bra-ParadiseW,Bradford,Paradise West,3,LW,Lake
Bra-Rowell-1,29.922,-82.1619,Bra-Rowell,Bradford,Rowell,1,LW,Lake
Bra-Rowell-2,29.9223,-82.1637,Bra-Rowell,Bradford,Rowell,2,LW,Lake
Bra-Rowell-3,29.9216,-82.1662,Bra-Rowell,Bradford,Rowell,3,LW,Lake
Bra-Rowell-4,29.9192,-82.159,Bra-Rowell,Bradford,Rowell,4,LW,Lake
Bra-Rowell-5,29.9167,-82.1587,Bra-Rowell,Bradford,Rowell,5,LW,Lake
Bra-Sampson-1,29.9318,-82.1898,Bra-Sampson,Bradford,Sampson,1,LW,Lake
Bra-Sampson-2,29.9256,-82.1903,Bra-Sampson,Bradford,Sampson,2,LW,Lake
Bra-Sampson-3,29.9185,-82.1897,Bra-Sampson,Bradford,Sampson,3,LW,Lake
Bra-Silver-1,29.799,-82.0608,Bra-Silver,Bradford,Silver,1,LW,Lake
Bra-Silver-2,29.7972,-82.0589,Bra-Silver,Bradford,Silver,2,LW,Lake
Bra-Silver-3,29.7963,-82.0606,Bra-Silver,Bradford,Silver,3,LW,Lake
Bre-BlueTrail-1,28.4722,-80.7207,Bre-BlueTrail,Brevard,Blue Trail-1,1,LW,Estuary
Bre-Clark-1,27.9394,-80.6021,Bre-Clark,Brevard,Clark,1,LW,Lake
Bre-Clark-2,27.9393,-80.6028,Bre-Clark,Brevard,Clark,2,LW,Lake
Bre-Clear-1,28.3849,-80.7588,Bre-Clear,Brevard,Clear,1,LW,Lake
Bre-Clear-2,28.3856,-80.7603,Bre-Clear,Brevard,Clear,2,LW,Lake
Bre-Clear-3,28.3851,-80.7611,Bre-Clear,Brevard,Clear,3,LW,Lake
Bre-Forest-1,28.3573,-80.7987,Bre-Forest,Brevard,Forest,1,LW,Lake
Bre-Forest-2,28.3562,-80.7983,Bre-Forest,Brevard,Forest,2,LW,Lake
Bre-Forest-3,28.3542,-80.7982,Bre-Forest,Brevard,Forest,3,LW,Lake
Bre-Fox-1,28.5879,-80.8705,Bre-Fox,Brevard,Fox,1,LW,Lake
Bre-Fox-2,28.5922,-80.8679,Bre-Fox,Brevard,Fox,2,LW,Lake
Bre-Fox-3,28.5972,-80.8677,Bre-Fox,Brevard,Fox,3,LW,Lake
Bre-HolladayP-1,28.2263,-80.6494,Bre-HolladayP,Brevard,Holladay Pond,1,LW,Lake
Bre-HolladayP-2,28.226,-80.6497,Bre-HolladayP,Brevard,Holladay Pond,2,LW,Lake
Bre-HolladayP-3,28.2276,-80.6497,Bre-HolladayP,Brevard,Holladay Pond,3,LW,Lake
Bre-IRLMaxBreBrdg-1,28.617,-80.803,Bre-IRLMaxBreBrdg,Brevard,IRL Max Brewer Bridge-1,1,LW,Estuary
Bre-IRLMaxBreBrdg-2,28.6266,-80.7906,Bre-IRLMaxBreBrdg,Brevard,IRL Max Brewer Bridge-2,1,LW,Estuary
Bre-IRLMaxBreBrdg-3,28.6261,-80.7899,Bre-IRLMaxBreBrdg,Brevard,IRL Max Brewer Bridge-3,1,LW,Estuary
Bre-IRLMaxBreBrdg-4,28.6141,-80.8023,Bre-IRLMaxBreBrdg,Brevard,IRL Max Brewer Bridge-4,1,LW,Estuary
Bre-Palm-1,28.3999,-80.6689,Bre-Palm,Brevard,Palm,1,LW,Lake
Bre-Palm-2,28.3997,-80.669,Bre-Palm,Brevard,Palm,2,LW,Lake
Bre-Palm-3,28.3993,-80.669,Bre-Palm,Brevard,Palm,3,LW,Lake
Bre-Park-1,28.3725,-80.8116,Bre-Park,Brevard,Park,1,LW,Lake
Bre-Park-2,28.3725,-80.8117,Bre-Park,Brevard,Park,2,LW,Lake
Bre-Park-3,28.3724,-80.8117,Bre-Park,Brevard,Park,3,LW,Lake
Bre-ParkwayM-1,28.1516,-80.6707,Bre-ParkwayM,Brevard,Parkway Meadows,1,LW,Lake
Bre-ParkwayM-2,28.1525,-80.6686,Bre-ParkwayM,Brevard,Parkway Meadows,2,LW,Lake
Bre-ParkwayM-3,28.1525,-80.667,Bre-ParkwayM,Brevard,Parkway Meadows,3,LW,Lake
Bre-Poinsett-1,28.3501,-80.8616,Bre-Poinsett,Brevard,Poinsett,1,LW,Lake
Bre-Poinsett-2,28.3399,-80.8362,Bre-Poinsett,Brevard,Poinsett,2,LW,Lake
Bre-Poinsett-3,28.3296,-80.8151,Bre-Poinsett,Brevard,Poinsett,3,LW,Lake
Bre-SouthLak-1,28.6134,-80.8687,Bre-SouthLak,Brevard,South Lake,1,LW,Lake
Bre-SouthLak-2,28.62,-80.8701,Bre-SouthLak,Brevard,South Lake,2,LW,Lake
Bre-SouthLak-3,28.6281,-80.8708,Bre-SouthLak,Brevard,South Lake,3,LW,Lake
Bre-Sunbeam-1,28.4262,-80.7139,Bre-Sunbeam,Brevard,Sunbeam,1,LW,Lake
Bre-Sunbeam-2,28.4263,-80.7146,Bre-Sunbeam,Brevard,Sunbeam,2,LW,Lake
Bre-Sunbeam-3,28.4262,-80.7156,Bre-Sunbeam,Brevard,Sunbeam,3,LW,Lake
Bre-Timber-1,28.0907,-80.6864,Bre-Timber,Brevard,Timber,1,LW,Lake
Bre-Timber-2,28.0906,-80.6854,Bre-Timber,Brevard,Timber,2,LW,Lake
Bre-Timber-3,28.0904,-80.6846,Bre-Timber,Brevard,Timber,3,LW,Lake
Bre-Valkaria-1,27.9564,-80.6157,Bre-Valkaria,Brevard,Valkaria,1,LW,Lake
Bre-Valkaria-2,27.9555,-80.617,Bre-Valkaria,Brevard,Valkaria,2,LW,Lake
Bre-Valkaria-3,27.9553,-80.6151,Bre-Valkaria,Brevard,Valkaria,3,LW,Lake
Bre-Washingt-1,28.1252,-80.7506,Bre-Washingt,Brevard,Washington,1,LW,Lake
Bre-Washingt-2,28.143,-80.7458,Bre-Washingt,Brevard,Washington,2,LW,Lake
Bre-Washingt-3,28.1656,-80.7454,Bre-Washingt,Brevard,Washington,3,LW,Lake
Bre-Yancey-1,28.3641,-80.7911,Bre-Yancey,Brevard,Yancey,1,LW,Lake
Bre-Yancey-2,28.3646,-80.7835,Bre-Yancey,Brevard,Yancey,2,LW,Lake
Bre-Yancey-3,28.365,-80.7833,Bre-Yancey,Brevard,Yancey,3,LW,Lake
Bro-Alex-1,26.0368,-80.1961,Bro-Alex,Broward,Alex,1,LW,Lake
Bro-Alex-2,26.0368,-80.1965,Bro-Alex,Broward,Alex,2,LW,Lake
Bro-Alex-3,26.0369,-80.1968,Bro-Alex,Broward,Alex,3,LW,Lake
Bro-BonnetSl-1,26.1347,-80.1044,Bro-BonnetSl,Broward,Bonnet Slough,1,LW,Lake
Bro-BonnetSl-2,26.135,-80.1043,Bro-BonnetSl,Broward,Bonnet Slough,2,LW,Lake
Bro-BonnetSl-3,26.1356,-80.1043,Bro-BonnetSl,Broward,Bonnet Slough,3,LW,Lake
Bro-CherryCK-1,26.1778,-80.1255,Bro-CherryCK,Broward,Cherry Creek-1,1,LW,River/Stream
Bro-CherryCK-2,26.1766,-80.1257,Bro-CherryCK,Broward,Cherry Creek-2,1,LW,River/Stream
Bro-CherryCK-3,26.1748,-80.1257,Bro-CherryCK,Broward,Cherry Creek-3,1,LW,River/Stream
Bro-Cliff-1,26.1066,-80.131,Bro-Cliff,Broward,Cliff,1,LW,Lake
Bro-Cliff-2,26.1059,-80.1312,Bro-Cliff,Broward,Cliff,2,LW,Lake
Bro-Cliff-3,26.1047,-80.1319,Bro-Cliff,Broward,Cliff,3,LW,Lake
Bro-Crossbow-1,26.0307,-80.3496,Bro-Crossbow,Broward,Crossbow,1,LW,Lake
Bro-Crossbow-2,26.0308,-80.3498,Bro-Crossbow,Broward,Crossbow,2,LW,Lake
Bro-Crossbow-3,26.0307,-80.3501,Bro-Crossbow,Broward,Crossbow,3,LW,Lake
Bro-Delevoe-1,26.1256,-80.1737,Bro-Delevoe,Broward,Delevoe,1,LW,Lake
Bro-Delevoe-2,26.1256,-80.1746,Bro-Delevoe,Broward,Delevoe,2,LW,Lake
Bro-Delevoe-3,26.1255,-80.1759,Bro-Delevoe,Broward,Delevoe,3,LW,Lake
Bro-Desoto-1,25.9753,-80.1729,Bro-Desoto,Broward,Desoto,1,LW,Lake
Bro-Desoto-2,25.9781,-80.1732,Bro-Desoto,Broward,Desoto,2,LW,Lake
Bro-Desoto-3,25.9811,-80.1734,Bro-Desoto,Broward,Desoto,3,LW,Lake
Bro-E-1,26.0767,-80.2172,Bro-E,Broward,E,1,LW,Lake
Bro-E-2,26.0754,-80.2181,Bro-E,Broward,E,2,LW,Lake
Bro-E-3,26.0744,-80.2191,Bro-E,Broward,E,3,LW,Lake
Bro-East-1,26.1799,-80.1232,Bro-East,Broward,East,1,LW,Lake
Bro-East-2,26.1798,-80.1246,Bro-East,Broward,East,2,LW,Lake
Bro-East-3,26.1799,-80.1223,Bro-East,Broward,East,3,LW,Lake
Bro-Estancia-1,26.0009,-80.4036,Bro-Estancia,Broward,Estancia,1,LW,Lake
Bro-Estancia-2,26.0014,-80.403,Bro-Estancia,Broward,Estancia,2,LW,Lake
Bro-Estancia-3,26.0019,-80.4013,Bro-Estancia,Broward,Estancia,3,LW,Lake
Bro-Es-Ft-Lau-1,26.0514,-80.1854,Bro-Es-Ft-Lau,Broward,Estates of Ft. Lauderdale,1,LW,Lake
Bro-Es-Ft-Lau-2,26.0539,-80.183,Bro-Es-Ft-Lau,Broward,Estates of Ft. Lauderdale,2,LW,Lake
Bro-Es-Ft-Lau-3,26.0533,-80.1799,Bro-Es-Ft-Lau,Broward,Estates of Ft. Lauderdale,3,LW,Lake
Bro-Everglad-1,26.0611,-80.4452,Bro-Everglad,Broward,Everglades,1,LW,Lake
Bro-Everglad-2,26.0609,-80.4456,Bro-Everglad,Broward,Everglades,2,LW,Lake
Bro-Everglad-3,26.0604,-80.4465,Bro-Everglad,Broward,Everglades,3,LW,Lake
Bro-Flaming1-1,26.0496,-80.3035,Bro-Flaming1,Broward,Flamingo,1,LW,Lake
Bro-Flaming1-2,26.0492,-80.3045,Bro-Flaming1,Broward,Flamingo,2,LW,Lake
Bro-Flaming1-3,26.0487,-80.3049,Bro-Flaming1,Broward,Flamingo,3,LW,Lake
Bro-Flaming2-1,26.0552,-80.3041,Bro-Flaming2,Broward,Flamingo 2,1,LW,Lake
Bro-Flaming2-2,26.0554,-80.3052,Bro-Flaming2,Broward,Flamingo 2,2,LW,Lake
Bro-Flaming2-3,26.0554,-80.3054,Bro-Flaming2,Broward,Flamingo 2,3,LW,Lake
Bro-Helen-1,26.1402,-80.104,Bro-Helen,Broward,Helen,1,LW,Lake
Bro-Helen-2,26.1397,-80.104,Bro-Helen,Broward,Helen,2,LW,Lake
Bro-Heritage-1,26.1075,-80.2281,Bro-Heritage,Broward,Heritage,1,LW,Lake
Bro-Heritage-2,26.1069,-80.227,Bro-Heritage,Broward,Heritage,2,LW,Lake
Bro-Heritage-3,26.1067,-80.2255,Bro-Heritage,Broward,Heritage,3,LW,Lake
Bro-HolidayP-1,26.1074,-80.6043,Bro-HolidayP,Broward,Holiday Park,1,LW,Lake
Bro-HolidayP-2,26.0975,-80.5966,Bro-HolidayP,Broward,Holiday Park,2,LW,Lake
Bro-HolidayP-3,26.0789,-80.5826,Bro-HolidayP,Broward,Holiday Park,3,LW,Lake
Bro-Jacar13-1,26.1441,-80.2846,Bro-Jacar13,Broward,Jacaranda 13,1,LW,Lake
Bro-Jacar13-2,26.1429,-80.2846,Bro-Jacar13,Broward,Jacaranda 13,2,LW,Lake
Bro-Jacar13-3,26.1434,-80.286,Bro-Jacar13,Broward,Jacaranda 13,3,LW,Lake
Bro-Jacar4-1,26.1392,-80.2729,Bro-Jacar4,Broward,Jacaranda 4,1,LW,Lake
Bro-Jacar4-2,26.1423,-80.273,Bro-Jacar4,Broward,Jacaranda 4,2,LW,Lake
Bro-Jacar4-3,26.1438,-80.2748,Bro-Jacar4,Broward,Jacaranda 4,3,LW,Lake
Bro-Long-1,26.1416,-80.1041,Bro-Long,Broward,Long,1,LW,Lake
Bro-Long-2,26.1433,-80.104,Bro-Long,Broward,Long,2,LW,Lake
Bro-Long-3,26.1449,-80.1039,Bro-Long,Broward,Long,3,LW,Lake
Bro-Markham-1,26.1317,-80.3573,Bro-Markham,Broward,Markham,1,LW,Lake
Bro-Markham-2,26.1338,-80.3546,Bro-Markham,Broward,Markham,2,LW,Lake
Bro-Markham-3,26.1361,-80.3546,Bro-Markham,Broward,Markham,3,LW,Lake
Bro-Melva-1,26.1448,-80.1215,Bro-Melva,Broward,Melva,1,LW,Lake
Bro-Melva-2,26.1454,-80.1215,Bro-Melva,Broward,Melva,2,LW,Lake
Bro-Melva-3,26.1457,-80.1215,Bro-Melva,Broward,Melva,3,LW,Lake
Bro-NCL-1,26.2995,-80.2631,Bro-NCL,Broward,NCL,1,LW,Lake
Bro-NCL-2,26.2999,-81.263,Bro-NCL,Broward,NCL,2,LW,Lake
Bro-NCL-3,26.3003,-80.2631,Bro-NCL,Broward,NCL,3,LW,Lake
Bro-North-1,26.1406,-80.104,Bro-North,Broward,North,1,LW,Lake
Bro-North-2,26.1404,-80.104,Bro-North,Broward,North,2,LW,Lake
Bro-North-3,26.1404,-80.104,Bro-North,Broward,North,3,LW,Lake
Bro-Pembroke-Isles-1,26.0142,-80.3711,Bro-Pembroke-Isles,Broward,Pembroke Isles,1,LW,Lake
Bro-Pembroke-Isles-2,26.0186,-80.3715,Bro-Pembroke-Isles,Broward,Pembroke Isles,2,LW,Lake
Bro-Pembroke-Isles-3,26.0254,-80.3722,Bro-Pembroke-Isles,Broward,Pembroke Isles,3,LW,Lake
Bro-QuietWat-1,26.3067,-80.1601,Bro-QuietWat,Broward,Quiet Waters,1,LW,Lake
Bro-QuietWat-2,26.3077,-80.1616,Bro-QuietWat,Broward,Quiet Waters,2,LW,Lake
Bro-QuietWat-3,26.3091,-80.1618,Bro-QuietWat,Broward,Quiet Waters,3,LW,Lake
Bro-Riley-1,26.1015,-80.3605,Bro-Riley,Broward,Riley,1,LW,Lake
Bro-Riley-2,26.1149,-80.3612,Bro-Riley,Broward,Riley,2,LW,Lake
Bro-Riley-3,26.1156,-80.3616,Bro-Riley,Broward,Riley,3,LW,Lake
Bro-Rock Cree-1,26.041,-80.303,Bro-Rock Cree,Broward,Rock Creek,1,LW,Lake
Bro-Rock Cree-2,26.039,-80.301,Bro-Rock Cree,Broward,Rock Creek,2,LW,Lake
Bro-Rock Cree-3,26.032,-80.3051,Bro-Rock Cree,Broward,Rock Creek,3,LW,Lake
Bro-RoyalPalm-1,26.1082,-81.2448,Bro-RoyalPalm,Broward,Royal Palm,1,LW,Lake
Bro-RoyalPalm-2,26.108,-80.2435,Bro-RoyalPalm,Broward,Royal Palm,2,LW,Lake
Bro-RoyalPalm-3,26.108,-80.2424,Bro-RoyalPalm,Broward,Royal Palm,3,LW,Lake
Bro-Seneca-1,26.2033,-80.0986,Bro-Seneca,Broward,Seneca,1,LW,Lake
Bro-Seneca-2,26.2021,-80.0982,Bro-Seneca,Broward,Seneca,2,LW,Lake
Bro-Seneca-3,26.1998,-80.0984,Bro-Seneca,Broward,Seneca,3,LW,Lake
Bro-Silver-1,26.0255,-80.3786,Bro-Silver,Broward,Silver,1,LW,Lake
Bro-Silver-2,26.0253,-80.3794,Bro-Silver,Broward,Silver,2,LW,Lake
Bro-Silver-3,26.0253,-80.3802,Bro-Silver,Broward,Silver,3,LW,Lake
Bro-Silver3-1,25.9833,-80.3787,Bro-Silver3,Broward,Silver 3,1,LW,Lake
Bro-Silver3-2,25.9879,-80.3809,Bro-Silver3,Broward,Silver 3,2,LW,Lake
Bro-Silver3-3,25.9833,-80.3829,Bro-Silver3,Broward,Silver 3,3,LW,Lake
Bro-South-1,26.139,-80.104,Bro-South,Broward,South,1,LW,Lake
Bro-South-2,26.1387,-80.104,Bro-South,Broward,South,2,LW,Lake
Bro-Stirling-1,26.049,-80.2804,Bro-Stirling,Broward,Stirling,1,LW,Lake
Bro-Stirling-2,26.0487,-80.2821,Bro-Stirling,Broward,Stirling,2,LW,Lake
Bro-Stirling-3,26.049,-80.2834,Bro-Stirling,Broward,Stirling,3,LW,Lake
Bro-Tarpon-1,26.0288,-80.1296,Bro-Tarpon,Broward,Tarpon,1,LW,Lake
Bro-Tarpon-2,26.0302,-80.1312,Bro-Tarpon,Broward,Tarpon,2,LW,Lake
Bro-Tarpon-3,26.0279,-80.1301,Bro-Tarpon,Broward,Tarpon,3,LW,Lake
Bro-Topeekeeg-1,26.0354,-80.1699,Bro-Topeekeeg,Broward,Topeekeegee,1,LW,Lake
Bro-Topeekeeg-2,26.0351,-80.1716,Bro-Topeekeeg,Broward,Topeekeegee,2,LW,Lake
Bro-Topeekeeg-3,26.0347,-80.1731,Bro-Topeekeeg,Broward,Topeekeegee,3,LW,Lake
Bro-Tree Tops-1,26.0666,-80.2774,Bro-Tree Tops,Broward,Tree Tops,1,LW,Lake
Bro-Tree Tops-2,26.0675,-80.2778,Bro-Tree Tops,Broward,Tree Tops,2,LW,Lake
Bro-Tree Tops-3,26.0679,-80.2795,Bro-Tree Tops,Broward,Tree Tops,3,LW,Lake
Bro-Tyrano-1,26.0956,-80.2235,Bro-Tyrano,Broward,Tyrano,1,LW,Lake
Bro-Tyrano-2,26.0964,-80.2226,Bro-Tyrano,Broward,Tyrano,2,LW,Lake
Bro-Tyrano-3,26.0983,-80.2209,Bro-Tyrano,Broward,Tyrano,3,LW,Lake
Bro-WCA-3-1,26.0254,-80.5002,Bro-WCA-3,Broward,WCA-3,1,LW,Lake
Bro-WCA-3-2,25.9223,-80.5775,Bro-WCA-3,Broward,WCA-3,2,LW,Lake
Bro-WCA-3-3,25.8197,-80.655,Bro-WCA-3,Broward,WCA-3,3,LW,Lake
Bro-West-1,26.1785,-80.1265,Bro-West,Broward,West,1,LW,Lake
Bro-West-2,26.1798,-80.1266,Bro-West,Broward,West,2,LW,Lake
Bro-West-3,26.18,-80.1276,Bro-West,Broward,West,3,LW,Lake
Bro-WestAKNC-1,26.0363,-80.124,Bro-WestAKNC,Broward,West AKNC,1,LW,Lake
Bro-WestAKNC-2,26.0299,-80.1231,Bro-WestAKNC,Broward,West AKNC,2,LW,Lake
Bro-WestAKNC-3,26.0232,-80.1241,Bro-WestAKNC,Broward,West AKNC,3,LW,Lake
Bro-Westport1-1,26.1256,-80.2959,Bro-Westport1,Broward,Westport 1,1,LW,Lake
Bro-Westport1-2,26.1269,-80.2944,Bro-Westport1,Broward,Westport 1,2,LW,Lake
Bro-Westport1-3,26.1268,-80.296,Bro-Westport1,Broward,Westport 1,3,LW,Lake
Bro-Westport2-1,26.1295,-80.2943,Bro-Westport2,Broward,Westport 2,1,LW,Lake
Bro-Westport2-2,26.1284,-80.2942,Bro-Westport2,Broward,Westport 2,2,LW,Lake
Bro-Westport2-3,26.128,-80.2959,Bro-Westport2,Broward,Westport 2,3,LW,Lake
Bro-Winderm-1,26.0528,-80.174,Bro-Winderm,Broward,Windermere,1,LW,Lake
Bro-Winderm-2,26.0517,-80.1742,Bro-Winderm,Broward,Windermere,2,LW,Lake
Bro-Winderm-3,26.0508,-80.1743,Bro-Winderm,Broward,Windermere,3,LW,Lake
Cal-Chipola-R-1,30.4992,-85.1599,Cal-Chipola-R,Calhoun,Chipola River-1,1,LW,River/Stream
Cal-Chipola-R-2,30.5102,-85.1576,Cal-Chipola-R,Calhoun,Chipola River-2,1,LW,River/Stream
Cal-Chipola-R-3,30.5165,-85.1609,Cal-Chipola-R,Calhoun,Chipola River-3,1,LW,River/Stream
Cha-Aquarius-1,26.9175,-82.1989,Cha-Aquarius,Charlotte,Aquarius,1,LW,Lake
Cha-Aquarius-2,26.9186,-82.2026,Cha-Aquarius,Charlotte,Aquarius,2,LW,Lake
Cha-Aquarius-3,26.9186,-82.1962,Cha-Aquarius,Charlotte,Aquarius,3,LW,Lake
Cha-Bal-Harbr-1,26.8911,-82.0661,Cha-Bal-Harbr,Charlotte,Bal Harbor,1,LW,Estuary
Cha-Bass-1,26.9191,-82.0791,Cha-Bass,Charlotte,Bass,1,LW,Estuary
Cha-Breakers-1,26.9249,-82.0646,Cha-Breakers,Charlotte,Breakers,1,LW,Estuary
Cha-Broadm-Ck-1,26.906,-82.2589,Cha-Broadm-Ck,Charlotte,Broadmoor Creek,1,LW,Lake
Cha-Broadm-Ck-2,26.9015,-82.2638,Cha-Broadm-Ck,Charlotte,Broadmoor Creek,2,LW,Lake
Cha-Broadm-Ck-3,26.8992,-82.2664,Cha-Broadm-Ck,Charlotte,Broadmoor Creek,3,LW,Lake
Cha-Broadm-Rr-1,26.9139,-82.2697,Cha-Broadm-Rr,Charlotte,Broadmoor River,1,LW,Lake
Cha-Broadm-Rr-2,26.9122,-82.2628,Cha-Broadm-Rr,Charlotte,Broadmoor River,2,LW,Lake
Cha-Broadm-Rr-3,26.909300000000002,-82.2576,Cha-Broadm-Rr,Charlotte,Broadmoor River,3,LW,Lake
Cha-BuckCk-Wr-1,26.8977,-82.296,Cha-BuckCk-Wr,Charlotte,Buck Creek Weir,1,LW,Lake
Cha-BuckCk-Wr-2,26.8964,-82.2968,Cha-BuckCk-Wr,Charlotte,Buck Creek Weir,2,LW,Lake
Cha-BuckCk-Wr-3,26.8951,-82.2964,Cha-BuckCk-Wr,Charlotte,Buck Creek Weir,3,LW,Lake
Cha-Butterfd-1,26.9162,-82.226,Cha-Butterfd,Charlotte,Butterford,1,LW,Lake
Cha-Butterfd-2,26.9161,-82.2203,Cha-Butterfd,Charlotte,Butterford,2,LW,Lake
Cha-Butterfd-3,26.9161,-82.215,Cha-Butterfd,Charlotte,Butterford,3,LW,Lake
Cha-Candia-1,26.8969,-82.0443,Cha-Candia,Charlotte,Candia,1,LW,Estuary
Cha-CasadeMed-1,26.914,-82.3141,Cha-CasadeMed,Charlotte,Casa de Meadows,1,LW,Lake
Cha-CasadeMed-2,26.914,-82.3148,Cha-CasadeMed,Charlotte,Casa de Meadows,2,LW,Lake
Cha-CasadeMed-3,26.9141,-82.3158,Cha-CasadeMed,Charlotte,Casa de Meadows,3,LW,Lake
Cha-ColonyPt-1,26.9098,-82.0868,Cha-ColonyPt,Charlotte,Colony Point,1,LW,Estuary
Cha-Co-Creek-1,26.8394,-82.2681,Cha-Co-Creek,Charlotte,Coral Creek-1,1,LW,River/Stream
Cha-Co-Creek-2,26.846,-82.2712,Cha-Co-Creek,Charlotte,Coral Creek-2,1,LW,River/Stream
Cha-Co-Creek-3,26.8485,-82.2712,Cha-Co-Creek,Charlotte,Coral Creek-3,1,LW,River/Stream
Cha-Co-Creek-4,26.8453,-82.2769,Cha-Co-Creek,Charlotte,Coral Creek-4,1,LW,River/Stream
Cha-L-4-1,26.911,-82.2653,Cha-L-4,Charlotte,L-4,1,LW,Lake
Cha-L-4-2,26.9108,-82.2651,Cha-L-4,Charlotte,L-4,2,LW,Lake
Cha-L-4-3,26.9108,-82.2651,Cha-L-4,Charlotte,L-4,3,LW,Lake
Cha-L-6-1,26.9094,-82.2646,Cha-L-6,Charlotte,L-6,1,LW,Lake
Cha-L-6-2,26.909300000000002,-82.2643,Cha-L-6,Charlotte,L-6,2,LW,Lake
Cha-L-6-3,26.9092,-82.264,Cha-L-6,Charlotte,L-6,3,LW,Lake
Cha-L-9-1,26.9069,-82.2653,Cha-L-9,Charlotte,L-9,1,LW,Lake
Cha-L-9-2,26.9069,-82.2651,Cha-L-9,Charlotte,L-9,2,LW,Lake
Cha-L-9-3,26.9068,-82.2649,Cha-L-9,Charlotte,L-9,3,LW,Lake
Cha-Lagoon-1,26.8733,-82.1773,Cha-Lagoon,Charlotte,Lagoon,1,LW,Lake
Cha-Lagoon-2,26.8727,-82.1742,Cha-Lagoon,Charlotte,Lagoon,2,LW,Lake
Cha-Lagoon-3,26.8738,-82.1759,Cha-Lagoon,Charlotte,Lagoon,3,LW,Lake
Cha-LC-1-1,26.8806,-82.3081,Cha-LC-1,Charlotte,LC-1,1,LW,Estuary
Cha-LC-2-1,26.8789,-82.3084,Cha-LC-2,Charlotte,LC-2,1,LW,Estuary
Cha-LC-3-1,26.878,-82.308,Cha-LC-3,Charlotte,LC-3,1,LW,Estuary
Cha-Lock-1,26.9406,-82.1961,Cha-Lock,Charlotte,Lock,1,LW,Lake
Cha-Lock-2,26.9303,-82.1986,Cha-Lock,Charlotte,Lock,2,LW,Lake
Cha-Lock-3,26.9195,-82.2069,Cha-Lock,Charlotte,Lock,3,LW,Lake
Cha-Longm-Rr-1,26.9057,-82.2533,Cha-Longm-Rr,Charlotte,Longmeadow River,1,LW,Lake
Cha-Longm-Rr-2,26.9018,-82.2505,Cha-Longm-Rr,Charlotte,Longmeadow River,2,LW,Lake
Cha-Longm-Rr-3,26.8962,-82.2485,Cha-Longm-Rr,Charlotte,Longmeadow River,3,LW,Lake
Cha-Marina-1,26.872,-82.2325,Cha-Marina,Charlotte,Marina,1,LW,Lake
Cha-Marina-2,26.8742,-82.2333,Cha-Marina,Charlotte,Marina,2,LW,Lake
Cha-Marina-3,26.8762,-82.2333,Cha-Marina,Charlotte,Marina,3,LW,Lake
Cha-Monaco-1,26.8825,-82.0286,Cha-Monaco,Charlotte,Monaco,1,LW,Estuary
Cha-NaturePk-1,26.9089,-82.0667,Cha-NaturePk,Charlotte,Nature Park,1,LW,Estuary
Cha-OaklH-Ed-1,26.8791,-82.2914,Cha-OaklH-Ed,Charlotte,Oakland Hills End,1,LW,Lake
Cha-OaklH-Ed-2,26.8782,-82.2901,Cha-OaklH-Ed,Charlotte,Oakland Hills End,2,LW,Lake
Cha-OaklH-Ed-3,26.8774,-82.2897,Cha-OaklH-Ed,Charlotte,Oakland Hills End,3,LW,Lake
Cha-OaklH-Rr-1,26.8807,-82.2931,Cha-OaklH-Rr,Charlotte,Oakland Hills River,1,LW,Lake
Cha-OaklH-Rr-2,26.8855,-82.2958,Cha-OaklH-Rr,Charlotte,Oakland Hills River,2,LW,Lake
Cha-OaklH-Rr-3,26.8875,-82.2965,Cha-OaklH-Rr,Charlotte,Oakland Hills River,3,LW,Lake
Cha-PebblB-Ck-1,26.9062,-82.2886,Cha-PebblB-Ck,Charlotte,Pebble Beach Creek,1,LW,Lake
Cha-PebblB-Ck-2,26.9034,-82.2854,Cha-PebblB-Ck,Charlotte,Pebble Beach Creek,2,LW,Lake
Cha-PebblB-Ck-3,26.8979,-82.2793,Cha-PebblB-Ck,Charlotte,Pebble Beach Creek,3,LW,Lake
Cha-PebblB-Rr-1,26.8936,-82.2966,Cha-PebblB-Rr,Charlotte,Pebble Beach River,1,LW,Lake
Cha-PebblB-Rr-2,26.8999,-82.2959,Cha-PebblB-Rr,Charlotte,Pebble Beach River,2,LW,Lake
Cha-PebblB-Rr-3,26.9038,-82.294,Cha-PebblB-Rr,Charlotte,Pebble Beach River,3,LW,Lake
Cha-PineV-Ed-1,26.8709,-82.2722,Cha-PineV-Ed,Charlotte,Pine Valley End,1,LW,Lake
Cha-PineV-Ed-2,26.8711,-82.2705,Cha-PineV-Ed,Charlotte,Pine Valley End,2,LW,Lake
Cha-PineV-Ed-3,26.8712,-82.2686,Cha-PineV-Ed,Charlotte,Pine Valley End,3,LW,Lake
Cha-PineV-Wr-1,26.8862,-82.2669,Cha-PineV-Wr,Charlotte,Pine Valley Weir,1,LW,Lake
Cha-PineV-Wr-2,26.8857,-82.2662,Cha-PineV-Wr,Charlotte,Pine Valley Weir,2,LW,Lake
Cha-PineV-Wr-3,26.8851,-82.2657,Cha-PineV-Wr,Charlotte,Pine Valley Weir,3,LW,Lake
Cha-Pineh-Rr-1,26.9098,-82.2882,Cha-Pineh-Rr,Charlotte,Pinehurst River,1,LW,Lake
Cha-Pineh-Rr-2,26.912,-82.2842,Cha-Pineh-Rr,Charlotte,Pinehurst River,2,LW,Lake
Cha-Pineh-Rr-3,26.9142,-82.2755,Cha-Pineh-Rr,Charlotte,Pinehurst River,3,LW,Lake
Cha-Pond1-1,28.8879,-82.2332,Cha-Pond1,Charlotte,Pond 1,1,LW,Lake
Cha-Pond1-2,28.8881,-82.2343,Cha-Pond1,Charlotte,Pond 1,2,LW,Lake
Cha-Pond1-3,28.8878,-82.2347,Cha-Pond1,Charlotte,Pond 1,3,LW,Lake
Cha-Pond2-1,26.8856,-82.0285,Cha-Pond2,Charlotte,Pond 2,1,LW,Lake
Cha-Pond2-2,26.8854,-82.0294,Cha-Pond2,Charlotte,Pond 2,2,LW,Lake
Cha-Pond2-3,26.8852,-82.03,Cha-Pond2,Charlotte,Pond 2,3,LW,Lake
Cha-Pond3-1,26.8859,-82.0321,Cha-Pond3,Charlotte,Pond 3,1,LW,Lake
Cha-Pond3-2,26.8854,-82.0314,Cha-Pond3,Charlotte,Pond 3,2,LW,Lake
Cha-Pond3-3,26.8845,-82.0308,Cha-Pond3,Charlotte,Pond 3,3,LW,Lake
Cha-Pond4-1,26.8911,-82.0367,Cha-Pond4,Charlotte,Pond 4,1,LW,Lake
Cha-Pond4-2,26.8905,-82.0366,Cha-Pond4,Charlotte,Pond 4,2,LW,Lake
Cha-Pond4-3,26.8907,-82.0354,Cha-Pond4,Charlotte,Pond 4,3,LW,Lake
Cha-Pond5-1,26.8921,-82.0353,Cha-Pond5,Charlotte,Pond 5,1,LW,Lake
Cha-Pond5-2,26.8916,-82.0351,Cha-Pond5,Charlotte,Pond 5,2,LW,Lake
Cha-Pond5-3,26.8914,-82.0346,Cha-Pond5,Charlotte,Pond 5,3,LW,Lake
Cha-Pond6-1,26.8944,-82.0334,Cha-Pond6,Charlotte,Pond 6,1,LW,Lake
Cha-Pond6-2,26.894,-82.0335,Cha-Pond6,Charlotte,Pond 6,2,LW,Lake
Cha-Pond6-3,26.8936,-82.0338,Cha-Pond6,Charlotte,Pond 6,3,LW,Lake
Cha-Pond7-1,26.8927,-82.0318,Cha-Pond7,Charlotte,Pond 7,1,LW,Lake
Cha-Pond7-2,26.8918,-82.0306,Cha-Pond7,Charlotte,Pond 7,2,LW,Lake
Cha-Pond7-3,26.8909,-82.0304,Cha-Pond7,Charlotte,Pond 7,3,LW,Lake
Cha-Redfish-1,26.9447,-82.3171,Cha-Redfish,Charlotte,Redfish,1,LW,Lake
Cha-Redfish-2,26.9391,-82.3172,Cha-Redfish,Charlotte,Redfish,2,LW,Lake
Cha-SouthCre-1,26.8949,-82.0369,Cha-SouthCre,Charlotte,South Crete,1,LW,Lake
Cha-Spring-1,26.9746,-82.1219,Cha-Spring,Charlotte,Spring,1,LW,Lake
Cha-Spring-2,26.9745,-82.1209,Cha-Spring,Charlotte,Spring,2,LW,Lake
Cha-Spring-3,26.9745,-82.1198,Cha-Spring,Charlotte,Spring,3,LW,Lake
Cha-Staunton-1,26.8844,-82.1876,Cha-Staunton,Charlotte,Staunton,1,LW,Lake
Cha-Staunton-2,26.8811,-82.1949,Cha-Staunton,Charlotte,Staunton,2,LW,Lake
Cha-Staunton-3,26.8866,-82.1952,Cha-Staunton,Charlotte,Staunton,3,LW,Lake
Cha-Sturgeon-1,26.9381,-82.3124,Cha-Sturgeon,Charlotte,Sturgeon,1,LW,Lake
Cha-Sturgeon-2,26.9394,-82.3106,Cha-Sturgeon,Charlotte,Sturgeon,2,LW,Lake
Cha-Sunapee-1,26.9436,-82.3136,Cha-Sunapee,Charlotte,Sunapee,1,LW,Lake
Cha-Sunapee-2,26.9435,-82.3107,Cha-Sunapee,Charlotte,Sunapee,2,LW,Lake
Cha-WF-1-1,26.8772,-82.3034,Cha-WF-1,Charlotte,WF-1,1,LW,Lake
Cha-WF-1-2,26.8775,-82.3035,Cha-WF-1,Charlotte,WF-1,2,LW,Lake
Cha-WF-2-1,26.879,-82.3041,Cha-WF-2,Charlotte,WF-2,1,LW,Lake
Cha-WF-2-2,26.8787,-82.3039,Cha-WF-2,Charlotte,WF-2,2,LW,Lake
Cha-WF-2-3,26.8779,-82.3042,Cha-WF-2,Charlotte,WF-2,3,LW,Lake
Cha-WF-3-1,26.8804,-82.3055,Cha-WF-3,Charlotte,WF-3,1,LW,Lake
Cha-WF-3-2,26.8799,-82.305,Cha-WF-3,Charlotte,WF-3,2,LW,Lake
Cha-WF-3-3,26.8798,-82.3053,Cha-WF-3,Charlotte,WF-3,3,LW,Lake
Cha-WF-4-1,26.8798,-82.3059,Cha-WF-4,Charlotte,WF-4,1,LW,Lake
Cha-WF-4-2,26.88,-82.3059,Cha-WF-4,Charlotte,WF-4,2,LW,Lake
Cha-WF-5-1,26.8813,-82.3042,Cha-WF-5,Charlotte,WF-5,1,LW,Lake
Cha-WF-5-2,26.881,-82.3042,Cha-WF-5,Charlotte,WF-5,2,LW,Lake
Cha-WF-6-1,26.8772,-82.3034,Cha-WF-6,Charlotte,WF-6,1,LW,Lake
Cha-WF-6-2,26.8775,-82.3035,Cha-WF-6,Charlotte,WF-6,2,LW,Lake
Cha-WhiteM-1,26.8884,-82.2486,Cha-WhiteM,Charlotte,White Marsh,1,LW,Lake
Cha-WhiteM-2,26.8861,-82.2493,Cha-WhiteM,Charlotte,White Marsh,2,LW,Lake
Cha-WhiteM-3,26.8904,-82.2663,Cha-WhiteM,Charlotte,White Marsh,3,LW,Lake
Cha-WhiteMI-1,26.8887,-82.2485,Cha-WhiteMI,Charlotte,White Marsh Inflow,1,LW,Lake
Cha-WhiteMI-2,26.8881,-82.2483,Cha-WhiteMI,Charlotte,White Marsh Inflow,2,LW,Lake
Cha-WhiteMI-3,26.8876,-82.2488,Cha-WhiteMI,Charlotte,White Marsh Inflow,3,LW,Lake
Cha-WhiteMPond-7-1,26.9067,-82.2627,Cha-WhiteMPond-7,Charlotte,White Marsh Pond 7,1,LW,Lake
Cha-WhiteMPond-7-2,26.9066,-82.2625,Cha-WhiteMPond-7,Charlotte,White Marsh Pond 7,2,LW,Lake
Cha-WhiteMPond-7-3,26.9065,-82.2624,Cha-WhiteMPond-7,Charlotte,White Marsh Pond 7,3,LW,Lake
Cha-WhiteMW-1,26.8871,-82.2647,Cha-WhiteMW,Charlotte,White Marsh Weir,1,LW,Lake
Cha-WhiteMW-2,26.8878,-82.2655,Cha-WhiteMW,Charlotte,White Marsh Weir,2,LW,Lake
Cha-WhiteMW-3,26.8864,-82.2639,Cha-WhiteMW,Charlotte,White Marsh Weir,3,LW,Lake
Cha-Zephyr-1,26.9035,-82.2197,Cha-Zephyr,Charlotte,Zephyr,1,LW,Lake
Cha-Zephyr-2,26.9042,-82.2175,Cha-Zephyr,Charlotte,Zephyr,2,LW,Lake
Cha-Zephyr-3,26.9055,-82.2177,Cha-Zephyr,Charlotte,Zephyr,3,LW,Lake
Cit-Bellamy-1,28.9327,-82.3711,Cit-Bellamy,Citrus,Bellamy,1,LW,Lake
Cit-Bellamy-2,28.9331,-82.3734,Cit-Bellamy,Citrus,Bellamy,2,LW,Lake
Cit-Bellamy-3,28.9337,-82.3746,Cit-Bellamy,Citrus,Bellamy,3,LW,Lake
Cit-Blueb-Sp-1,28.7886,-82.58,Cit-Blueb-Sp,Citrus,Bluebird Springs,1,LW,Spring Boil
Cit-Blueb-Sp-2,28.7887,-82.5797,Cit-Blueb-Sp,Citrus,Bluebird Springs,2,LW,Spring Boil
Cit-Blueb-Sp-3,28.7887,-82.5794,Cit-Blueb-Sp,Citrus,Bluebird Springs,3,LW,Spring Boil
Cit-Blueb-Sp-4,28.789,-82.5795,Cit-Blueb-Sp,Citrus,Bluebird Springs,4,LW,Spring Boil
Cit-Ch-River-1,28.7155,-82.5769,Cit-Ch-River,Citrus,Chassahowitzka River-1,1,LW,River/Stream
Cit-Ch-River-2,28.7161,-82.5781,Cit-Ch-River,Citrus,Chassahowitzka River-2,1,LW,River/Stream
Cit-Ch-River-3,28.7162,-82.5773,Cit-Ch-River,Citrus,Chassahowitzka River-3,1,LW,River/Stream
Cit-ClubHou-1-1,28.9083,-82.387,Cit-ClubHou-1,Citrus,Club House 1,1,LW,Lake
Cit-ClubHou-1-2,28.9079,-82.3867,Cit-ClubHou-1,Citrus,Club House 1,2,LW,Lake
Cit-ClubHou-1-3,28.9074,-82.3863,Cit-ClubHou-1,Citrus,Club House 1,3,LW,Lake
Cit-ClubHou-2-1,28.9067,-82.3869,Cit-ClubHou-2,Citrus,Club House 2,1,LW,Lake
Cit-ClubHou-2-2,28.9069,-82.3873,Cit-ClubHou-2,Citrus,Club House 2,2,LW,Lake
Cit-ClubHou-2-3,28.9068,-82.3878,Cit-ClubHou-2,Citrus,Club House 2,3,LW,Lake
Cit-CooterP-2,28.8352,-82.3265,Cit-CooterP,Citrus,Cooter Pond,2,LW,Lake
Cit-Croft-1,28.8904,-82.3554,Cit-Croft,Citrus,Croft,1,LW,Lake
Cit-Croft-2,28.8936,-82.3528,Cit-Croft,Citrus,Croft,2,LW,Lake
Cit-Croft-3,28.8968,-82.3518,Cit-Croft,Citrus,Croft,3,LW,Lake
Cit-Cr-River-1,28.9052,-82.6392,Cit-Cr-River,Citrus,Crystal River-1,1,LW,River/Stream
Cit-Cr-River-2,28.8967,-82.5984,Cit-Cr-River,Citrus,Crystal River-2,1,LW,River/Stream
Cit-Cr-River-3,28.89,-82.6024,Cit-Cr-River,Citrus,Crystal River-3,1,LW,River/Stream
Cit-Cr-River-4,28.888,-82.5895,Cit-Cr-River,Citrus,Crystal River-4,1,LW,River/Stream
Cit-Cr-River-5,28.8809,-82.5949,Cit-Cr-River,Citrus,Crystal River-5,1,LW,River/Stream
Cit-Cr-River-6,28.8828,-82.602,Cit-Cr-River,Citrus,Crystal River-6,1,LW,River/Stream
Cit-Cr-River-7,28.9071,-82.6322,Cit-Cr-River,Citrus,Crystal River-7,1,LW,River/Stream
Cit-Cr-Canal1,28.8816,-82.5904,Cit-Cr-Canal1,Citrus,Crystal River-Kings Bay Canal 1,1,LW,River/Stream
Cit-Cr-Canal10,28.8811,-82.5917,Cit-Cr-Canal10,Citrus,Crystal River-Kings Bay Canal 10,1,LW,River/Stream
Cit-Cr-Canal11,28.8816,-82.5922,Cit-Cr-Canal11,Citrus,Crystal River-Kings Bay Canal 11,1,LW,River/Stream
Cit-Cr-Canal12,28.8817,-82.5927,Cit-Cr-Canal12,Citrus,Crystal River-Kings Bay Canal 12,1,LW,River/Stream
Cit-Cr-Canal13,28.8815,-82.5943,Cit-Cr-Canal13,Citrus,Crystal River-Kings Bay Canal 13,1,LW,River/Stream
Cit-Cr-Canal14,28.8814,-82.595,Cit-Cr-Canal14,Citrus,Crystal River-Kings Bay Canal 14,1,LW,River/Stream
Cit-Cr-Canal15,28.8802,-82.5963,Cit-Cr-Canal15,Citrus,Crystal River-Kings Bay Canal 15,1,LW,River/Stream
Cit-Cr-Canal16,28.8803,-82.5914,Cit-Cr-Canal16,Citrus,Crystal River-Kings Bay Canal 16,1,LW,River/Stream
Cit-Cr-Canal17,28.8798,-82.5993,Cit-Cr-Canal17,Citrus,Crystal River-Kings Bay Canal 17,1,LW,River/Stream
Cit-Cr-Canal18,28.8773,-82.5956,Cit-Cr-Canal18,Citrus,Crystal River-Kings Bay Canal 18,1,LW,River/Stream
Cit-Cr-Canal19,28.8764,-82.5981,Cit-Cr-Canal19,Citrus,Crystal River-Kings Bay Canal 19,1,LW,River/Stream
Cit-Cr-Canal2,28.8826,-82.5876,Cit-Cr-Canal2,Citrus,Crystal River-Kings Bay Canal 2,1,LW,River/Stream
Cit-Cr-Canal20,28.8829,-82.5934,Cit-Cr-Canal20,Citrus,Crystal River-Kings Bay Canal 20,1,LW,River/Stream
Cit-Cr-Canal21,28.8807,-82.5972,Cit-Cr-Canal21,Citrus,Crystal River-Kings Bay Canal 21,1,LW,River/Stream
Cit-Cr-Canal22,28.8756,-82.59,Cit-Cr-Canal22,Citrus,Crystal River-Kings Bay Canal 22,1,LW,River/Stream
Cit-Cr-Canal23,28.8754,-82.5899,Cit-Cr-Canal23,Citrus,Crystal River-Kings Bay Canal 23,1,LW,River/Stream
Cit-Cr-Canal24,28.8774,-82.5996,Cit-Cr-Canal24,Citrus,Crystal River-Kings Bay Canal 24,1,LW,River/Stream
Cit-Cr-Canal25,28.8776,-82.6003,Cit-Cr-Canal25,Citrus,Crystal River-Kings Bay Canal 25,1,LW,River/Stream
Cit-Cr-Canal26,28.8747,-82.6004,Cit-Cr-Canal26,Citrus,Crystal River-Kings Bay Canal 26,1,LW,River/Stream
Cit-Cr-Canal27,28.8775,-82.6022,Cit-Cr-Canal27,Citrus,Crystal River-Kings Bay Canal 27,1,LW,River/Stream
Cit-Cr-Canal29,28.8883,-82.6053,Cit-Cr-Canal29,Citrus,Crystal River-Kings Bay Canal 29,1,LW,River/Stream
Cit-Cr-Canal3,28.8817,-82.587,Cit-Cr-Canal3,Citrus,Crystal River-Kings Bay Canal 3,1,LW,River/Stream
Cit-Cr-Canal30,28.8806,-82.5947,Cit-Cr-Canal30,Citrus,Crystal River-Kings Bay Canal 30,1,LW,River/Stream
Cit-Cr-Canal31,28.8833,-82.5983,Cit-Cr-Canal31,Citrus,Crystal River-Kings Bay Canal 31,1,LW,River/Stream
Cit-Cr-Canal32,28.8881,-82.5983,Cit-Cr-Canal32,Citrus,Crystal River-Kings Bay Canal 32,1,LW,River/Stream
Cit-Cr-Canal33,28.8861,-82.5983,Cit-Cr-Canal33,Citrus,Crystal River-Kings Bay Canal 33,1,LW,River/Stream
Cit-Cr-Canal34,28.8936,-82.6039,Cit-Cr-Canal34,Citrus,Crystal River-Kings Bay Canal 34,1,LW,River/Stream
Cit-Cr-Canal4,28.8811,-82.5873,Cit-Cr-Canal4,Citrus,Crystal River-Kings Bay Canal 4,1,LW,River/Stream
Cit-Cr-Canal5,28.8808,-82.5911,Cit-Cr-Canal5,Citrus,Crystal River-Kings Bay Canal 5,1,LW,River/Stream
Cit-Cr-Canal6,28.8761,-82.5899,Cit-Cr-Canal6,Citrus,Crystal River-Kings Bay Canal 6,1,LW,River/Stream
Cit-Cr-Canal7,28.8802,-82.591,Cit-Cr-Canal7,Citrus,Crystal River-Kings Bay Canal 7,1,LW,River/Stream
Cit-Cr-Canal8,28.8795,-82.593,Cit-Cr-Canal8,Citrus,Crystal River-Kings Bay Canal 8,1,LW,River/Stream
Cit-Davis-1,28.8237,-82.2885,Cit-Davis,Citrus,Davis,1,LW,Lake
Cit-Davis-2,28.8223,-82.2841,Cit-Davis,Citrus,Davis,2,LW,Lake
Cit-Davis-3,28.8231,-82.2804,Cit-Davis,Citrus,Davis,3,LW,Lake
Cit-Dodd-1,28.9389,-82.3702,Cit-Dodd,Citrus,Dodd,1,LW,Lake
Cit-Dodd-2,28.9443,-82.373,Cit-Dodd,Citrus,Dodd,2,LW,Lake
Cit-Dodd-3,28.9489,-82.3747,Cit-Dodd,Citrus,Dodd,3,LW,Lake
Cit-DoddIs-1,28.9374,-82.3675,Cit-DoddIs,Citrus,Dodd Island,1,LW,Special
Cit-DoddIs-2,28.937,-82.3677,Cit-DoddIs,Citrus,Dodd Island,2,LW,Special
Cit-FloralCi-1,28.7531,-82.2836,Cit-FloralCi,Citrus,Floral City,1,LW,Lake
Cit-FloralCi-2,28.7591,-82.2825,Cit-FloralCi,Citrus,Floral City,2,LW,Lake
Cit-FloralCi-3,28.7644,-82.2811,Cit-FloralCi,Citrus,Floral City,3,LW,Lake
Cit-FloralNCi-1,28.7682,-82.2803,Cit-FloralNCi,Citrus,Floral City North,1,LW,Lake
Cit-FloralNCi-2,28.769,-82.2824,Cit-FloralNCi,Citrus,Floral City North,2,LW,Lake
Cit-FloralNCi-3,28.7691,-82.284,Cit-FloralNCi,Citrus,Floral City North,3,LW,Lake
Cit-FortCoop-1,28.8034,-82.3038,Cit-FortCoop,Citrus,Fort Cooper,1,LW,Lake
Cit-FortCoop-2,28.8045,-82.3039,Cit-FortCoop,Citrus,Fort Cooper,2,LW,Lake
Cit-FortCoop-3,28.8058,-82.3038,Cit-FortCoop,Citrus,Fort Cooper,3,LW,Lake
Cit-Gr-afBay-1,28.8095,-82.6468,Cit-Gr-afBay,Citrus,Greenleaf Bay-1,1,LW,Estuary
Cit-Gr-afBay-2,28.8184,-82.6509,Cit-Gr-afBay,Citrus,Greenleaf Bay-2,1,LW,Estuary
Cit-Gr-afBay-3,28.8258,-82.6527,Cit-Gr-afBay,Citrus,Greenleaf Bay-3,1,LW,Estuary
Cit-Hampton-1,28.7799,-82.2782,Cit-Hampton,Citrus,Hampton,1,LW,Lake
Cit-Hampton-2,28.7829,-82.2844,Cit-Hampton,Citrus,Hampton,2,LW,Lake
Cit-Hampton-3,28.7858,-82.2881,Cit-Hampton,Citrus,Hampton,3,LW,Lake
Cit-Henderson-1,28.8365,-82.3155,Cit-Henderson,Citrus,Henderson,1,LW,Lake
Cit-Henderson-2,28.8399,-82.3165,Cit-Henderson,Citrus,Henderson,2,LW,Lake
Cit-Henderson-3,28.8369,-82.319,Cit-Henderson,Citrus,Henderson,3,LW,Lake
Cit-Henderson-4,28.8445,-82.3224,Cit-Henderson,Citrus,Henderson,4,LW,Lake
Cit-Hernando-1,28.9164,-82.3655,Cit-Hernando,Citrus,Hernando,1,LW,Lake
Cit-Hernando-2,28.9052,-82.3709,Cit-Hernando,Citrus,Hernando,2,LW,Lake
Cit-Hernando-3,28.9111,-82.3576,Cit-Hernando,Citrus,Hernando,3,LW,Lake
Cit-Hom-River-1,28.7973,-82.5889,Cit-Hom-River,Citrus,Homosassa River-1,1,LW,River/Stream
Cit-Hom-River-2,28.7987,-82.5905,Cit-Hom-River,Citrus,Homosassa River-2,1,LW,River/Stream
Cit-Hom-River-3,28.7968,-82.5929,Cit-Hom-River,Citrus,Homosassa River-3,1,LW,River/Stream
Cit-Hom-River-4,28.8009,-82.5983,Cit-Hom-River,Citrus,Homosassa River-4,1,LW,River/Stream
Cit-Hom-River-5,28.8016,-82.6028,Cit-Hom-River,Citrus,Homosassa River-5,1,LW,River/Stream
Cit-Hom-River-6,28.798,-82.5897,Cit-Hom-River,Citrus,Homosassa River-6,1,LW,River/Stream
Cit-LittleHe-1,28.8505,-82.3246,Cit-LittleHe,Citrus,Little Henderson,1,LW,Lake
Cit-LittleHe-2,28.8477,-82.3297,Cit-LittleHe,Citrus,Little Henderson,2,LW,Lake
Cit-LittleHe-3,28.8448,-82.3342,Cit-LittleHe,Citrus,Little Henderson,3,LW,Lake
Cit-LittleHe-4,28.8426,-82.3374,Cit-LittleHe,Citrus,Little Henderson,4,LW,Lake
Cit-LittleSp-1,28.8301,-82.3111,Cit-LittleSp,Citrus,Little Spivey,1,LW,Lake
Cit-LittleSp-2,28.8306,-82.3128,Cit-LittleSp,Citrus,Little Spivey,2,LW,Lake
Cit-LittleSp-3,28.8272,-82.3127,Cit-LittleSp,Citrus,Little Spivey,3,LW,Lake
Cit-Magno-Ck1-1,28.9042,-82.5986,Cit-Magno-Ck1,Citrus,Magnolia Creek-1,1,LW,River/Stream
Cit-Magno-Ck2-1,28.9011,-82.5999,Cit-Magno-Ck2,Citrus,Magnolia Creek-2,1,LW,River/Stream
Cit-Magno-Ck3-1,28.8997,-82.6017,Cit-Magno-Ck3,Citrus,Magnolia Creek-3,1,LW,River/Stream
Cit-Magno-Ck4-1,28.9046,-82.5932,Cit-Magno-Ck4,Citrus,Magnolia Creek-4,1,LW,River/Stream
Cit-Magno-Ckm-1,28.9183,-82.6307,Cit-Magno-Ckm,Citrus,Magnolia Creek-mullet hole,1,LW,River/Stream
Cit-North-1,28.9073,-82.3879,Cit-North,Citrus,North,1,LW,Lake
Cit-North-2,28.9071,-82.3885,Cit-North,Citrus,North,2,LW,Lake
Cit-North-3,28.9068,-82.3892,Cit-North,Citrus,North,3,LW,Lake
Cit-Park-1,28.904,-82.3834,Cit-Park,Citrus,Park,1,LW,Lake
Cit-Park-2,28.9035,-82.3837,Cit-Park,Citrus,Park,2,LW,Lake
Cit-Park-3,28.9029,-82.3895,Cit-Park,Citrus,Park,3,LW,Lake
Cit-Pe-Creek-1,28.8023,-82.5769,Cit-Pe-Creek,Citrus,Pepper Creek-1,1,LW,River/Stream
Cit-Pe-Creek-2,28.7997,-82.5813,Cit-Pe-Creek,Citrus,Pepper Creek-2,1,LW,River/Stream
Cit-Pe-Creek-3,28.801,-82.584,Cit-Pe-Creek,Citrus,Pepper Creek-3,1,LW,River/Stream
Cit-RiverLak-1,28.9591,-82.3574,Cit-RiverLak,Citrus,River Lake Manor,1,LW,Lake
Cit-RiverLak-2,28.9571,-82.3622,Cit-RiverLak,Citrus,River Lake Manor,2,LW,Lake
Cit-RiverLak-3,28.9532,-82.3638,Cit-RiverLak,Citrus,River Lake Manor,3,LW,Lake
Cit-Rousseau-1,29.0094,-82.614,Cit-Rousseau,Citrus,Rousseau,1,LW,Lake
Cit-Rousseau-2,29.0288,-82.5756,Cit-Rousseau,Citrus,Rousseau,2,LW,Lake
Cit-Rousseau-3,29.0352,-82.5653,Cit-Rousseau,Citrus,Rousseau,3,LW,Lake
Cit-RousseaE-1,29.0491,-82.4733,Cit-RousseaE,Citrus,Rousseau East,1,LW,Lake
Cit-RousseaE-2,29.0416,-82.5032,Cit-RousseaE,Citrus,Rousseau East,2,LW,Lake
Cit-RousseaE-3,29.0416,-82.5317,Cit-RousseaE,Citrus,Rousseau East,3,LW,Lake
Cit-Small-1,28.8581,-82.2891,Cit-Small,Citrus,Small,1,LW,Lake
Cit-Small-2,28.8585,-82.2884,Cit-Small,Citrus,Small,2,LW,Lake
Cit-Spivey-1,28.8322,-82.3034,Cit-Spivey,Citrus,Spivey,1,LW,Lake
Cit-Spivey-2,28.832,-82.2993,Cit-Spivey,Citrus,Spivey,2,LW,Lake
Cit-Spivey-3,28.8317,-82.2962,Cit-Spivey,Citrus,Spivey,3,LW,Lake
Cit-Spivey-4,28.8301,-82.2942,Cit-Spivey,Citrus,Spivey,4,LW,Lake
Cit-Todd-1,28.9241,-82.3552,Cit-Todd,Citrus,Todd,1,LW,Lake
Cit-Todd-2,28.931,-82.3557,Cit-Todd,Citrus,Todd,2,LW,Lake
Cit-Todd-3,28.9371,-82.3567,Cit-Todd,Citrus,Todd,3,LW,Lake
Cit-ToddIs-1,28.931,-82.3625,Cit-ToddIs,Citrus,Todd Island,1,LW,Special
Cit-ToddIs-2,28.9305,-82.3629,Cit-ToddIs,Citrus,Todd Island,2,LW,Special
Cit-TsalaApo-1,28.8486,-82.2992,Cit-TsalaApo,Citrus,Tsala Apopka,1,LW,Lake
Cit-TsalaApo-2,28.8545,-82.2932,Cit-TsalaApo,Citrus,Tsala Apopka,2,LW,Lake
Cit-TsalaApo-3,28.8554,-82.2841,Cit-TsalaApo,Citrus,Tsala Apopka,3,LW,Lake
Cit-TsalaSApo-1,28.7687,-82.2888,Cit-TsalaSApo,Citrus,Tsala Apopka South,1,LW,Lake
Cit-TsalaSApo-2,28.7691,-82.2845,Cit-TsalaSApo,Citrus,Tsala Apopka South,2,LW,Lake
Cit-TsalaSApo-3,28.7696,-82.2803,Cit-TsalaSApo,Citrus,Tsala Apopka South,3,LW,Lake
Cit-Tussock-1,28.7887,-82.2717,Cit-Tussock,Citrus,Tussock,1,LW,Lake
Cit-Tussock-2,28.7946,-82.2719,Cit-Tussock,Citrus,Tussock,2,LW,Lake
Cit-Tussock-3,28.7991,-82.2714,Cit-Tussock,Citrus,Tussock,3,LW,Lake
Cit-VanNess-1,28.89,-82.3331,Cit-VanNess,Citrus,Van Ness,1,LW,Lake
Cit-VanNess-2,28.8899,-82.3363,Cit-VanNess,Citrus,Van Ness,2,LW,Lake
Cit-VanNess-3,28.89,-82.3331,Cit-VanNess,Citrus,Van Ness,3,LW,Lake
Cit-Wi-River-1,29.0217,-82.6464,Cit-Wi-River,Citrus,Withlacoochee River-1,1,LW,River/Stream
Cit-Wi-River-2,29.0242,-82.6622,Cit-Wi-River,Citrus,Withlacoochee River-2,1,LW,River/Stream
Cit-Wi-River-3,29.0331,-82.6936,Cit-Wi-River,Citrus,Withlacoochee River-3,1,LW,River/Stream
Cit-Wi-River-4,29.0311,-82.7128,Cit-Wi-River,Citrus,Withlacoochee River-4,1,LW,River/Stream
Cit-Wi-River-5,29.017,-82.727,Cit-Wi-River,Citrus,Withlacoochee River-5,1,LW,River/Stream
Cit-Wi-Springs,29.0298,-82.443,Cit-Wi-Springs,Citrus,Withlacoochee River-Citrus Springs,1,LW,River/Stream
Cla-AsburyNo-1,30.0616,-81.8188,Cla-AsburyNo,Clay,Asbury North,1,LW,Lake
Cla-AsburyNo-2,30.0584,-81.8187,Cla-AsburyNo,Clay,Asbury North,2,LW,Lake
Cla-AsburyNo-3,30.0553,-81.8202,Cla-AsburyNo,Clay,Asbury North,3,LW,Lake
Cla-AsburySo-1,30.0433,-81.8168,Cla-AsburySo,Clay,Asbury South,1,LW,Lake
Cla-AsburySo-2,30.0481,-81.8208,Cla-AsburySo,Clay,Asbury South,2,LW,Lake
Cla-AsburySo-3,30.0453,-81.824,Cla-AsburySo,Clay,Asbury South,3,LW,Lake
Cla-Brooklyn-2,29.8025,-82.0311,Cla-Brooklyn,Clay,Brooklyn,2,LW,Lake
Cla-BrooklyB-1,29.7946,-82.019,Cla-BrooklyB,Clay,Brooklyn Bay,1,LW,Lake
Cla-BrooklyB-2,29.7939,-82.0204,Cla-BrooklyB,Clay,Brooklyn Bay,2,LW,Lake
Cla-Crystal-1,29.8216,-82.0434,Cla-Crystal,Clay,Crystal,1,LW,Lake
Cla-Crystal-2,29.8239,-82.0407,Cla-Crystal,Clay,Crystal,2,LW,Lake
Cla-Crystal-3,29.827,-82.0385,Cla-Crystal,Clay,Crystal,3,LW,Lake
Cla-Deer-1,29.845,-81.949,Cla-Deer,Clay,Deer,1,LW,Lake
Cla-Deer-2,29.8448,-81.9491,Cla-Deer,Clay,Deer,2,LW,Lake
Cla-Doctors-1,30.1128,-81.7558,Cla-Doctors,Clay,Doctors,1,LW,Lake
Cla-Doctors-2,30.1367,-81.7393,Cla-Doctors,Clay,Doctors,2,LW,Lake
Cla-Doctors-3,30.1276,-81.7277,Cla-Doctors,Clay,Doctors,3,LW,Lake
Cla-Fleming-5-1,30.0955,-81.7006,Cla-Fleming-5,Clay,Flemingbrook 5,1,LW,Lake
Cla-Fleming-5-2,30.0959,-81.7006,Cla-Fleming-5,Clay,Flemingbrook 5,2,LW,Lake
Cla-Fleming-6-1,30.0957,-81.7025,Cla-Fleming-6,Clay,Flemingbrook 6,1,LW,Lake
Cla-Fleming-6-2,30.0957,-81.7022,Cla-Fleming-6,Clay,Flemingbrook 6,2,LW,Lake
Cla-FoxValley-1,30.162167,-81.74037,Cla-FoxValley,Clay,Fox Valley,1,LW,Lake
Cla-FoxValley-2,30.163138,-81.739296,Cla-FoxValley,Clay,Fox Valley,2,LW,Lake
Cla-GatorBon-1,29.8115,-81.9568,Cla-GatorBon,Clay,Gator Bone,1,LW,Lake
Cla-GatorBon-2,29.8153,-81.9592,Cla-GatorBon,Clay,Gator Bone,2,LW,Lake
Cla-Geneva-1,29.7733,-82.0284,Cla-Geneva,Clay,Geneva,1,LW,Lake
Cla-Geneva-2,29.7661,-82.0196,Cla-Geneva,Clay,Geneva,2,LW,Lake
Cla-Geneva-3,29.761,-82.0134,Cla-Geneva,Clay,Geneva,3,LW,Lake
Cla-Geneva-4,29.7612,-82.0238,Cla-Geneva,Clay,Geneva,4,LW,Lake
Cla-GenevaCk-1,29.763,-82.0499,Cla-GenevaCk,Clay,Geneva Creek-1,1,LW,River/Stream
Cla-GenevaCk-2,29.763,-82.0502,Cla-GenevaCk,Clay,Geneva Creek-2,1,LW,River/Stream
Cla-GenevaW-1,29.7669,-82.0386,Cla-GenevaW,Clay,Geneva West,1,LW,Lake
Cla-GenevaW-2,29.7653,-82.0358,Cla-GenevaW,Clay,Geneva West,2,LW,Lake
Cla-GenevaW-3,29.7633,-82.0409,Cla-GenevaW,Clay,Geneva West,3,LW,Lake
Cla-GoldBranch1,29.8285,-81.9446,Cla-GoldBranch1,Clay,Gold Head Branch-1,1,LW,River/Stream
Cla-GoldBranch2,29.8323,-81.946,Cla-GoldBranch2,Clay,Gold Head Branch-2,1,LW,River/Stream
Cla-GoldBranch3,29.8406,-81.9534,Cla-GoldBranch3,Clay,Gold Head Branch-3,1,LW,River/Stream
Cla-GoldBranch4,29.8411,-81.9536,Cla-GoldBranch4,Clay,Gold Head Branch-4,1,LW,River/Stream
Cla-Hall-1,29.7999,-81.9207,Cla-Hall,Clay,Hall,1,LW,Lake
Cla-Hall-2,29.8009,-81.923,Cla-Hall,Clay,Hall,2,LW,Lake
Cla-Hall-3,29.7977,-81.9279,Cla-Hall,Clay,Hall,3,LW,Lake
Cla-Hillcrest-1,29.7522,-81.9977,Cla-Hillcrest,Clay,Hillcrest,1,LW,Lake
Cla-Hillcrest-2,29.7518,-81.9974,Cla-Hillcrest,Clay,Hillcrest,2,LW,Lake
Cla-Hillcrest-3,29.7513,-81.997,Cla-Hillcrest,Clay,Hillcrest,3,LW,Lake
Cla-Hutchins-1,29.7481,-82.0156,Cla-Hutchins,Clay,Hutchinson,1,LW,Lake
Cla-Hutchins-2,29.748,-82.0177,Cla-Hutchins,Clay,Hutchinson,2,LW,Lake
Cla-Hutchins-3,29.7481,-82.0205,Cla-Hutchins,Clay,Hutchinson,3,LW,Lake
Cla-Johnson-1,29.8202,-81.9383,Cla-Johnson,Clay,Johnson,1,LW,Lake
Cla-Johnson-2,29.8215,-81.938,Cla-Johnson,Clay,Johnson,2,LW,Lake
Cla-Johnson-3,29.8237,-81.9377,Cla-Johnson,Clay,Johnson,3,LW,Lake
Cla-Kingsley-1,29.9719,-81.9987,Cla-Kingsley,Clay,Kingsley,1,LW,Lake
Cla-Kingsley-2,29.9653,-82.0036,Cla-Kingsley,Clay,Kingsley,2,LW,Lake
Cla-Kingsley-3,29.9655,-81.9934,Cla-Kingsley,Clay,Kingsley,3,LW,Lake
Cla-Lily-1,29.7344,-82.0259,Cla-Lily,Clay,Lily,1,LW,Lake
Cla-Lily-2,29.7362,-82.0248,Cla-Lily,Clay,Lily,2,LW,Lake
Cla-Lily-3,29.7398,-82.0234,Cla-Lily,Clay,Lily,3,LW,Lake
Cla-LittleCr-1,29.8299,-82.0472,Cla-LittleCr,Clay,Little Crystal,1,LW,Lake
Cla-LittleJo-1,29.8251,-81.9479,Cla-LittleJo,Clay,Little Johnson,1,LW,Lake
Cla-LittleJo-2,29.8252,-81.949,Cla-LittleJo,Clay,Little Johnson,2,LW,Lake
Cla-LittleJo-3,29.8254,-81.9504,Cla-LittleJo,Clay,Little Johnson,3,LW,Lake
Cla-LittleKe-1,29.7823,-82.0343,Cla-LittleKe,Clay,Little Keystone,1,LW,Lake
Cla-LittleKe-2,29.7819,-82.0338,Cla-LittleKe,Clay,Little Keystone,2,LW,Lake
Cla-LittleKe-3,29.7815,-82.0335,Cla-LittleKe,Clay,Little Keystone,3,LW,Lake
Cla-Margie-1,29.785,-81.9828,Cla-Margie,Clay,Margie,1,LW,Lake
Cla-Margie-2,29.7854,-81.9819,Cla-Margie,Clay,Margie,2,LW,Lake
Cla-Margie-3,29.7852,-81.9811,Cla-Margie,Clay,Margie,3,LW,Lake
Cla-Opal-1,29.7421,-82.0298,Cla-Opal,Clay,Opal,1,LW,Lake
Cla-Opal-2,29.7428,-82.0294,Cla-Opal,Clay,Opal,2,LW,Lake
Cla-Opal-3,29.7435,-82.0291,Cla-Opal,Clay,Opal,3,LW,Lake
Cla-Payne's-1,29.7669,-82.0459,Cla-Payne's,Clay,Payne's,1,LW,Lake
Cla-Payne's-2,29.7652,-82.0463,Cla-Payne's,Clay,Payne's,2,LW,Lake
Cla-Payne's-3,29.7636,-82.047,Cla-Payne's,Clay,Payne's,3,LW,Lake
Cla-Pebble-1,29.825,-81.9534,Cla-Pebble,Clay,Pebble,1,LW,Lake
Cla-Pebble-2,29.8253,-81.9533,Cla-Pebble,Clay,Pebble,2,LW,Lake
Cla-Pebble-3,29.8253,-81.9536,Cla-Pebble,Clay,Pebble,3,LW,Lake
Cla-Ryan-1,30.0583,-81.8296,Cla-Ryan,Clay,Ryan,1,LW,Lake
Cla-Ryan-2,30.0577,-81.8299,Cla-Ryan,Clay,Ryan,2,LW,Lake
Cla-Ryan-3,30.0571,-81.8304,Cla-Ryan,Clay,Ryan,3,LW,Lake
Cla-Sheelar-1,29.8393,-81.9589,Cla-Sheelar,Clay,Sheelar,1,LW,Lake
Cla-Sheelar-2,29.8394,-81.9582,Cla-Sheelar,Clay,Sheelar,2,LW,Lake
Cla-Sheelar-3,29.8395,-81.9575,Cla-Sheelar,Clay,Sheelar,3,LW,Lake
Cla-Smith-1,29.8025,-81.9393,Cla-Smith,Clay,Smith,1,LW,Lake
Cla-Smith-2,29.8026,-81.9403,Cla-Smith,Clay,Smith,2,LW,Lake
Cla-Smith-3,29.8026,-81.9413,Cla-Smith,Clay,Smith,3,LW,Lake
Cla-Spring-1,29.8191,-81.9868,Cla-Spring,Clay,Spring,1,LW,Lake
Cla-Spring-2,29.8174,-81.9855,Cla-Spring,Clay,Spring,2,LW,Lake
Cla-Spring-3,29.819,-81.9842,Cla-Spring,Clay,Spring,3,LW,Lake
Cla-Twin-1,29.7679,-81.9964,Cla-Twin,Clay,Twin,1,LW,Lake
Cla-Twin-2,29.7679,-81.9977,Cla-Twin,Clay,Twin,2,LW,Lake
Cla-Twin-3,29.7679,-81.9988,Cla-Twin,Clay,Twin,3,LW,Lake
Cla-WestSmit-1,29.7977,-81.9526,Cla-WestSmit,Clay,West Smith,1,LW,Lake
Cla-WestSmit-2,29.7964,-81.9524,Cla-WestSmit,Clay,West Smith,2,LW,Lake
Cla-WestSmit-3,29.796,-81.9518,Cla-WestSmit,Clay,West Smith,3,LW,Lake
Cla-WhiteSan-1,29.8145,-81.9708,Cla-WhiteSan,Clay,White Sand,1,LW,Lake
Cla-WhiteSan-2,29.8128,-81.9749,Cla-WhiteSan,Clay,White Sand,2,LW,Lake
Cla-WhiteSan-3,29.8092,-81.9728,Cla-WhiteSan,Clay,White Sand,3,LW,Lake
Col-Banyan-1,26.1614,-81.8026,Col-Banyan,Collier,Banyan,1,LW,Lake
Col-Banyan-2,26.1621,-81.8029,Col-Banyan,Collier,Banyan,2,LW,Lake
Col-Beachwalk-A-1,26.2534,-81.8094,Col-Beachwalk-A,Collier,Beachwalk A,1,LW,Lake
Col-Beachwalk-B-1,26.2532,-81.8115,Col-Beachwalk-B,Collier,Beachwalk B,1,LW,Lake
Col-Beachwalk-B-2,26.2532,-81.8131,Col-Beachwalk-B,Collier,Beachwalk B,2,LW,Lake
Col-Beachwalk-C-1,26.2537,-81.8155,Col-Beachwalk-C,Collier,Beachwalk C,1,LW,Lake
Col-Bl-kwater-1,25.9343,-81.5956,Col-Bl-kwater,Collier,Blackwater,1,LW,Estuary
Col-Bl-kwater-2,25.9343,-81.5956,Col-Bl-kwater,Collier,Blackwater,2,LW,Estuary
Col-Bl-kwater-3,25.9343,-81.5956,Col-Bl-kwater,Collier,Blackwater,3,LW,Estuary
Col-Cape Roma-1,25.8569,-81.6726,Col-Cape Roma,Collier,Cape Romano,1,LW,Estuary
Col-Cape Roma-2,25.8569,-81.6726,Col-Cape Roma,Collier,Cape Romano,2,LW,Estuary
Col-Cape Roma-3,25.8569,-81.6726,Col-Cape Roma,Collier,Cape Romano,3,LW,Estuary
Col-Cl-yEast-1,26.2311,-81.8129,Col-Cl-yEast,Collier,Clam Bay East-1,1,LW,Estuary
Col-Cl-yEast-2,26.2416,-81.8161,Col-Cl-yEast,Collier,Clam Bay East-2,1,LW,Estuary
Col-Cl-yEast-3,26.2385,-81.8171,Col-Cl-yEast,Collier,Clam Bay East-3,1,LW,Estuary
Col-Cl-yWest-1,26.2439,-81.8206,Col-Cl-yWest,Collier,Clam Bay West-1,1,LW,Estuary
Col-Cl-yWest-2,26.2375,-81.8129,Col-Cl-yWest,Collier,Clam Bay West-2,1,LW,Estuary
Col-Cl-yWest-3,26.223,-81.8167,Col-Cl-yWest,Collier,Clam Bay West-3,1,LW,Estuary
Col-Crystal-1,26.2643,-81.6856,Col-Crystal,Collier,Crystal,1,LW,Lake
Col-Crystal-2,26.2637,-81.682,Col-Crystal,Collier,Crystal,2,LW,Lake
Col-Crystal-3,26.2646,-81.6782,Col-Crystal,Collier,Crystal,3,LW,Lake
Col-Eagle-1,26.0569,-81.6651,Col-Eagle,Collier,Eagle,1,LW,Lake
Col-Eagle-2,26.058,-81.6602,Col-Eagle,Collier,Eagle,2,LW,Lake
Col-Eagle-3,26.0614,-81.6629,Col-Eagle,Collier,Eagle,3,LW,Lake
Col-Eagle-4,26.0656,-81.6646,Col-Eagle,Collier,Eagle,4,LW,Lake
Col-Fa-eeBay-1,25.8922,-81.477,Col-Fa-eeBay,Collier,Fakahatchee Bay,1,LW,Estuary
Col-Fa-eeBay-2,25.8922,-81.477,Col-Fa-eeBay,Collier,Fakahatchee Bay,2,LW,Estuary
Col-Fa-eeBay-3,25.8922,-81.477,Col-Fa-eeBay,Collier,Fakahatchee Bay,3,LW,Estuary
Col-Fa-aunion-1,25.9014,-81.5159,Col-Fa-aunion,Collier,Fakaunion,1,LW,Estuary
Col-Fa-aunion-2,25.9014,-81.5159,Col-Fa-aunion,Collier,Fakaunion,2,LW,Estuary
Col-Fa-aunion-3,25.9014,-81.5159,Col-Fa-aunion,Collier,Fakaunion,3,LW,Estuary
Col-Harveys-1,26.1079,-81.772,Col-Harveys,Collier,Harveys,1,LW,Lake
Col-Harveys-2,26.1078,-81.7724,Col-Harveys,Collier,Harveys,2,LW,Lake
Col-Harveys-3,26.1077,-81.7732,Col-Harveys,Collier,Harveys,3,LW,Lake
Col-He-Creek-1-1,26.0257,-81.7332,Col-He-Creek-1,Collier,Henderson Creek-1,1,LW,River/Stream
Col-He-Creek-2-1,26.0257,-81.7332,Col-He-Creek-2,Collier,Henderson Creek-2,1,LW,River/Stream
Col-He-Creek-3-1,26.0257,-81.7332,Col-He-Creek-3,Collier,Henderson Creek-3,1,LW,River/Stream
Col-HeronPte-1,26.2335,-81.7794,Col-HeronPte,Collier,Heron Pointe,1,LW,Lake
Col-HeronPte-2,26.2332,-81.7788,Col-HeronPte,Collier,Heron Pointe,2,LW,Lake
Col-HeronPte-3,26.2334,-81.778,Col-HeronPte,Collier,Heron Pointe,3,LW,Lake
Col-IFAS Collier Pd-1,26.3054,-81.5927,Col-IFAS Collier Pd,Collier,IFAS Collier Pond,1,LW,Lake
Col-IFAS Collier Pd-2,26.306,-81.5927,Col-IFAS Collier Pd,Collier,IFAS Collier Pond,2,LW,Lake
Col-IFAS Collier Pd-3,26.3066,-81.5933,Col-IFAS Collier Pd,Collier,IFAS Collier Pond,3,LW,Lake
Col-Islandwalk-1,26.2556,-81.7067,Col-Islandwalk,Collier,Islandwalk,1,LW,Lake
Col-Islandwalk-2,26.2522,-81.7123,Col-Islandwalk,Collier,Islandwalk,2,LW,Lake
Col-Islandwalk-3,26.251,-81.7176,Col-Islandwalk,Collier,Islandwalk,3,LW,Lake
Col-Islandwalk-4,26.2476,-81.716,Col-Islandwalk,Collier,Islandwalk,4,LW,Lake
Col-Islandwalk-5,26.2479,-81.7055,Col-Islandwalk,Collier,Islandwalk,5,LW,Lake
Col-Islandwalk-6,26.2508,-81.712,Col-Islandwalk,Collier,Islandwalk,6,LW,Lake
Col-Islandwalk-7,26.2555,-81.7046,Col-Islandwalk,Collier,Islandwalk,7,LW,Lake
Col-Islandwalk-8,26.2566,-81.7131,Col-Islandwalk,Collier,Islandwalk,8,LW,Lake
Col-Jo-Bay1-1,25.9858,-81.7256,Col-Jo-Bay1,Collier,Johnson Bay 1,1,LW,Estuary
Col-Jo-Bay1-2,25.9858,-81.7256,Col-Jo-Bay1,Collier,Johnson Bay 1,2,LW,Estuary
Col-Jo-Bay1-3,25.9858,-81.7256,Col-Jo-Bay1,Collier,Johnson Bay 1,3,LW,Estuary
Col-Jo-Bay2-1,25.9918,-81.7207,Col-Jo-Bay2,Collier,Johnson Bay 2,1,LW,Estuary
Col-Jo-Bay2-2,25.9918,-81.7207,Col-Jo-Bay2,Collier,Johnson Bay 2,2,LW,Estuary
Col-Jo-Bay2-3,25.9918,-81.7207,Col-Jo-Bay2,Collier,Johnson Bay 2,3,LW,Estuary
Col-Jo-Bay3-1,25.9796,-81.732,Col-Jo-Bay3,Collier,Johnson Bay 3,1,LW,Estuary
Col-Jo-Bay3-2,25.9796,-81.732,Col-Jo-Bay3,Collier,Johnson Bay 3,2,LW,Estuary
Col-Jo-Bay3-3,25.9796,-81.732,Col-Jo-Bay3,Collier,Johnson Bay 3,3,LW,Estuary
Col-Lantern-1,26.1186,-81.801,Col-Lantern,Collier,Lantern,1,LW,Lake
Col-Lantern-2,26.1175,-81.8002,Col-Lantern,Collier,Lantern,2,LW,Lake
Col-Lantern-3,26.1167,-81.7999,Col-Lantern,Collier,Lantern,3,LW,Lake
Col-Longshore-1,26.266,-81.717,Col-Longshore,Collier,Longshore,1,LW,Lake
Col-Longshore-2,26.2643,-81.7177,Col-Longshore,Collier,Longshore,2,LW,Lake
Col-Longshore-3,26.2623,-81.7169,Col-Longshore,Collier,Longshore,3,LW,Lake
Col-Na-esBay-1,26.1298,-81.7921,Col-Na-esBay,Collier,Naples Bay,1,LW,Estuary
Col-Na-esBay-2,26.1298,-81.7921,Col-Na-esBay,Collier,Naples Bay,2,LW,Estuary
Col-Na-esBay-3,26.1298,-81.7921,Col-Na-esBay,Collier,Naples Bay,3,LW,Estuary
Col-NB-AQS-8-1,26.1293,-81.8012,Col-NB-AQS-8,Collier,Naples Bay-AQS 8,1,LW,Estuary
Col-NB-ARS896-1,26.2114,-81.7682,Col-NB-ARS896,Collier,Naples Bay-ARS 896,1,LW,Estuary
Col-NB-DOL-15-1,26.0895,-81.7868,Col-NB-DOL-15,Collier,Naples Bay-DOLLAR 15,1,LW,Estuary
Col-NB-GOR-10-1,26.093,-81.7986,Col-NB-GOR-10,Collier,Naples Bay-GORD 10,1,LW,Estuary
Col-NB-GOR-70-1,26.152,-81.7856,Col-NB-GOR-70,Collier,Naples Bay-GORD 70,1,LW,Estuary
Col-NB-GOR-80-1,26.1599,-81.7838,Col-NB-GOR-80,Collier,Naples Bay-GORD 80,1,LW,Estuary
Col-NB-GRE896-1,26.1738,-81.7846,Col-NB-GRE896,Collier,Naples Bay-GRE 896,1,LW,Estuary
Col-NB-NBAY22-1,26.1095,-81.7922,Col-NB-NBAY22,Collier,Naples Bay-NBAY 22,1,LW,Estuary
Col-NB-NBAY24-1,26.1132,-81.786,Col-NB-NBAY24,Collier,Naples Bay-NBAY 24,1,LW,Estuary
Col-PCL-16-1,26.2796,-81.7531,Col-PCL-16,Collier,PCL-16,1,LW,Lake
Col-PCL-16-2,26.2795,-81.7518,Col-PCL-16,Collier,PCL-16,2,LW,Lake
Col-PCL-16-3,26.2779,-81.7514,Col-PCL-16,Collier,PCL-16,3,LW,Lake
Col-PCL-16-4,26.2766,-81.7512,Col-PCL-16,Collier,PCL-16,4,LW,Lake
Col-PCL-2-1,26.2745,-81.7507,Col-PCL-2,Collier,PCL-2,1,LW,Lake
Col-PCL-5-1,26.2786,-81.7498,Col-PCL-5,Collier,PCL-5,1,LW,Lake
Col-PCL-5-2,26.2779,-81.749,Col-PCL-5,Collier,PCL-5,2,LW,Lake
Col-Pelican-1,26.034,-81.6987,Col-Pelican,Collier,Pelican,1,LW,Lake
Col-Pelican-2,26.0342,-81.6961,Col-Pelican,Collier,Pelican,2,LW,Lake
Col-Pelican-3,26.0339,-81.6935,Col-Pelican,Collier,Pelican,3,LW,Lake
Col-Pu-inBay-1,25.9176,-81.5484,Col-Pu-inBay,Collier,Pumpkin Bay,1,LW,Estuary
Col-Pu-inBay-2,25.9176,-81.5484,Col-Pu-inBay,Collier,Pumpkin Bay,2,LW,Estuary
Col-Pu-inBay-3,25.9176,-81.5484,Col-Pu-inBay,Collier,Pumpkin Bay,3,LW,Estuary
Col-Quarry-1,26.287,-81.6786,Col-Quarry,Collier,Quarry,1,LW,Lake
Col-Quarry-2,26.2762,-81.67,Col-Quarry,Collier,Quarry,2,LW,Lake
Col-Quarry-3,26.2762,-81.6616,Col-Quarry,Collier,Quarry,3,LW,Lake
Col-Saddlebrook-1,26.3177,-81.6156,Col-Saddlebrook,Collier,Saddlebrook,1,LW,Lake
Col-Saddlebrook-2,26.3139,-81.6194,Col-Saddlebrook,Collier,Saddlebrook,2,LW,Lake
Col-Saddlebrook-3,26.3138,-81.6128,Col-Saddlebrook,Collier,Saddlebrook,3,LW,Lake
Col-SB-61-1,26.2411,-81.6887,Col-SB-61,Collier,SB-61,1,LW,Lake
Col-SB-61-2,26.241,-81.6888,Col-SB-61,Collier,SB-61,2,LW,Lake
Col-Seacrest-1-1,26.1354,-81.7266,Col-Seacrest-1,Collier,Seacrest 1,1,LW,Lake
Col-Seacrest-1-2,26.1354,-81.7267,Col-Seacrest-1,Collier,Seacrest 1,2,LW,Lake
Col-Seacrest-1-3,26.1354,-81.7271,Col-Seacrest-1,Collier,Seacrest 1,3,LW,Lake
Col-Seacrest-2-1,26.1345,-81.7294,Col-Seacrest-2,Collier,Seacrest 2,1,LW,Lake
Col-Seacrest-2-2,26.1345,-81.7296,Col-Seacrest-2,Collier,Seacrest 2,2,LW,Lake
Col-Smokehouse-Bay-1,25.9539,-81.731,Col-Smokehouse-Bay,Collier,Smokehouse Bay-1,1,LW,Estuary
Col-Smokehouse-Bay-2,25.9568,-81.7306,Col-Smokehouse-Bay,Collier,Smokehouse Bay-2,1,LW,Estuary
Col-Smokehouse-Bay-3,25.9611,-81.7309,Col-Smokehouse-Bay,Collier,Smokehouse Bay-3,1,LW,Estuary
Col-Swan-1,26.1977,-81.8063,Col-Swan,Collier,Swan,1,LW,Lake
Col-Swan-2,26.1982,-81.8057,Col-Swan,Collier,Swan,2,LW,Lake
Col-Swan-3,26.1976,-81.8048,Col-Swan,Collier,Swan,3,LW,Lake
Col-pon Bay 1-1,25.986,-81.7241,Col-pon Bay 1,Collier,Tarpon Bay 1,1,LW,Estuary
Col-pon Bay 1-2,25.986,-81.7241,Col-pon Bay 1,Collier,Tarpon Bay 1,2,LW,Estuary
Col-pon Bay 1-3,25.986,-81.7241,Col-pon Bay 1,Collier,Tarpon Bay 1,3,LW,Estuary
Col-pon Bay 2-1,25.9786,-81.7295,Col-pon Bay 2,Collier,Tarpon Bay 2,1,LW,Estuary
Col-pon Bay 2-2,25.9786,-81.7295,Col-pon Bay 2,Collier,Tarpon Bay 2,2,LW,Estuary
Col-pon Bay 2-3,25.9786,-81.7295,Col-pon Bay 2,Collier,Tarpon Bay 2,3,LW,Estuary
Col-Trafford-1,26.4297,-81.4952,Col-Trafford,Collier,Trafford,1,LW,Lake
Col-Trafford-2,26.4219,-81.4935,Col-Trafford,Collier,Trafford,2,LW,Lake
Col-Trafford-3,26.4148,-81.4915,Col-Trafford,Collier,Trafford,3,LW,Lake
Col-VeronaWk-1,26.0872,-81.6771,Col-VeronaWk,Collier,Verona Walk,1,LW,Lake
Col-VeronaWk-2,26.0943,-81.6767,Col-VeronaWk,Collier,Verona Walk,2,LW,Lake
Col-VeronaWk-3,26.0812,-81.6797,Col-VeronaWk,Collier,Verona Walk,3,LW,Lake
Col-Ic-River-1,29.9525,-82.7862,Col-Ic-River,Columbia,Ichetucknee River-1,1,LW,River/Stream
Col-Ic-River-2,29.9371,-82.7974,Col-Ic-River,Columbia,Ichetucknee River-2,1,LW,River/Stream
Col-Ic-River-3,29.9327,-82.8001,Col-Ic-River,Columbia,Ichetucknee River-3,1,LW,River/Stream
Col-Jeffery-1,30.2108,-82.6912,Col-Jeffery,Columbia,Jeffery,1,LW,Lake
Col-Jeffery-2,30.2081,-82.6899,Col-Jeffery,Columbia,Jeffery,2,LW,Lake
Col-Jeffery-3,30.2049,-82.6833,Col-Jeffery,Columbia,Jeffery,3,LW,Lake
Col-LowerIch-1,29.9526,-82.7859,Col-LowerIch,Columbia,Lower Ichetucknee River-1,1,LW,River/Stream
Col-LowerIch-2,29.9372,-82.7971,Col-LowerIch,Columbia,Lower Ichetucknee River-2,1,LW,River/Stream
Col-LowerIch-3,29.9335,-82.7988,Col-LowerIch,Columbia,Lower Ichetucknee River-3,1,LW,River/Stream
Col-MillsCre-1,30.1708,-82.6145,Col-MillsCre,Columbia,Mills Creek,1,LW,Lake
Col-Montgomer-1,30.1848,-82.6454,Col-Montgomer,Columbia,Montgomery,1,LW,Lake
Col-Montgomer-2,30.1832,-82.6447,Col-Montgomer,Columbia,Montgomery,2,LW,Lake
Col-Montgomer-3,30.1819,-82.6443,Col-Montgomer,Columbia,Montgomery,3,LW,Lake
Col-Rum-Island-Spring-1,29.8332,-82.6798,Col-Rum-Island-Spring,Columbia,Rum Island Spring-1,1,LW,Spring
Col-Sa-River-1,29.9281,-82.7698,Col-Sa-River,Columbia,Santa Fe River-1,1,LW,River/Stream
Col-Sa-River-2,29.9261,-82.7803,Col-Sa-River,Columbia,Santa Fe River-2,1,LW,River/Stream
Col-Sa-River-3,29.9329,-82.7976,Col-Sa-River,Columbia,Santa Fe River-3,1,LW,River/Stream
Col-Sa-River-4,29.832,-82.6717,Col-Sa-River,Columbia,Santa Fe River-4,1,LW,River/Stream
Col-Sa-River-5,29.8314,-82.6692,Col-Sa-River,Columbia,Santa Fe River-5,1,LW,River/Stream
Col-Sa-River-6,29.8319,-82.6672,Col-Sa-River,Columbia,Santa Fe River-6,1,LW,River/Stream
DeS-Suzy-1,27.0513,-82.028,DeS-Suzy,DeSoto,Suzy,1,LW,Lake
DeS-Suzy-2,27.0504,-82.0283,DeS-Suzy,DeSoto,Suzy,2,LW,Lake
DeS-Suzy-3,27.0496,-82.0287,DeS-Suzy,DeSoto,Suzy,3,LW,Lake
Dix-Governor-2,29.7547,-83.0372,Dix-Governor,Dixie,Governor Hill,2,LW,Lake
Dix-Horseshoe Beach-1,29.432,-83.2945,Dix-Horseshoe Beach,Dixie,Horseshoe Beach-1,1,LW,Estuary
Dix-Horseshoe Beach-2,29.4133,-83.307,Dix-Horseshoe Beach,Dixie,Horseshoe Beach-2,1,LW,Estuary
Dix-Horseshoe Beach-3,29.3982,-83.3312,Dix-Horseshoe Beach,Dixie,Horseshoe Beach-3,1,LW,Estuary
Duv-FleetLnd-1,30.3536,-81.4099,Duv-FleetLnd,Duval,Fleet Landing,1,LW,Lake
Duv-FleetLnd-2,30.353,-81.4104,Duv-FleetLnd,Duval,Fleet Landing,2,LW,Lake
Duv-FleetLnd-3,30.3523,-81.41,Duv-FleetLnd,Duval,Fleet Landing,3,LW,Lake
Duv-Hidden-1,30.2644,-81.5714,Duv-Hidden,Duval,Hidden,1,LW,Lake
Duv-Hidden-2,30.2624,-81.5719,Duv-Hidden,Duval,Hidden,2,LW,Lake
Duv-Hidden-3,30.2612,-81.574,Duv-Hidden,Duval,Hidden,3,LW,Lake
Duv-Lucina-1,30.3442,-81.6007,Duv-Lucina,Duval,Lucina,1,LW,Lake
Duv-Lucina-2,30.3445,-81.5997,Duv-Lucina,Duval,Lucina,2,LW,Lake
Duv-Lucina-3,30.345,-81.5991,Duv-Lucina,Duval,Lucina,3,LW,Lake
Duv-Mandarin-1,30.1724,-81.6182,Duv-Mandarin,Duval,Mandarin,1,LW,Lake
Duv-Mandarin-2,30.1716,-81.6311,Duv-Mandarin,Duval,Mandarin,2,LW,Lake
Duv-Mandarin-3,30.1718,-81.6182,Duv-Mandarin,Duval,Mandarin,3,LW,Lake
Duv-Marietta-1,30.3281,-81.7965,Duv-Marietta,Duval,Marietta,1,LW,Lake
Duv-Marietta-2,30.328,-81.7941,Duv-Marietta,Duval,Marietta,2,LW,Lake
Duv-Marietta-3,30.328,-81.7925,Duv-Marietta,Duval,Marietta,3,LW,Lake
Duv-Pond 13-1,30.5087,-81.5608,Duv-Pond 13,Duval,Pond 13,1,LW,Lake
Duv-Pond 13-2,30.5083,-81.5597,Duv-Pond 13,Duval,Pond 13,2,LW,Lake
Duv-Pond 13-3,30.5093,-81.5596,Duv-Pond 13,Duval,Pond 13,3,LW,Lake
Duv-QueensHarLag-1,30.334,-81.4493,Duv-QueensHarLag,Duval,Queen's Harbor Lagoon,1,LW,Lake
Duv-QueensHarLag-2,30.3462,-81.4489,Duv-QueensHarLag,Duval,Queen's Harbor Lagoon,2,LW,Lake
Duv-QueensHarLag-3,30.35,-81.4457,Duv-QueensHarLag,Duval,Queen's Harbor Lagoon,3,LW,Lake
Duv-Ray-1,30.3463,-81.5383,Duv-Ray,Duval,Ray,1,LW,Lake
Duv-Ray-2,30.3463,-81.5379,Duv-Ray,Duval,Ray,2,LW,Lake
Duv-Ray-3,30.3463,-81.5376,Duv-Ray,Duval,Ray,3,LW,Lake
Duv-SampleCK1-1,30.5139,-81.5599,Duv-SampleCK1,Duval,Sample Creek-1,1,LW,River/Stream
Duv-SampleCK2-1,30.5118,-81.5571,Duv-SampleCK2,Duval,Sample Creek-2,1,LW,River/Stream
Duv-SampleCK3-1,30.515,-81.5538,Duv-SampleCK3,Duval,Sample Creek-3,1,LW,River/Stream
Duv-Willow-1,30.1428,-81.5705,Duv-Willow,Duval,Willow,1,LW,Lake
Duv-Willow-2,30.1427,-81.5716,Duv-Willow,Duval,Willow,2,LW,Lake
Duv-Willow-3,30.1424,-81.5726,Duv-Willow,Duval,Willow,3,LW,Lake
Esc-Ba-Chico-1,30.403,-87.2638,Esc-Ba-Chico,Escambia,Bayou Chico-1,1,LW,Estuary
Esc-Ba-Chico-2,30.405,-87.2594,Esc-Ba-Chico,Escambia,Bayou Chico-2,1,LW,Estuary
Esc-Ba-Chico-3,30.4004,-87.2443,Esc-Ba-Chico,Escambia,Bayou Chico-3,1,LW,Estuary
Esc-Ba-Grande-1,30.3718,-87.3109,Esc-Ba-Grande,Escambia,Bayou Grande-1,1,LW,Estuary
Esc-Ba-Grande-2,30.3721,-87.2947,Esc-Ba-Grande,Escambia,Bayou Grande-2,1,LW,Estuary
Esc-Ba-Grande-3,30.3731,-87.2792,Esc-Ba-Grande,Escambia,Bayou Grande-3,1,LW,Estuary
Esc-Ba-South-1,30.4277,-87.19,Esc-Ba-South,Escambia,Bayou Texar South-1,1,LW,Estuary
Esc-Ba-South-2,30.4244,-87.1885,Esc-Ba-South,Escambia,Bayou Texar South-2,1,LW,Estuary
Esc-Ba-Tex-1,30.452,-87.2003,Esc-Ba-Tex,Escambia,Bayou Texar-1,1,LW,Estuary
Esc-Ba-Tex-2,30.4456,-87.1878,Esc-Ba-Tex,Escambia,Bayou Texar-2,1,LW,Estuary
Esc-Ba-Tex-3,30.4344,-87.186,Esc-Ba-Tex,Escambia,Bayou Texar-3,1,LW,Estuary
Esc-Big-Lagoon-1,30.3087,-87.3881,Esc-Big-Lagoon,Escambia,Big Lagoon-1,1,LW,Estuary
Esc-Big-Lagoon-2,30.3259,-87.3535,Esc-Big-Lagoon,Escambia,Big Lagoon-2,1,LW,Estuary
Esc-Big-Lagoon-3,30.3242,-87.3307,Esc-Big-Lagoon,Escambia,Big Lagoon-3,1,LW,Estuary
Esc-Blue Ange-1,30.3419,-87.347,Esc-Blue Ange,Escambia,Blue Angel,1,LW,Lake
Esc-Blue Ange-2,30.3423,-87.3462,Esc-Blue Ange,Escambia,Blue Angel,2,LW,Lake
Esc-Blue Ange-3,30.3425,-87.346,Esc-Blue Ange,Escambia,Blue Angel,3,LW,Lake
Esc-Ca-Creek-1,30.4839,-87.2217,Esc-Ca-Creek,Escambia,Carpenters Creek-1,1,LW,River/Stream
Esc-Ca-Creek-2,30.4815,-87.2206,Esc-Ca-Creek,Escambia,Carpenters Creek-2,1,LW,River/Stream
Esc-Crescent-2,30.4669,-87.2733,Esc-Crescent,Escambia,Crescent,2,LW,Lake
Esc-CrownPt-1,30.4071,-87.3909,Esc-CrownPt,Escambia,Crown Point,1,LW,Lake
Esc-CrownPt-2,30.4055,-87.3918,Esc-CrownPt,Escambia,Crown Point,2,LW,Lake
Esc-CrownPt-3,30.4048,-87.3896,Esc-CrownPt,Escambia,Crown Point,3,LW,Lake
Esc-GrandeLa-1,30.3221,-87.3969,Esc-GrandeLa,Escambia,Grande Lagoon,1,LW,Lake
Esc-GrandeLa-2,30.3199,-87.3962,Esc-GrandeLa,Escambia,Grande Lagoon,2,LW,Lake
Esc-GrandeLa-3,30.319,-87.3972,Esc-GrandeLa,Escambia,Grande Lagoon,3,LW,Lake
Esc-GrandeLa-4,30.3204,-87.3985,Esc-GrandeLa,Escambia,Grande Lagoon,4,LW,Lake
Esc-GrandeLa-5,30.3187,-87.3948,Esc-GrandeLa,Escambia,Grande Lagoon,5,LW,Lake
Esc-PensacolaBay-1,30.414,-87.1874,Esc-PensacolaBay,Escambia,Pensacola Bay-1,1,LW,Estuary
Esc-PensacolaBay-2,30.4071,-87.1853,Esc-PensacolaBay,Escambia,Pensacola Bay-2,1,LW,Estuary
Esc-PensacolaBay-3,30.3965,-87.18,Esc-PensacolaBay,Escambia,Pensacola Bay-3,1,LW,Estuary
Esc-PerdidoB-1,30.3239,-87.5044,Esc-PerdidoB,Escambia,Perdido Bay-1,1,LW,Estuary
Esc-PerdidoB-2,30.3222,-87.4575,Esc-PerdidoB,Escambia,Perdido Bay-2,1,LW,Estuary
Esc-PerdidoB-3,30.3456,-87.4417,Esc-PerdidoB,Escambia,Perdido Bay-3,1,LW,Estuary
Esc-Stone-1,30.9625,-87.2848,Esc-Stone,Escambia,Stone,1,LW,Lake
Esc-Stone-2,30.9645,-87.288,Esc-Stone,Escambia,Stone,2,LW,Lake
Esc-Stone-3,30.9663,-87.2945,Esc-Stone,Escambia,Stone,3,LW,Lake
Fla-Avalon-1,29.6242,-81.2019,Fla-Avalon,Flagler,Avalon,1,LW,Lake
Fla-Avalon-2,29.6247,-81.2001,Fla-Avalon,Flagler,Avalon,2,LW,Lake
Fla-Avalon-3,29.6237,-81.1998,Fla-Avalon,Flagler,Avalon,3,LW,Lake
Fla-BelleAir-1,29.5782,-81.2392,Fla-BelleAir,Flagler,Belle Aire,1,LW,Lake
Fla-BelleAir-2,29.5783,-81.2392,Fla-BelleAir,Flagler,Belle Aire,2,LW,Lake
Fla-BelleAir-3,29.5789,-81.2389,Fla-BelleAir,Flagler,Belle Aire,3,LW,Lake
Fla-BelleTer-2,29.6044,-81.2539,Fla-BelleTer,Flagler,Belle Terre,2,LW,Lake
Fla-Birchwood-2,29.5794,-81.2389,Fla-Birchwood,Flagler,Birchwood,2,LW,Lake
Fla-BirchwooB-2,29.5794,-81.2397,Fla-BirchwooB,Flagler,Birchwood Basin,2,LW,Lake
Fla-BirdofP-2,29.5919,-81.2467,Fla-BirdofP,Flagler,Bird of Paradise,2,LW,Lake
Fla-Birdway-2,29.5875,-81.2492,Fla-Birdway,Flagler,Birdway,2,LW,Lake
Fla-Brandon-1,29.4408,-81.2328,Fla-Brandon,Flagler,Brandon,1,LW,Lake
Fla-Brandon-2,29.446,-81.2323,Fla-Brandon,Flagler,Brandon,2,LW,Lake
Fla-Brandon-3,29.4462,-81.2318,Fla-Brandon,Flagler,Brandon,3,LW,Lake
Fla-Brittany-1,29.5571,-81.2513,Fla-Brittany,Flagler,Brittany,1,LW,Lake
Fla-Brittany-2,29.5587,-81.2504,Fla-Brittany,Flagler,Brittany,2,LW,Lake
Fla-Brittany-3,29.5601,-81.2494,Fla-Brittany,Flagler,Brittany,3,LW,Lake
Fla-CheyC-1,29.6003,-81.2057,Fla-CheyC,Flagler,Cheyenne Cove,1,LW,Lake
Fla-CheyC-2,29.6002,-81.2057,Fla-CheyC,Flagler,Cheyenne Cove,2,LW,Lake
Fla-CheyC-3,29.6,-81.2056,Fla-CheyC,Flagler,Cheyenne Cove,3,LW,Lake
Fla-ClubhWW-1,29.5774,-81.193,Fla-ClubhWW,Flagler,Clubhouse Waterway-1,1,LW,Estuary
Fla-Dead-1,29.4084,-81.4359,Fla-Dead,Flagler,Dead,1,LW,Lake
Fla-Dead-2,29.4145,-81.4378,Fla-Dead,Flagler,Dead,2,LW,Lake
Fla-Dead-3,29.4191,-81.4377,Fla-Dead,Flagler,Dead,3,LW,Lake
Fla-Disston-1,29.2828,-81.3989,Fla-Disston,Flagler,Disston,1,LW,Lake
Fla-Disston-2,29.287,-81.3887,Fla-Disston,Flagler,Disston,2,LW,Lake
Fla-Disston-3,29.2927,-81.3781,Fla-Disston,Flagler,Disston,3,LW,Lake
Fla-Emerald-1,29.5207,-81.161,Fla-Emerald,Flagler,Emerald,1,LW,Lake
Fla-Emerald-2,29.5124,-81.1561,Fla-Emerald,Flagler,Emerald,2,LW,Lake
Fla-Emerald-3,29.5025,-81.153,Fla-Emerald,Flagler,Emerald,3,LW,Lake
Fla-Gore-1,29.4625,-81.2175,Fla-Gore,Flagler,Gore,1,LW,Lake
Fla-Gore-2,29.4605,-81.2175,Fla-Gore,Flagler,Gore,2,LW,Lake
Fla-Gore-3,29.4586,-81.2173,Fla-Gore,Flagler,Gore,3,LW,Lake
Fla-GrandH12-1,29.5337,-81.1617,Fla-GrandH12,Flagler,Grand Haven 12,1,LW,Lake
Fla-GrandH12-2,29.5332,-81.1613,Fla-GrandH12,Flagler,Grand Haven 12,2,LW,Lake
Fla-GrandH12-3,29.5326,-81.1612,Fla-GrandH12,Flagler,Grand Haven 12,3,LW,Lake
Fla-GrandH13-1,29.5326,-81.1637,Fla-GrandH13,Flagler,Grand Haven 13,1,LW,Lake
Fla-GrandH13-2,29.5322,-81.1635,Fla-GrandH13,Flagler,Grand Haven 13,2,LW,Lake
Fla-GrandH13-3,29.532,-81.1634,Fla-GrandH13,Flagler,Grand Haven 13,3,LW,Lake
Fla-GrandH18A-1,29.5236,-81.1642,Fla-GrandH18A,Flagler,Grand Haven 18A,1,LW,Lake
Fla-GrandH18A-2,29.5237,-81.1653,Fla-GrandH18A,Flagler,Grand Haven 18A,2,LW,Lake
Fla-GrandH18A-3,29.5241,-81.1661,Fla-GrandH18A,Flagler,Grand Haven 18A,3,LW,Lake
Fla-GrandH28-1,29.5566,-81.1734,Fla-GrandH28,Flagler,Grand Haven 28,1,LW,Lake
Fla-GrandH28-2,29.5554,-81.1724,Fla-GrandH28,Flagler,Grand Haven 28,2,LW,Lake
Fla-GrandH28-3,29.5547,-81.1724,Fla-GrandH28,Flagler,Grand Haven 28,3,LW,Lake
Fla-GrandH4-1,29.5488,-81.169,Fla-GrandH4,Flagler,Grand Haven 4,1,LW,Lake
Fla-GrandH4-2,29.5479,-81.1684,Fla-GrandH4,Flagler,Grand Haven 4,2,LW,Lake
Fla-GrandH4-3,29.5469,-81.1681,Fla-GrandH4,Flagler,Grand Haven 4,3,LW,Lake
Fla-GrandH5-1,29.5443,-81.1669,Fla-GrandH5,Flagler,Grand Haven 5,1,LW,Lake
Fla-GrandH5-2,29.5432,-81.1663,Fla-GrandH5,Flagler,Grand Haven 5,2,LW,Lake
Fla-GrandH5-3,29.5425,-81.1658,Fla-GrandH5,Flagler,Grand Haven 5,3,LW,Lake
Fla-GrandHW6-1,29.5471,-81.1899,Fla-GrandHW6,Flagler,Grand Haven W6,1,LW,Lake
Fla-GrandHW6-2,29.5486,-81.1879,Fla-GrandHW6,Flagler,Grand Haven W6,2,LW,Lake
Fla-GrandHW6-3,29.5489,-81.1886,Fla-GrandHW6,Flagler,Grand Haven W6,3,LW,Lake
Fla-GrandHW6-4,29.5495,-81.1881,Fla-GrandHW6,Flagler,Grand Haven W6,4,LW,Lake
Fla-GrandHW6-5,29.5502,-81.1875,Fla-GrandHW6,Flagler,Grand Haven W6,5,LW,Lake
Fla-GrandHW6-6,29.5513,-81.1867,Fla-GrandHW6,Flagler,Grand Haven W6,6,LW,Lake
Fla-Lakeside-1,29.6523,-81.2081,Fla-Lakeside,Flagler,Lakeside,1,LW,Lake
Fla-Lakeside-2,29.6508,-81.2085,Fla-Lakeside,Flagler,Lakeside,2,LW,Lake
Fla-Lakeside-3,29.6484,-81.2054,Fla-Lakeside,Flagler,Lakeside,3,LW,Lake
Fla-Medford-1,29.6243,-81.1974,Fla-Medford,Flagler,Medford,1,LW,Lake
Fla-Medford-2,29.6243,-81.1966,Fla-Medford,Flagler,Medford,2,LW,Lake
Fla-Nantucket-1,29.6253,-81.1962,Fla-Nantucket,Flagler,Nantucket,1,LW,Lake
Fla-Nantucket-2,29.626,-81.1971,Fla-Nantucket,Flagler,Nantucket,2,LW,Lake
Fla-Nantucket-3,29.6261,-81.1988,Fla-Nantucket,Flagler,Nantucket,3,LW,Lake
Fla-Parkview-2,29.5506,-81.2456,Fla-Parkview,Flagler,Parkview Stream,2,LW,Lake
Fla-PineGrov-2,29.5086,-81.2061,Fla-PineGrov,Flagler,Pine Grove,2,LW,Lake
Fla-RibbonNo-2,29.5592,-81.2192,Fla-RibbonNo,Flagler,Ribbon North,2,LW,Lake
Fla-Rippling-2,29.5014,-81.24,Fla-Rippling,Flagler,Rippling,2,LW,Lake
Fla-Rodgers-1,29.4406,-81.2314,Fla-Rodgers,Flagler,Rodgers,1,LW,Lake
Fla-Rodgers-2,29.4401,-81.2311,Fla-Rodgers,Flagler,Rodgers,2,LW,Lake
Fla-Rodgers-3,29.4396,-81.2308,Fla-Rodgers,Flagler,Rodgers,3,LW,Lake
Fla-SeaVista-1,29.6248,-81.1959,Fla-SeaVista,Flagler,Sea Vista,1,LW,Lake
Fla-SeaVista-2,29.624,-81.1956,Fla-SeaVista,Flagler,Sea Vista,2,LW,Lake
Fla-Walker We-1,29.5329,-81.2159,Fla-Walker We,Flagler,Walker West,1,LW,Lake
Fla-Walker We-2,29.534300000000002,-81.2151,Fla-Walker We,Flagler,Walker West,2,LW,Lake
Fla-Walker We-3,29.5357,-81.2137,Fla-Walker We,Flagler,Walker West,3,LW,Lake
Fla-Wynnfield-2,29.5361,-81.2533,Fla-Wynnfield,Flagler,Wynnfield,2,LW,Lake
Fra-Al-Harbor-1,29.9217,-84.4158,Fra-Al-Harbor,Franklin,Alligator Harbor-1,1,LW,Estuary
Fra-Al-Harbor-2,29.9197,-84.4418,Fra-Al-Harbor,Franklin,Alligator Harbor-2,1,LW,Estuary
Fra-Al-Harbor-3,29.9193,-84.4052,Fra-Al-Harbor,Franklin,Alligator Harbor-3,1,LW,Estuary
Fra-Al-Harbor-4,29.904,-84.3715,Fra-Al-Harbor,Franklin,Alligator Harbor-4,1,LW,Estuary
Fra-Al-Harbor-5,29.9063,-84.418,Fra-Al-Harbor,Franklin,Alligator Harbor-5,1,LW,Estuary
Fra-Al-Harbor-6,29.8982,-84.3777,Fra-Al-Harbor,Franklin,Alligator Harbor-6,1,LW,Estuary
Fra-Al-Harbor-7,29.9257,-84.4508,Fra-Al-Harbor,Franklin,Alligator Harbor-7,1,LW,Estuary
Fra-ApalacBay-1,29.7102,-85.0125,Fra-ApalacBay,Franklin,Apalachicola Bay-1,1,LW,Estuary
Fra-ApalacBay-2,29.6711,-84.8707,Fra-ApalacBay,Franklin,Apalachicola Bay-2,1,LW,Estuary
Fra-ApalacBay-3,29.6903,-84.7999,Fra-ApalacBay,Franklin,Apalachicola Bay-3,1,LW,Estuary
Fra-ApalacBay-4,29.7387,-84.8731,Fra-ApalacBay,Franklin,Apalachicola Bay-4,1,LW,Estuary
Fra-ApalacBay-5,29.74,-84.904,Fra-ApalacBay,Franklin,Apalachicola Bay-5,1,LW,Estuary
Fra-Hu-Creek-1,29.7412,-85.0835,Fra-Hu-Creek,Franklin,Huckleberry Creek-1,1,LW,River/Stream
Fra-Hu-Creek-2,29.7482,-85.0761,Fra-Hu-Creek,Franklin,Huckleberry Creek-2,1,LW,River/Stream
Fra-Hu-Creek-3,29.7605,-85.073,Fra-Hu-Creek,Franklin,Huckleberry Creek-3,1,LW,River/Stream
Fra-TurtleHr-1,29.7369,-85.0056,Fra-TurtleHr,Franklin,Turtle Harbor-1,1,LW,Estuary
Fra-TurtleHr-2,29.737,-85.0046,Fra-TurtleHr,Franklin,Turtle Harbor-2,1,LW,Estuary
Fra-TurtleHr-3,29.737,-85.0032,Fra-TurtleHr,Franklin,Turtle Harbor-3,1,LW,Estuary
Fra-TurtleHr-4,29.737,-85.003,Fra-TurtleHr,Franklin,Turtle Harbor-4,1,LW,Estuary
Gad-Lett-2,30.5085,-84.4269,Gad-Lett,Gadsden,Lett,2,LW,Lake
Gad-Tallavana-1,30.5928,-84.4678,Gad-Tallavana,Gadsden,Tallavana,1,LW,Lake
Gad-Tallavana-2,30.5964,-84.4683,Gad-Tallavana,Gadsden,Tallavana,2,LW,Lake
Gad-Tallavana-3,30.5978,-84.4672,Gad-Tallavana,Gadsden,Tallavana,3,LW,Lake
Gad-Tallavana-4,30.6022,-84.4606,Gad-Tallavana,Gadsden,Tallavana,4,LW,Lake
Gad-Tallavana-5,30.5894,-84.4653,Gad-Tallavana,Gadsden,Tallavana,5,LW,Lake
Gad-Talquin-1,30.4148,-84.5963,Gad-Talquin,Gadsden,Talquin,1,LW,Lake
Gad-Talquin-2,30.4152,-84.6204,Gad-Talquin,Gadsden,Talquin,2,LW,Lake
Gad-Talquin-3,30.3978,-84.6414,Gad-Talquin,Gadsden,Talquin,3,LW,Lake
Gad-Yvette-1,30.5305,-84.4689,Gad-Yvette,Gadsden,Yvette,1,LW,Lake
Gad-Yvette-2,30.5314,-84.4662,Gad-Yvette,Gadsden,Yvette,2,LW,Lake
Gad-Yvette-3,30.5323,-84.4623,Gad-Yvette,Gadsden,Yvette,3,LW,Lake
Gil-Gil-BlueSp-Run-1,29.8324,-82.682,Gil-Gil-BlueSp-Run,Gilchrist,Gilchrist Blue Spring Run-1,1,LW,Spring Run
Gil-Ginnie-Spring-Run-1,29.8363,-82.6996,Gil-Ginnie-Spring-Run,Gilchrist,Ginnie Spring Run-1,1,LW,Spring Run
Gil-Su-North-1,29.593,-82.9382,Gil-Su-North,Gilchrist,Suwannee River North-1,1,LW,River/Stream
Gil-Su-North-2,29.6088,-82.9717,Gil-Su-North,Gilchrist,Suwannee River North-2,1,LW,River/Stream
Gil-Su-North-3,29.6763,-82.9539,Gil-Su-North,Gilchrist,Suwannee River North-3,1,LW,River/Stream
Gul-Airstrip-1,29.74778,-85.289167,Gul-Airstrip,Gulf,Airstrip-1,1,LW,Estuary
Gul-Cattle-Dip-1,29.710484,NA,Gul-Cattle-Dip,Gulf,Cattle Dip-1,1,LW,Estuary
Gul-Dead-1,30.141,-85.1776,Gul-Dead,Gulf,Dead,1,LW,Lake
Gul-Dead-2,30.1392,-85.1791,Gul-Dead,Gulf,Dead,2,LW,Lake
Gul-Dead-3,30.1353,-85.1848,Gul-Dead,Gulf,Dead,3,LW,Lake
Gul-DepotCr-1,29.7189,-85.2858,Gul-DepotCr,Gulf,Depot Creek-1,1,LW,Lake
Gul-DoveFd-1,29.7079,-85.2551,Gul-DoveFd,Gulf,Dove Field-1,1,LW,Lake
Gul-MoneyBy-1,29.6946,-85.2818,Gul-MoneyBy,Gulf,Money Bayou-1,1,LW,Estuary
Gul-MoneyBy-2,29.6975,-85.2804,Gul-MoneyBy,Gulf,Money Bayou-2,1,LW,Estuary
Gul-Pond-Road-1,29.707097,NA,Gul-Pond-Road,Gulf,Pond Road-1,1,LW,Estuary
Gul-SimmonsBy-1,29.7538,-85.3028,Gul-SimmonsBy,Gulf,Simmons Bayou-1,1,LW,Estuary
Gul-South-Gate-1,29.686582,-85.301593,Gul-South-Gate,Gulf,South Gate-1,1,LW,Estuary
Gul-St-phBay-1,29.6932,-85.3205,Gul-St-phBay,Gulf,St. Joseph Bay-1,1,LW,Estuary
Gul-St-phBay-2,29.719,-85.3327,Gul-St-phBay,Gulf,St. Joseph Bay-2,1,LW,Estuary
Gul-St-phBay-3,29.6994,-85.3632,Gul-St-phBay,Gulf,St. Joseph Bay-3,1,LW,Estuary
Gul-St-phBay-4,29.7698,-85.4021,Gul-St-phBay,Gulf,St. Joseph Bay-4,1,LW,Estuary
Gul-St-phBay-5,29.7585,-85.3844,Gul-St-phBay,Gulf,St. Joseph Bay-5,1,LW,Estuary
Gul-St-phBay-6,29.7984,-85.3047,Gul-St-phBay,Gulf,St. Joseph Bay-6,1,LW,Estuary
Gul-St-phBay-7,29.7436,-85.3274,Gul-St-phBay,Gulf,St. Joseph Bay-7,1,LW,Estuary
Gul-St-phBay-8,29.8285,-85.3287,Gul-St-phBay,Gulf,St. Joseph Bay-8,1,LW,Estuary
Gul-St-phBay-9,29.7357,-85.3849,Gul-St-phBay,Gulf,St. Joseph Bay-9,1,LW,Estuary
Gul-Wimico-2,29.8044,-85.2718,Gul-Wimico,Gulf,Wimico,2,LW,Lake
Ham-Forest-1,30.5316,-83.1235,Ham-Forest,Hamilton,Forest,1,LW,Lake
Ham-Forest-2,30.5322,-83.1228,Ham-Forest,Hamilton,Forest,2,LW,Lake
Ham-Forest-3,30.5326,-83.1221,Ham-Forest,Hamilton,Forest,3,LW,Lake
Ham-Oak-1,30.5711,-83.2015,Ham-Oak,Hamilton,Oak,1,LW,Lake
Ham-Oak-2,30.5713,-83.2035,Ham-Oak,Hamilton,Oak,2,LW,Lake
Ham-Oak-3,30.5695,-83.2026,Ham-Oak,Hamilton,Oak,3,LW,Lake
Ham-OakBay-1,30.5689,-83.206,Ham-OakBay,Hamilton,Oak Bay,1,LW,Lake
Ham-PerchPd-1,30.5403,-83.1039,Ham-PerchPd,Hamilton,Perch Pond,1,LW,Lake
Ham-PerchPd-2,30.5399,-83.1041,Ham-PerchPd,Hamilton,Perch Pond,2,LW,Lake
Ham-PerchPd-3,30.5388,-83.1044,Ham-PerchPd,Hamilton,Perch Pond,3,LW,Lake
Ham-Timber-1,30.5431,-83.1092,Ham-Timber,Hamilton,Timber,1,LW,Lake
Ham-Timber-2,30.5449,-83.1092,Ham-Timber,Hamilton,Timber,2,LW,Lake
Ham-Timber-3,30.5466,-83.1091,Ham-Timber,Hamilton,Timber,3,LW,Lake
Har-BrCr-SR64-1-1,27.4848,-81.9677,Har-BrCr-SR64-1,Hardee,Brushy Creek-SR64-1,1,LW,River/Stream
Har-BrCr-SR64-2-1,27.4848,-81.9677,Har-BrCr-SR64-2,Hardee,Brushy Creek-SR64-2,1,LW,River/Stream
Har-ChCr-SR64-1-1,27.565,-81.6377,Har-ChCr-SR64-1,Hardee,Charlie Creek-SR64-1,1,LW,River/Stream
Har-ChCr-SR64-2-1,27.565,-81.6377,Har-ChCr-SR64-2,Hardee,Charlie Creek-SR64-2,1,LW,River/Stream
Har-ChCr-SR66-1-1,27.4584,-81.6786,Har-ChCr-SR66-1,Hardee,Charlie Creek-SR66-1,1,LW,River/Stream
Har-ChCr-SR66-2-1,27.4584,-81.6786,Har-ChCr-SR66-2,Hardee,Charlie Creek-SR66-2,1,LW,River/Stream
Har-HkC-CR661-1-1,27.4435,-81.875,Har-HkC-CR661-1,Hardee,Hickory Creek-CR661-1,1,LW,River/Stream
Har-HkC-CR661-2-1,27.4435,-81.875,Har-HkC-CR661-2,Hardee,Hickory Creek-CR661-2,1,LW,River/Stream
Har-OkC-CR634-1-1,27.3996,-81.6152,Har-OkC-CR634-1,Hardee,Oak Creek-CR634-1,1,LW,River/Stream
Har-OkC-CR634-2-1,27.3996,-81.6152,Har-OkC-CR634-2,Hardee,Oak Creek-CR634-2,1,LW,River/Stream
Har-OkC-CR661-1-1,27.4151,-81.8822,Har-OkC-CR661-1,Hardee,Oak Creek-CR661-1,1,LW,River/Stream
Har-OkC-CR661-2-1,27.4151,-81.8822,Har-OkC-CR661-2,Hardee,Oak Creek-CR661-2,1,LW,River/Stream
Har-PeacR-CRL-1-1,27.6462,-81.8022,Har-PeacR-CRL-1,Hardee,Peace River-CLR-1,1,LW,River/Stream
Har-PeacR-CRL-2-1,27.6462,-81.8022,Har-PeacR-CRL-2,Hardee,Peace River-CLR-2,1,LW,River/Stream
Har-TrCr-SR64-1-1,27.4822,-81.8618,Har-TrCr-SR64-1,Hardee,Troublesome Creek-SR64-1,1,LW,River/Stream
Har-TrCr-SR64-2-1,27.4822,-81.8618,Har-TrCr-SR64-2,Hardee,Troublesome Creek-SR64-2,1,LW,River/Stream
Her-Arepika-Channel-1,28.4566,-82.7433,Her-Arepika-Channel,Hernando,Arepika Channel-1,1,LW,Estuary
Her-Bystre-1,28.5408,-82.327,Her-Bystre,Hernando,Bystre,1,LW,Lake
Her-Bystre-2,28.5445,-82.326,Her-Bystre,Hernando,Bystre,2,LW,Lake
Her-Bystre-3,28.5473,-82.3303,Her-Bystre,Hernando,Bystre,3,LW,Lake
Her-Chassahowitzka-Channel-1,28.6583,-82.735,Her-Chassahowitzka-Channel,Hernando,Chassahowitzka Channel-1,1,LW,Estuary
Her-Croaker-1,28.4713,-82.6583,Her-Croaker,Hernando,Croaker,1,LW,Lake
Her-Croaker-2,28.4712,-82.6555,Her-Croaker,Hernando,Croaker,2,LW,Lake
Her-Croaker-3,28.4712,-82.6531,Her-Croaker,Hernando,Croaker,3,LW,Lake
Her-Cutter-Rock-1,28.516317,-82.7489,Her-Cutter-Rock,Hernando,Cutter Rock-1,1,LW,Estuary
Her-Hernando-Beach-Waters-1,28.514533,-82.73455,Her-Hernando-Beach-Waters,Hernando,Hernando Beach Waters-1,1,LW,Estuary
Her-Hernando-Beach-1,28.4929,-82.6584,Her-Hernando-Beach,Hernando,Hernando Beach-1,1,LW,Estuary
Her-Hernando-Beach-2,28.5183,-82.7089,Her-Hernando-Beach,Hernando,Hernando Beach-2,1,LW,Estuary
Her-Hernando-Beach-3,28.494,-82.6511,Her-Hernando-Beach,Hernando,Hernando Beach-3,1,LW,Estuary
Her-Hernando-Beach-4,28.4998,-82.6503,Her-Hernando-Beach,Hernando,Hernando Beach-4,1,LW,Estuary
Her-Hernando-Beach-5,28.4971,-82.653,Her-Hernando-Beach,Hernando,Hernando Beach-5,1,LW,Estuary
Her-Hernando-Beach-6,28.4911,-82.6514,Her-Hernando-Beach,Hernando,Hernando Beach-6,1,LW,Estuary
Her-Horse-1,28.5408,-82.4196,Her-Horse,Hernando,Horse,1,LW,Lake
Her-Horse-2,28.5396,-82.4214,Her-Horse,Hernando,Horse,2,LW,Lake
Her-Horse-3,28.5381,-82.4227,Her-Horse,Hernando,Horse,3,LW,Lake
Her-Hunter-1,28.4447,-82.6231,Her-Hunter,Hernando,Hunter,1,LW,Lake
Her-Hunter-2,28.4411,-82.6216,Her-Hunter,Hernando,Hunter,2,LW,Lake
Her-Hunter-3,28.4388,-82.6185,Her-Hunter,Hernando,Hunter,3,LW,Lake
Her-Lindsey-1,28.6307,-82.3661,Her-Lindsey,Hernando,Lindsey,1,LW,Lake
Her-Lindsey-2,28.6294,-82.366,Her-Lindsey,Hernando,Lindsey,2,LW,Lake
Her-Lindsey-3,28.6282,-82.366,Her-Lindsey,Hernando,Lindsey,3,LW,Lake
Her-MayPrair-1,28.6247,-82.3538,Her-MayPrair,Hernando,May Prairie,1,LW,Lake
Her-MayPrair-2,28.6229,-82.3541,Her-MayPrair,Hernando,May Prairie,2,LW,Lake
Her-MayPrair-3,28.6215,-82.3545,Her-MayPrair,Hernando,May Prairie,3,LW,Lake
Her-Mountain-1,28.4808,-82.3108,Her-Mountain,Hernando,Mountain,1,LW,Lake
Her-Mountain-2,28.4789,-82.3124,Her-Mountain,Hernando,Mountain,2,LW,Lake
Her-Mountain-3,28.4757,-82.3126,Her-Mountain,Hernando,Mountain,3,LW,Lake
Her-Neff-1,28.4833,-82.3255,Her-Neff,Hernando,Neff,1,LW,Lake
Her-Neff-2,28.4787,-82.326,Her-Neff,Hernando,Neff,2,LW,Lake
Her-Neff-3,28.4757,-82.3218,Her-Neff,Hernando,Neff,3,LW,Lake
Her-North-Rack-1,28.564917,-82.78085,Her-North-Rack,Hernando,North Rack-1,1,LW,Estuary
Her-Pine-Island-1,28.564917,-82.654267,Her-Pine-Island,Hernando,Pine Island-1,1,LW,Estuary
Her-Sparkm-1,28.465,-82.3652,Her-Sparkm,Hernando,Sparkman,1,LW,Lake
Her-Sparkm-2,28.4656,-82.3643,Her-Sparkm,Hernando,Sparkman,2,LW,Lake
Her-Sparkm-3,28.4663,-82.3634,Her-Sparkm,Hernando,Sparkman,3,LW,Lake
Her-Spring-1,28.492,-82.2965,Her-Spring,Hernando,Spring,1,LW,Lake
Her-Spring-2,28.493,-82.2951,Her-Spring,Hernando,Spring,2,LW,Lake
Her-Spring-3,28.4941,-82.2936,Her-Spring,Hernando,Spring,3,LW,Lake
Her-Weeki-Wac-1,28.5188,-82.5758,Her-Weeki-Wac,Hernando,Weeki Wachee-1,1,LW,River/Stream
Her-Weeki-Wac-2,28.5298,-82.607,Her-Weeki-Wac,Hernando,Weeki Wachee-2,1,LW,River/Stream
Her-Weeki-Wac-3,28.5344,-82.6361,Her-Weeki-Wac,Hernando,Weeki Wachee-3,1,LW,River/Stream
Hig-Adelaide-1,27.6436,-81.5313,Hig-Adelaide,Highlands,Adelaide,1,LW,Lake
Hig-Adelaide-2,27.6396,-81.5316,Hig-Adelaide,Highlands,Adelaide,2,LW,Lake
Hig-Adelaide-3,27.6377,-81.5324,Hig-Adelaide,Highlands,Adelaide,3,LW,Lake
Hig-Angelo-1,27.5874,-81.4655,Hig-Angelo,Highlands,Angelo,1,LW,Lake
Hig-Angelo-2,27.5864,-81.4665,Hig-Angelo,Highlands,Angelo,2,LW,Lake
Hig-Angelo-3,27.5854,-81.4678,Hig-Angelo,Highlands,Angelo,3,LW,Lake
Hig-Annie-1,27.2091,-81.3489,Hig-Annie,Highlands,Annie,1,LW,Lake
Hig-Annie-2,27.208,-81.3508,Hig-Annie,Highlands,Annie,2,LW,Lake
Hig-Annie-3,27.2056,-81.352,Hig-Annie,Highlands,Annie,3,LW,Lake
Hig-Anoka-1,27.5788,-81.5124,Hig-Anoka,Highlands,Anoka,1,LW,Lake
Hig-Anoka-2,27.5807,-81.512200000000007,Hig-Anoka,Highlands,Anoka,2,LW,Lake
Hig-Anoka-3,27.5823,-81.512200000000007,Hig-Anoka,Highlands,Anoka,3,LW,Lake
Hig-Apthorpe-1,27.3432,-81.3715,Hig-Apthorpe,Highlands,Apthorpe,1,LW,Lake
Hig-Apthorpe-2,27.3442,-81.3647,Hig-Apthorpe,Highlands,Apthorpe,2,LW,Lake
Hig-Apthorpe-3,27.3439,-81.3598,Hig-Apthorpe,Highlands,Apthorpe,3,LW,Lake
Hig-Ar-Creek-1,27.4462,-81.3021,Hig-Ar-Creek,Highlands,Arbuckle Creek-1,1,LW,River/Stream
Hig-Ar-Creek-2,27.53,-81.3628,Hig-Ar-Creek,Highlands,Arbuckle Creek-2,1,LW,River/Stream
Hig-Ar-Creek-3,27.6453,-81.3585,Hig-Ar-Creek,Highlands,Arbuckle Creek-3,1,LW,River/Stream
Hig-August-1,27.2746,-81.4153,Hig-August,Highlands,August,1,LW,Lake
Hig-August-2,27.2758,-81.4131,Hig-August,Highlands,August,2,LW,Lake
Hig-August-3,27.2764,-81.4117,Hig-August,Highlands,August,3,LW,Lake
Hig-Blue-1,27.3153,-81.3579,Hig-Blue,Highlands,Blue,1,LW,Lake
Hig-Blue-2,27.3146,-81.3569,Hig-Blue,Highlands,Blue,2,LW,Lake
Hig-Blue-3,27.3136,-81.3565,Hig-Blue,Highlands,Blue,3,LW,Lake
Hig-Bonnet-1,27.5438,-81.4486,Hig-Bonnet,Highlands,Bonnet,1,LW,Lake
Hig-Bonnet-2,27.544,-81.444,Hig-Bonnet,Highlands,Bonnet,2,LW,Lake
Hig-Bonnet-3,27.5436,-81.4373,Hig-Bonnet,Highlands,Bonnet,3,LW,Lake
Hig-Brentwood-1,27.623,-81.5125,Hig-Brentwood,Highlands,Brentwood,1,LW,Lake
Hig-Brentwood-2,27.6224,-81.5118,Hig-Brentwood,Highlands,Brentwood,2,LW,Lake
Hig-Brentwood-3,27.6211,-81.5118,Hig-Brentwood,Highlands,Brentwood,3,LW,Lake
Hig-Byrd-1,27.6198,-81.5171,Hig-Byrd,Highlands,Byrd,1,LW,Lake
Hig-Byrd-2,27.6214,-81.5167,Hig-Byrd,Highlands,Byrd,2,LW,Lake
Hig-Byrd-3,27.6236,-81.5182,Hig-Byrd,Highlands,Byrd,3,LW,Lake
Hig-Carrie-1,27.3375,-81.4293,Hig-Carrie,Highlands,Carrie,1,LW,Lake
Hig-Carrie-2,27.3375,-81.4275,Hig-Carrie,Highlands,Carrie,2,LW,Lake
Hig-Carrie-3,27.3377,-81.4256,Hig-Carrie,Highlands,Carrie,3,LW,Lake
Hig-Ca-Creek-1,27.2771,-81.3952,Hig-Ca-Creek,Highlands,Catfish Creek-1,1,LW,River/Stream
Hig-Ca-Creek-2,27.2743,-81.3918,Hig-Ca-Creek,Highlands,Catfish Creek-2,1,LW,River/Stream
Hig-Ca-Creek-3,27.2714,-81.3885,Hig-Ca-Creek,Highlands,Catfish Creek-3,1,LW,River/Stream
Hig-Charlotte-1,27.4356,-81.4506,Hig-Charlotte,Highlands,Charlotte,1,LW,Lake
Hig-Charlotte-2,27.4331,-81.448,Hig-Charlotte,Highlands,Charlotte,2,LW,Lake
Hig-Charlotte-3,27.43,-81.4501,Hig-Charlotte,Highlands,Charlotte,3,LW,Lake
Hig-Chilton-1,27.6321,-81.5551,Hig-Chilton,Highlands,Chilton,1,LW,Lake
Hig-Chilton-2,27.6318,-81.5566,Hig-Chilton,Highlands,Chilton,2,LW,Lake
Hig-Chilton-3,27.631,-81.558,Hig-Chilton,Highlands,Chilton,3,LW,Lake
Hig-Clay-1,27.3074,-81.3501,Hig-Clay,Highlands,Clay,1,LW,Lake
Hig-Clay-2,27.3108,-81.3507,Hig-Clay,Highlands,Clay,2,LW,Lake
Hig-Clay-3,27.3159,-81.3486,Hig-Clay,Highlands,Clay,3,LW,Lake
Hig-Crews-1,27.2983,-81.4365,Hig-Crews,Highlands,Crews,1,LW,Lake
Hig-Crews-2,27.2964,-81.4364,Hig-Crews,Highlands,Crews,2,LW,Lake
Hig-Crews-3,27.2946,-81.4366,Hig-Crews,Highlands,Crews,3,LW,Lake
Hig-Damon-1,27.637,-81.5082,Hig-Damon,Highlands,Damon,1,LW,Lake
Hig-Damon-2,27.6335,-81.5094,Hig-Damon,Highlands,Damon,2,LW,Lake
Hig-Damon-3,27.6331,-81.5142,Hig-Damon,Highlands,Damon,3,LW,Lake
Hig-Deer-1,27.6106,-81.4746,Hig-Deer,Highlands,Deer,1,LW,Lake
Hig-Deer-2,27.6093,-81.4745,Hig-Deer,Highlands,Deer,2,LW,Lake
Hig-Deer-3,27.6081,-81.4741,Hig-Deer,Highlands,Deer,3,LW,Lake
Hig-Denton-1,27.558,-81.4881,Hig-Denton,Highlands,Denton,1,LW,Lake
Hig-Denton-2,27.5561,-81.4892,Hig-Denton,Highlands,Denton,2,LW,Lake
Hig-Denton-3,27.5542,-81.4901,Hig-Denton,Highlands,Denton,3,LW,Lake
Hig-Diane-1,27.2418,-81.3973,Hig-Diane,Highlands,Diane,1,LW,Lake
Hig-Diane-2,27.2407,-81.3973,Hig-Diane,Highlands,Diane,2,LW,Lake
Hig-Diane-3,27.2394,-81.3974,Hig-Diane,Highlands,Diane,3,LW,Lake
Hig-Dinner-1,27.512,-81.439,Hig-Dinner,Highlands,Dinner,1,LW,Lake
Hig-Dinner-2,27.5154,-81.4441,Hig-Dinner,Highlands,Dinner,2,LW,Lake
Hig-Dinner-3,27.5187,-81.4482,Hig-Dinner,Highlands,Dinner,3,LW,Lake
Hig-EaglePon-1,27.6273,-81.5326,Hig-EaglePon,Highlands,Eagle Pond,1,LW,Lake
Hig-EaglePon-2,27.6268,-81.5322,Hig-EaglePon,Highlands,Eagle Pond,2,LW,Lake
Hig-EaglePon-3,27.6268,-81.5327,Hig-EaglePon,Highlands,Eagle Pond,3,LW,Lake
Hig-ErinPkC-1,27.4659,-81.4574,Hig-ErinPkC,Highlands,Erin Park Canals,1,LW,Lake
Hig-ErinPkC-2,27.4652,-81.4576,Hig-ErinPkC,Highlands,Erin Park Canals,2,LW,Lake
Hig-ErinPkC-3,27.4643,-81.4577,Hig-ErinPkC,Highlands,Erin Park Canals,3,LW,Lake
Hig-Fox-1,27.6078,-81.4681,Hig-Fox,Highlands,Fox,1,LW,Lake
Hig-Fox-2,27.608,-81.4671,Hig-Fox,Highlands,Fox,2,LW,Lake
Hig-Fox-3,27.6082,-81.4663,Hig-Fox,Highlands,Fox,3,LW,Lake
Hig-Francis-1,27.3436,-81.401,Hig-Francis,Highlands,Francis,1,LW,Lake
Hig-Francis-2,27.3425,-81.4092,Hig-Francis,Highlands,Francis,2,LW,Lake
Hig-Francis-3,27.337,-81.4082,Hig-Francis,Highlands,Francis,3,LW,Lake
Hig-Glenada-1,27.5646,-81.5106,Hig-Glenada,Highlands,Glenada,1,LW,Lake
Hig-Glenada-2,27.5648,-81.5078,Hig-Glenada,Highlands,Glenada,2,LW,Lake
Hig-Glenada-3,27.5632,-81.5014,Hig-Glenada,Highlands,Glenada,3,LW,Lake
Hig-Grassy-1,27.2653,-81.3339,Hig-Grassy,Highlands,Grassy,1,LW,Lake
Hig-Grassy-2,27.2566,-81.3341,Hig-Grassy,Highlands,Grassy,2,LW,Lake
Hig-Grassy-3,27.2424,-81.3295,Hig-Grassy,Highlands,Grassy,3,LW,Lake
Hig-Henry-1,27.3222,-81.3813,Hig-Henry,Highlands,Henry,1,LW,Lake
Hig-Henry-2,27.3233,-81.3834,Hig-Henry,Highlands,Henry,2,LW,Lake
Hig-Henry-3,27.3261,-81.3842,Hig-Henry,Highlands,Henry,3,LW,Lake
Hig-Hill-1,27.348,-81.4382,Hig-Hill,Highlands,Hill,1,LW,Lake
Hig-Hill-2,27.3498,-81.4384,Hig-Hill,Highlands,Hill,2,LW,Lake
Hig-Hill-3,27.3519,-81.4385,Hig-Hill,Highlands,Hill,3,LW,Lake
Hig-Huckleber-1,27.4508,-81.4655,Hig-Huckleber,Highlands,Huckleberry,1,LW,Lake
Hig-Huckleber-2,27.4515,-81.464,Hig-Huckleber,Highlands,Huckleberry,2,LW,Lake
Hig-Huckleber-3,27.4526,-81.4615,Hig-Huckleber,Highlands,Huckleberry,3,LW,Lake
Hig-Huntley-1,27.2942,-81.3422,Hig-Huntley,Highlands,Huntley,1,LW,Lake
Hig-Huntley-2,27.2869,-81.3422,Hig-Huntley,Highlands,Huntley,2,LW,Lake
Hig-Huntley-3,27.2809,-81.3398,Hig-Huntley,Highlands,Huntley,3,LW,Lake
Hig-Isis-1,27.6123,-81.5118,Hig-Isis,Highlands,Isis,1,LW,Lake
Hig-Isis-2,27.6122,-81.5106,Hig-Isis,Highlands,Isis,2,LW,Lake
Hig-Isis-3,27.6123,-81.5089,Hig-Isis,Highlands,Isis,3,LW,Lake
Hig-Istokpoga-1,27.3428,-81.3073,Hig-Istokpoga,Highlands,Istokpoga,1,LW,Lake
Hig-Istokpoga-2,27.3402,-81.27,Hig-Istokpoga,Highlands,Istokpoga,2,LW,Lake
Hig-Istokpoga-3,27.3142,-81.2977,Hig-Istokpoga,Highlands,Istokpoga,3,LW,Lake
Hig-IstokpogN-1,27.401,-81.3332,Hig-IstokpogN,Highlands,Istokpoga North,1,LW,Lake
Hig-IstokpogN-2,27.4173,-81.3108,Hig-IstokpogN,Highlands,Istokpoga North,2,LW,Lake
Hig-IstokpogN-3,27.421,-81.285,Hig-IstokpogN,Highlands,Istokpoga North,3,LW,Lake
Hig-Jackson-1,27.482,-81.4598,Hig-Jackson,Highlands,Jackson,1,LW,Lake
Hig-Jackson-2,27.495,-81.4619,Hig-Jackson,Highlands,Jackson,2,LW,Lake
Hig-Jackson-3,27.508,-81.4772,Hig-Jackson,Highlands,Jackson,3,LW,Lake
Hig-Jackson-4,27.5081,-81.4775,Hig-Jackson,Highlands,Jackson,4,LW,Lake
Hig-JosephinC-1,27.3962,-81.4424,Hig-JosephinC,Highlands,Josephine Center,1,LW,Lake
Hig-JosephinC-2,27.3937,-81.446,Hig-JosephinC,Highlands,Josephine Center,2,LW,Lake
Hig-JosephinC-3,27.3904,-81.439,Hig-JosephinC,Highlands,Josephine Center,3,LW,Lake
Hig-JosephinE-1,27.401,-81.4229,Hig-JosephinE,Highlands,Josephine East,1,LW,Lake
Hig-JosephinE-2,27.3937,-81.4243,Hig-JosephinE,Highlands,Josephine East,2,LW,Lake
Hig-JosephinE-3,27.3882,-81.4312,Hig-JosephinE,Highlands,Josephine East,3,LW,Lake
Hig-JosephinW-1,27.4069,-81.4535,Hig-JosephinW,Highlands,Josephine West,1,LW,Lake
Hig-JosephinW-2,27.4024,-81.4517,Hig-JosephinW,Highlands,Josephine West,2,LW,Lake
Hig-JosephinW-3,27.3992,-81.449,Hig-JosephinW,Highlands,Josephine West,3,LW,Lake
Hig-June-1,27.2952,-81.4164,Hig-June,Highlands,June,1,LW,Lake
Hig-June-2,27.2833,-81.3984,Hig-June,Highlands,June,2,LW,Lake
Hig-June-3,27.2822,-81.3905,Hig-June,Highlands,June,3,LW,Lake
Hig-JuneN-1,27.3109,-81.3709,Hig-JuneN,Highlands,June North,1,LW,Lake
Hig-JuneN-2,27.3169,-81.3979,Hig-JuneN,Highlands,June North,2,LW,Lake
Hig-JuneN-3,27.3193,-81.4199,Hig-JuneN,Highlands,June North,3,LW,Lake
Hig-KisRivLor-1,27.3627,-81.0441,Hig-KisRivLor,Highlands,Kissimmee River Lorida-1,1,LW,River/Stream
Hig-KisRivLor-2,27.3617,-81.0376,Hig-KisRivLor,Highlands,Kissimmee River Lorida-2,1,LW,River/Stream
Hig-KisRivLor-3,27.3589,-81.0347,Hig-KisRivLor,Highlands,Kissimmee River Lorida-3,1,LW,River/Stream
Hig-KisRivLor-4,27.3542,-81.0331,Hig-KisRivLor,Highlands,Kissimmee River Lorida-4,1,LW,River/Stream
Hig-Lelia-1,27.5737,-81.5014,Hig-Lelia,Highlands,Lelia,1,LW,Lake
Hig-Lelia-2,27.5734,-81.5042,Hig-Lelia,Highlands,Lelia,2,LW,Lake
Hig-Lelia-3,27.5733,-81.5091,Hig-Lelia,Highlands,Lelia,3,LW,Lake
Hig-Letta-1,27.5658,-81.4616,Hig-Letta,Highlands,Letta,1,LW,Lake
Hig-Letta-2,27.5616,-81.461,Hig-Letta,Highlands,Letta,2,LW,Lake
Hig-Letta-3,27.5571,-81.4607,Hig-Letta,Highlands,Letta,3,LW,Lake
Hig-Lillian-1,27.6315,-81.5186,Hig-Lillian,Highlands,Lillian,1,LW,Lake
Hig-Lillian-2,27.6305,-81.5208,Hig-Lillian,Highlands,Lillian,2,LW,Lake
Hig-Lillian-3,27.6322,-81.5201,Hig-Lillian,Highlands,Lillian,3,LW,Lake
Hig-LittleBo-1,27.5616,-81.4758,Hig-LittleBo,Highlands,Little Bonnet,1,LW,Lake
Hig-LittleBo-2,27.5591,-81.4761,Hig-LittleBo,Highlands,Little Bonnet,2,LW,Lake
Hig-LittleBo-3,27.5627,-81.477,Hig-LittleBo,Highlands,Little Bonnet,3,LW,Lake
Hig-LittleGr-1,27.2519,-81.3417,Hig-LittleGr,Highlands,Little Grassy,1,LW,Lake
Hig-LittleJa-1,27.4693,-81.4652,Hig-LittleJa,Highlands,Little Jackson,1,LW,Lake
Hig-LittleJa-2,27.4686,-81.4603,Hig-LittleJa,Highlands,Little Jackson,2,LW,Lake
Hig-LittleJa-3,27.4658,-81.4627,Hig-LittleJa,Highlands,Little Jackson,3,LW,Lake
Hig-LittleRe-1,27.5458,-81.4791,Hig-LittleRe,Highlands,Little Redwater,1,LW,Lake
Hig-LittleRe-2,27.5395,-81.4698,Hig-LittleRe,Highlands,Little Redwater,2,LW,Lake
Hig-LittleRe-3,27.5381,-81.4642,Hig-LittleRe,Highlands,Little Redwater,3,LW,Lake
Hig-LittleRe2-1,27.3498,-81.3912,Hig-LittleRe2,Highlands,Little Redwater 2,1,LW,Lake
Hig-LittleRe2-2,27.3489,-81.3909,Hig-LittleRe2,Highlands,Little Redwater 2,2,LW,Lake
Hig-LittleRe2-3,27.3478,-81.3909,Hig-LittleRe2,Highlands,Little Redwater 2,3,LW,Lake
Hig-Lotela-1,27.5714,-81.4812,Hig-Lotela,Highlands,Lotela,1,LW,Lake
Hig-Lotela-2,27.5772,-81.4811,Hig-Lotela,Highlands,Lotela,2,LW,Lake
Hig-Lotela-3,27.5818,-81.4811,Hig-Lotela,Highlands,Lotela,3,LW,Lake
Hig-Lynn-1,27.3957,-81.3973,Hig-Lynn,Highlands,Lynn,1,LW,Lake
Hig-Lynn-2,27.3954,-81.3966,Hig-Lynn,Highlands,Lynn,2,LW,Lake
Hig-Lynn-3,27.3947,-81.3964,Hig-Lynn,Highlands,Lynn,3,LW,Lake
Hig-Mary Jane-1,27.5429,-81.5026,Hig-Mary Jane,Highlands,Mary Jane,1,LW,Lake
Hig-Mary Jane-2,27.5432,-81.5002,Hig-Mary Jane,Highlands,Mary Jane,2,LW,Lake
Hig-Mary Jane-3,27.5425,-81.4981,Hig-Mary Jane,Highlands,Mary Jane,3,LW,Lake
Hig-McCoy-1,27.2828,-81.3537,Hig-McCoy,Highlands,McCoy,1,LW,Lake
Hig-McCoy-2,27.284300000000002,-81.3541,Hig-McCoy,Highlands,McCoy,2,LW,Lake
Hig-McCoy-3,27.2856,-81.3544,Hig-McCoy,Highlands,McCoy,3,LW,Lake
Hig-Million-1,27.4277,-81.4915,Hig-Million,Highlands,Million,1,LW,Lake
Hig-Million-2,27.4276,-81.4915,Hig-Million,Highlands,Million,2,LW,Lake
Hig-MillsPond-1,27.4848,-81.5102,Hig-MillsPond,Highlands,Mills Pond,1,LW,Lake
Hig-MillsPond-2,27.4849,-81.511,Hig-MillsPond,Highlands,Mills Pond,2,LW,Lake
Hig-MillsPond-3,27.4848,-81.5114,Hig-MillsPond,Highlands,Mills Pond,3,LW,Lake
Hig-Mirror-1,27.2775,-81.3582,Hig-Mirror,Highlands,Mirror,1,LW,Lake
Hig-Mirror-2,27.2759,-81.3603,Hig-Mirror,Highlands,Mirror,2,LW,Lake
Hig-Mirror-3,27.2739,-81.3629,Hig-Mirror,Highlands,Mirror,3,LW,Lake
Hig-Olivia-1,27.6316,-81.5491,Hig-Olivia,Highlands,Olivia,1,LW,Lake
Hig-Olivia-2,27.6323,-81.5474,Hig-Olivia,Highlands,Olivia,2,LW,Lake
Hig-Olivia-3,27.6339,-81.5454,Hig-Olivia,Highlands,Olivia,3,LW,Lake
Hig-Pearl-1,27.2853,-81.362,Hig-Pearl,Highlands,Pearl,1,LW,Lake
Hig-Pearl-2,27.2836,-81.3613,Hig-Pearl,Highlands,Pearl,2,LW,Lake
Hig-Pearl-3,27.282,-81.3603,Hig-Pearl,Highlands,Pearl,3,LW,Lake
Hig-Persimmon-1,27.3538,-81.4051,Hig-Persimmon,Highlands,Persimmon,1,LW,Lake
Hig-Persimmon-2,27.355,-81.4068,Hig-Persimmon,Highlands,Persimmon,2,LW,Lake
Hig-Persimmon-3,27.3561,-81.4049,Hig-Persimmon,Highlands,Persimmon,3,LW,Lake
Hig-Pioneer-1,27.6247,-81.4941,Hig-Pioneer,Highlands,Pioneer,1,LW,Lake
Hig-Pioneer-2,27.6226,-81.4944,Hig-Pioneer,Highlands,Pioneer,2,LW,Lake
Hig-Pioneer-3,27.6217,-81.4943,Hig-Pioneer,Highlands,Pioneer,3,LW,Lake
Hig-Placid-1,27.2298,-81.3702,Hig-Placid,Highlands,Placid,1,LW,Lake
Hig-Placid-2,27.2348,-81.3527,Hig-Placid,Highlands,Placid,2,LW,Lake
Hig-Placid-3,27.2647,-81.3582,Hig-Placid,Highlands,Placid,3,LW,Lake
Hig-Placid-4,27.2253,-81.3507,Hig-Placid,Highlands,Placid,4,LW,Lake
Hig-Pythias-1,27.6387,-81.4964,Hig-Pythias,Highlands,Pythias,1,LW,Lake
Hig-Pythias-2,27.635,-81.497,Hig-Pythias,Highlands,Pythias,2,LW,Lake
Hig-Pythias-3,27.6316,-81.4978,Hig-Pythias,Highlands,Pythias,3,LW,Lake
Hig-Rachard-1,27.3031,-81.3692,Hig-Rachard,Highlands,Rachard,1,LW,Lake
Hig-Rachard-2,27.3041,-81.3692,Hig-Rachard,Highlands,Rachard,2,LW,Lake
Hig-Rachard-3,27.305,-81.3688,Hig-Rachard,Highlands,Rachard,3,LW,Lake
Hig-RedBeach-1,27.4297,-81.4088,Hig-RedBeach,Highlands,Red Beach,1,LW,Lake
Hig-RedBeach-2,27.4326,-81.403,Hig-RedBeach,Highlands,Red Beach,2,LW,Lake
Hig-RedBeach-3,27.4357,-81.3997,Hig-RedBeach,Highlands,Red Beach,3,LW,Lake
Hig-Redwater-1,27.3487,-81.396,Hig-Redwater,Highlands,Redwater,1,LW,Lake
Hig-Redwater-2,27.3467,-81.3951,Hig-Redwater,Highlands,Redwater,2,LW,Lake
Hig-Redwater-3,27.3449,-81.3941,Hig-Redwater,Highlands,Redwater,3,LW,Lake
Hig-Saddlebag-1,27.2932,-81.3537,Hig-Saddlebag,Highlands,Saddlebags,1,LW,Lake
Hig-Saddlebag-2,27.2942,-81.3542,Hig-Saddlebag,Highlands,Saddlebags,2,LW,Lake
Hig-Saddlebag-3,27.2954,-81.3546,Hig-Saddlebag,Highlands,Saddlebags,3,LW,Lake
Hig-Sebring-1,27.522,-81.4843,Hig-Sebring,Highlands,Sebring,1,LW,Lake
Hig-Sebring-2,27.528,-81.4844,Hig-Sebring,Highlands,Sebring,2,LW,Lake
Hig-Sebring-3,27.5332,-81.4862,Hig-Sebring,Highlands,Sebring,3,LW,Lake
Hig-Sirena-1,27.2882,-81.37,Hig-Sirena,Highlands,Sirena,1,LW,Lake
Hig-Sirena-2,27.2849,-81.3693,Hig-Sirena,Highlands,Sirena,2,LW,Lake
Hig-Sirena-3,27.2815,-81.3679,Hig-Sirena,Highlands,Sirena,3,LW,Lake
Hig-Trout-1,27.6473,-81.5088,Hig-Trout,Highlands,Trout,1,LW,Lake
Hig-Trout-2,27.6466,-81.5067,Hig-Trout,Highlands,Trout,2,LW,Lake
Hig-Trout-3,27.646,-81.5046,Hig-Trout,Highlands,Trout,3,LW,Lake
Hig-Tulane-1,27.5846,-81.5037,Hig-Tulane,Highlands,Tulane,1,LW,Lake
Hig-Tulane-2,27.5863,-81.504,Hig-Tulane,Highlands,Tulane,2,LW,Lake
Hig-Tulane-3,27.5883,-81.5042,Hig-Tulane,Highlands,Tulane,3,LW,Lake
Hig-Verona-1,27.5993,-81.4971,Hig-Verona,Highlands,Verona,1,LW,Lake
Hig-Verona-2,27.5978,-81.497,Hig-Verona,Highlands,Verona,2,LW,Lake
Hig-Verona-3,27.5964,-81.497,Hig-Verona,Highlands,Verona,3,LW,Lake
Hig-Viola-1,27.6149,-81.4944,Hig-Viola,Highlands,Viola,1,LW,Lake
Hig-Viola-2,27.6132,-81.495,Hig-Viola,Highlands,Viola,2,LW,Lake
Hig-Viola-3,27.6119,-81.4958,Hig-Viola,Highlands,Viola,3,LW,Lake
Hig-Wolf-1,27.4214,-81.4715,Hig-Wolf,Highlands,Wolf,1,LW,Lake
Hig-Wolf-2,27.4222,-81.4745,Hig-Wolf,Highlands,Wolf,2,LW,Lake
Hig-Wolf-3,27.4231,-81.4764,Hig-Wolf,Highlands,Wolf,3,LW,Lake
Hil-Aliver201-1-1,27.8593,-82.3842,Hil-Aliver201-1,Hillsborough,Alafia River-201-1,1,LW,River/Stream
Hil-Aliver201-2-1,27.8593,-82.3842,Hil-Aliver201-2,Hillsborough,Alafia River-201-2,1,LW,River/Stream
Hil-Aliver201-3-1,27.8593,-82.3842,Hil-Aliver201-3,Hillsborough,Alafia River-201-3,1,LW,River/Stream
Hil-Aliver202-1-1,27.8691,-82.3256,Hil-Aliver202-1,Hillsborough,Alafia River-202-1,1,LW,River/Stream
Hil-Aliver202-2-1,27.8691,-82.3256,Hil-Aliver202-2,Hillsborough,Alafia River-202-2,1,LW,River/Stream
Hil-Aliver202-3-1,27.8691,-82.3256,Hil-Aliver202-3,Hillsborough,Alafia River-202-3,1,LW,River/Stream
Hil-Aliver203-1-1,27.8669,-82.3195,Hil-Aliver203-1,Hillsborough,Alafia River-203-1,1,LW,River/Stream
Hil-Aliver203-2-1,27.8669,-82.3195,Hil-Aliver203-2,Hillsborough,Alafia River-203-2,1,LW,River/Stream
Hil-Aliver203-3-1,27.8669,-82.3195,Hil-Aliver203-3,Hillsborough,Alafia River-203-3,1,LW,River/Stream
Hil-Aliver204-1-1,27.8619,-82.2648,Hil-Aliver204-1,Hillsborough,Alafia River-204-1,1,LW,River/Stream
Hil-Aliver204-2-1,27.8619,-82.2648,Hil-Aliver204-2,Hillsborough,Alafia River-204-2,1,LW,River/Stream
Hil-Aliver204-3-1,27.8619,-82.2648,Hil-Aliver204-3,Hillsborough,Alafia River-204-3,1,LW,River/Stream
Hil-Aliver208-1-1,27.8676,-82.2278,Hil-Aliver208-1,Hillsborough,Alafia River-208-1,1,LW,River/Stream
Hil-Aliver208-2-1,27.8676,-82.2278,Hil-Aliver208-2,Hillsborough,Alafia River-208-2,1,LW,River/Stream
Hil-Aliver208-3-1,27.8676,-82.2278,Hil-Aliver208-3,Hillsborough,Alafia River-208-3,1,LW,River/Stream
Hil-Aliver209-1-1,27.8713,-82.2183,Hil-Aliver209-1,Hillsborough,Alafia River-209-1,1,LW,River/Stream
Hil-Aliver209-2-1,27.8713,-82.2183,Hil-Aliver209-2,Hillsborough,Alafia River-209-2,1,LW,River/Stream
Hil-Aliver209-3-1,27.8713,-82.2183,Hil-Aliver209-3,Hillsborough,Alafia River-209-3,1,LW,River/Stream
Hil-Aliver210-1-1,27.8741,-82.1703,Hil-Aliver210-1,Hillsborough,Alafia River-210-1,1,LW,River/Stream
Hil-Aliver210-2-1,27.8741,-82.1703,Hil-Aliver210-2,Hillsborough,Alafia River-210-2,1,LW,River/Stream
Hil-Aliver210-3-1,27.8741,-82.1703,Hil-Aliver210-3,Hillsborough,Alafia River-210-3,1,LW,River/Stream
Hil-Aliver214-1-1,27.8573,-82.2691,Hil-Aliver214-1,Hillsborough,Alafia River-214-1,1,LW,River/Stream
Hil-Aliver214-2-1,27.8573,-82.2691,Hil-Aliver214-2,Hillsborough,Alafia River-214-2,1,LW,River/Stream
Hil-Aliver214-3-1,27.8573,-82.2691,Hil-Aliver214-3,Hillsborough,Alafia River-214-3,1,LW,River/Stream
Hil-Aliver215-1-1,27.862,-82.1387,Hil-Aliver215-1,Hillsborough,Alafia River-215-1,1,LW,River/Stream
Hil-Aliver215-2-1,27.862,-82.1387,Hil-Aliver215-2,Hillsborough,Alafia River-215-2,1,LW,River/Stream
Hil-Aliver215-3-1,27.862,-82.1387,Hil-Aliver215-3,Hillsborough,Alafia River-215-3,1,LW,River/Stream
Hil-Aliver216-1-1,27.7627,-82.138,Hil-Aliver216-1,Hillsborough,Alafia River-216-1,1,LW,River/Stream
Hil-Aliver216-2-1,27.7627,-82.138,Hil-Aliver216-2,Hillsborough,Alafia River-216-2,1,LW,River/Stream
Hil-Aliver216-3-1,27.7627,-82.138,Hil-Aliver216-3,Hillsborough,Alafia River-216-3,1,LW,River/Stream
Hil-Aliver220-1-1,27.8662,-82.3125,Hil-Aliver220-1,Hillsborough,Alafia River-220-1,1,LW,River/Stream
Hil-Aliver220-2-1,27.8662,-82.3125,Hil-Aliver220-2,Hillsborough,Alafia River-220-2,1,LW,River/Stream
Hil-Aliver220-3-1,27.8662,-82.3125,Hil-Aliver220-3,Hillsborough,Alafia River-220-3,1,LW,River/Stream
Hil-Aliver221-1-1,27.8715,-82.2871,Hil-Aliver221-1,Hillsborough,Alafia River-221-1,1,LW,River/Stream
Hil-Aliver221-2-1,27.8715,-82.2871,Hil-Aliver221-2,Hillsborough,Alafia River-221-2,1,LW,River/Stream
Hil-Aliver221-3-1,27.8715,-82.2871,Hil-Aliver221-3,Hillsborough,Alafia River-221-3,1,LW,River/Stream
Hil-Aliver223-1-1,27.8585,-82.3451,Hil-Aliver223-1,Hillsborough,Alafia River-223-1,1,LW,River/Stream
Hil-Aliver223-2-1,27.8585,-82.3451,Hil-Aliver223-2,Hillsborough,Alafia River-223-2,1,LW,River/Stream
Hil-Aliver223-3-1,27.8585,-82.3451,Hil-Aliver223-3,Hillsborough,Alafia River-223-3,1,LW,River/Stream
Hil-Aliver224-1-1,27.8622,-82.1373,Hil-Aliver224-1,Hillsborough,Alafia River-224-1,1,LW,River/Stream
Hil-Aliver224-2-1,27.8622,-82.1373,Hil-Aliver224-2,Hillsborough,Alafia River-224-2,1,LW,River/Stream
Hil-Aliver224-3-1,27.8622,-82.1373,Hil-Aliver224-3,Hillsborough,Alafia River-224-3,1,LW,River/Stream
Hil-Albright-1,28.0895,-82.4743,Hil-Albright,Hillsborough,Albright,1,LW,Lake
Hil-Albright-2,28.0891,-82.4746,Hil-Albright,Hillsborough,Albright,2,LW,Lake
Hil-Albright-3,28.0887,-82.4735,Hil-Albright,Hillsborough,Albright,3,LW,Lake
Hil-Alice-1,28.1351,-82.604,Hil-Alice,Hillsborough,Alice,1,LW,Lake
Hil-Alice-2,28.1308,-82.6036,Hil-Alice,Hillsborough,Alice,2,LW,Lake
Hil-Alice-3,28.1328,-82.607,Hil-Alice,Hillsborough,Alice,3,LW,Lake
Hil-Allen-1,28.1579,-82.4873,Hil-Allen,Hillsborough,Allen,1,LW,Lake
Hil-Allen-2,28.1572,-82.4886,Hil-Allen,Hillsborough,Allen,2,LW,Lake
Hil-Allen-3,28.1566,-82.4897,Hil-Allen,Hillsborough,Allen,3,LW,Lake
Hil-Armistead-1,28.1029,-82.5587,Hil-Armistead,Hillsborough,Armistead,1,LW,Lake
Hil-Armistead-2,28.1016,-82.5598,Hil-Armistead,Hillsborough,Armistead,2,LW,Lake
Hil-Armistead-3,28.1004,-82.5606,Hil-Armistead,Hillsborough,Armistead,3,LW,Lake
Hil-Avila-1,28.1047,-82.4738,Hil-Avila,Hillsborough,Avila,1,LW,Lake
Hil-Avila-2,28.1045,-82.4728,Hil-Avila,Hillsborough,Avila,2,LW,Lake
Hil-Avila-3,28.1031,-82.4729,Hil-Avila,Hillsborough,Avila,3,LW,Lake
Hil-Bareek111-1-1,28.0482,-82.2682,Hil-Bareek111-1,Hillsborough,Baker Creek-111-1,1,LW,River/Stream
Hil-Bareek111-2-1,28.0482,-82.2682,Hil-Bareek111-2,Hillsborough,Baker Creek-111-2,1,LW,River/Stream
Hil-Bareek111-3-1,28.0482,-82.2682,Hil-Bareek111-3,Hillsborough,Baker Creek-111-3,1,LW,River/Stream
Hil-Bay-1,28.072,-82.5014,Hil-Bay,Hillsborough,Bay,1,LW,Lake
Hil-Bay-2,28.0709,-82.4997,Hil-Bay,Hillsborough,Bay,2,LW,Lake
Hil-Bay-3,28.0698,-82.5016,Hil-Bay,Hillsborough,Bay,3,LW,Lake
Hil-BelleWil-1,28.0702,-82.4927,Hil-BelleWil,Hillsborough,Belle Wildlife Pond,1,LW,Lake
Hil-BelleWil-2,28.0699,-82.4927,Hil-BelleWil,Hillsborough,Belle Wildlife Pond,2,LW,Lake
Hil-BelleWil-3,28.0697,-82.4927,Hil-BelleWil,Hillsborough,Belle Wildlife Pond,3,LW,Lake
Hil-Blreek114-1-1,28.1397,-82.1502,Hil-Blreek114-1,Hillsborough,Blackwater Creek-114-1,1,LW,River/Stream
Hil-Blreek114-2-1,28.1397,-82.1502,Hil-Blreek114-2,Hillsborough,Blackwater Creek-114-2,1,LW,River/Stream
Hil-Blreek114-3-1,28.1397,-82.1502,Hil-Blreek114-3,Hillsborough,Blackwater Creek-114-3,1,LW,River/Stream
Hil-Blreek150-1-1,28.1396,-82.124,Hil-Blreek150-1,Hillsborough,Blackwater Creek-150-1,1,LW,River/Stream
Hil-Blreek150-2-1,28.1396,-82.124,Hil-Blreek150-2,Hillsborough,Blackwater Creek-150-2,1,LW,River/Stream
Hil-Blreek150-3-1,28.1396,-82.124,Hil-Blreek150-3,Hillsborough,Blackwater Creek-150-3,1,LW,River/Stream
Hil-Boot-1,28.043,-82.4831,Hil-Boot,Hillsborough,Boot,1,LW,Lake
Hil-Boot-2,28.0408,-82.4831,Hil-Boot,Hillsborough,Boot,2,LW,Lake
Hil-Boot-3,28.0412,-82.486,Hil-Boot,Hillsborough,Boot,3,LW,Lake
Hil-Brant-1,28.128,-82.4716,Hil-Brant,Hillsborough,Brant,1,LW,Lake
Hil-Brant-2,28.1258,-82.47,Hil-Brant,Hillsborough,Brant,2,LW,Lake
Hil-Brant-3,28.1259,-82.4733,Hil-Brant,Hillsborough,Brant,3,LW,Lake
Hil-Breckenridge-1,28.1344,-82.6334,Hil-Breckenridge,Hillsborough,Breckenridge,1,LW,Lake
Hil-Breckenridge-2,28.1367,-82.6338,Hil-Breckenridge,Hillsborough,Breckenridge,2,LW,Lake
Hil-Breckenridge-3,28.1385,-82.6344,Hil-Breckenridge,Hillsborough,Breckenridge,3,LW,Lake
Hil-Brooker-1,28.1601,-82.4775,Hil-Brooker,Hillsborough,Brooker,1,LW,Lake
Hil-Brooker-2,28.1586,-82.4774,Hil-Brooker,Hillsborough,Brooker,2,LW,Lake
Hil-Brooker-3,28.1578,-82.4773,Hil-Brooker,Hillsborough,Brooker,3,LW,Lake
Hil-Brreek330-1-1,28.1307,-82.5667,Hil-Brreek330-1,Hillsborough,Brooker Creek-330-1,1,LW,River/Stream
Hil-Brreek330-2-1,28.1307,-82.5667,Hil-Brreek330-2,Hillsborough,Brooker Creek-330-2,1,LW,River/Stream
Hil-Brreek330-3-1,28.1307,-82.5667,Hil-Brreek330-3,Hillsborough,Brooker Creek-330-3,1,LW,River/Stream
Hil-Creek-305-1-1,28.0747,-82.5302,Hil-Creek-305-1,Hillsborough,Brushy Creek-305-1,1,LW,River/Stream
Hil-Creek-305-2-1,28.0747,-82.5302,Hil-Creek-305-2,Hillsborough,Brushy Creek-305-2,1,LW,River/Stream
Hil-Creek-305-3-1,28.0747,-82.5302,Hil-Creek-305-3,Hillsborough,Brushy Creek-305-3,1,LW,River/Stream
Hil-Creek-307-1-1,28.0718,-82.5315,Hil-Creek-307-1,Hillsborough,Brushy Creek-307-1,1,LW,River/Stream
Hil-Creek-307-2-1,28.0718,-82.5315,Hil-Creek-307-2,Hillsborough,Brushy Creek-307-2,1,LW,River/Stream
Hil-Creek-307-3-1,28.0718,-82.5315,Hil-Creek-307-3,Hillsborough,Brushy Creek-307-3,1,LW,River/Stream
Hil-Creek-308-1-1,28.1106,-82.5021,Hil-Creek-308-1,Hillsborough,Brushy Creek-308-1,1,LW,River/Stream
Hil-Creek-308-2-1,28.1106,-82.5021,Hil-Creek-308-2,Hillsborough,Brushy Creek-308-2,1,LW,River/Stream
Hil-Creek-308-3-1,28.1106,-82.5021,Hil-Creek-308-3,Hillsborough,Brushy Creek-308-3,1,LW,River/Stream
Hil-Creek-309-1-1,28.0702,-82.5416,Hil-Creek-309-1,Hillsborough,Brushy Creek-309-1,1,LW,River/Stream
Hil-Creek-309-2-1,28.0702,-82.5416,Hil-Creek-309-2,Hillsborough,Brushy Creek-309-2,1,LW,River/Stream
Hil-Creek-309-3-1,28.0702,-82.5416,Hil-Creek-309-3,Hillsborough,Brushy Creek-309-3,1,LW,River/Stream
Hil-Creek-314-1-1,28.0996,-82.5204,Hil-Creek-314-1,Hillsborough,Brushy Creek-314-1,1,LW,River/Stream
Hil-Creek-314-2-1,28.0996,-82.5204,Hil-Creek-314-2,Hillsborough,Brushy Creek-314-2,1,LW,River/Stream
Hil-Creek-314-3-1,28.0996,-82.5204,Hil-Creek-314-3,Hillsborough,Brushy Creek-314-3,1,LW,River/Stream
Hil-Buck-1,28.1101,-82.6206,Hil-Buck,Hillsborough,Buck,1,LW,Lake
Hil-Buck-2,28.109,-82.618,Hil-Buck,Hillsborough,Buck,2,LW,Lake
Hil-Buck-3,28.1091,-82.6155,Hil-Buck,Hillsborough,Buck,3,LW,Lake
Hil-BFreek211-1-1,27.796,-82.3495,Hil-BFreek211-1,Hillsborough,Bull Frog Creek-211-1,1,LW,River/Stream
Hil-BFreek211-2-1,27.796,-82.3495,Hil-BFreek211-2,Hillsborough,Bull Frog Creek-211-2,1,LW,River/Stream
Hil-BFreek211-3-1,27.796,-82.3495,Hil-BFreek211-3,Hillsborough,Bull Frog Creek-211-3,1,LW,River/Stream
Hil-BFreek241-1-1,27.838,-82.3814,Hil-BFreek241-1,Hillsborough,Bull Frog Creek-241-1,1,LW,River/Stream
Hil-BFreek241-2-1,27.838,-82.3814,Hil-BFreek241-2,Hillsborough,Bull Frog Creek-241-2,1,LW,River/Stream
Hil-BFreek241-3-1,27.838,-82.3814,Hil-BFreek241-3,Hillsborough,Bull Frog Creek-241-3,1,LW,River/Stream
Hil-BFreek340-1-1,27.753,-82.335,Hil-BFreek340-1,Hillsborough,Bull Frog Creek-340-1,1,LW,River/Stream
Hil-BFreek340-2-1,27.753,-82.335,Hil-BFreek340-2,Hillsborough,Bull Frog Creek-340-2,1,LW,River/Stream
Hil-BFreek340-3-1,27.753,-82.335,Hil-BFreek340-3,Hillsborough,Bull Frog Creek-340-3,1,LW,River/Stream
Hil-Burrell-1,28.0975,-82.4478,Hil-Burrell,Hillsborough,Burrell,1,LW,Lake
Hil-Burrell-2,28.0964,-82.447,Hil-Burrell,Hillsborough,Burrell,2,LW,Lake
Hil-Burrell-3,28.0956,-82.4463,Hil-Burrell,Hillsborough,Burrell,3,LW,Lake
Hil-Byp-C140-1-1,27.9951,-82.35,Hil-Byp-C140-1,Hillsborough,Bypass Canal-140-1,1,LW,River/Stream
Hil-Byp-C140-2-1,27.9951,-82.35,Hil-Byp-C140-2,Hillsborough,Bypass Canal-140-2,1,LW,River/Stream
Hil-Byp-C140-3-1,27.9951,-82.35,Hil-Byp-C140-3,Hillsborough,Bypass Canal-140-3,1,LW,River/Stream
Hil-Byrd-1,28.1025,-82.4782,Hil-Byrd,Hillsborough,Byrd,1,LW,Lake
Hil-Byrd-2,28.1015,-82.4789,Hil-Byrd,Hillsborough,Byrd,2,LW,Lake
Hil-Byrd-3,28.1018,-82.4772,Hil-Byrd,Hillsborough,Byrd,3,LW,Lake
Hil-Calm-1,28.1445,-82.5825,Hil-Calm,Hillsborough,Calm,1,LW,Lake
Hil-Calm-2,28.1421,-82.5817,Hil-Calm,Hillsborough,Calm,2,LW,Lake
Hil-Calm-3,28.1404,-82.5803,Hil-Calm,Hillsborough,Calm,3,LW,Lake
Hil-Carlton-1,28.1347,-82.5396,Hil-Carlton,Hillsborough,Carlton,1,LW,Lake
Hil-Carlton-2,28.1328,-82.5407,Hil-Carlton,Hillsborough,Carlton,2,LW,Lake
Hil-Carlton-3,28.1311,-82.5419,Hil-Carlton,Hillsborough,Carlton,3,LW,Lake
Hil-Carlton2-1,27.7142,-82.2408,Hil-Carlton2,Hillsborough,Carlton 2,1,LW,Lake
Hil-Carlton2-2,27.7129,-82.2409,Hil-Carlton2,Hillsborough,Carlton 2,2,LW,Lake
Hil-Carlton2-3,27.7118,-82.2409,Hil-Carlton2,Hillsborough,Carlton 2,3,LW,Lake
Hil-Carroll-1,28.0484,-82.4902,Hil-Carroll,Hillsborough,Carroll,1,LW,Lake
Hil-Carroll-2,28.0519,-82.4869,Hil-Carroll,Hillsborough,Carroll,2,LW,Lake
Hil-Carroll-3,28.0551,-82.4844,Hil-Carroll,Hillsborough,Carroll,3,LW,Lake
Hil-CarrollC-1,28.0473,-82.4859,Hil-CarrollC,Hillsborough,Carroll Cove,1,LW,Lake
Hil-CarrollC-2,28.0458,-82.4851,Hil-CarrollC,Hillsborough,Carroll Cove,2,LW,Lake
Hil-CarrollC-3,28.0442,-82.4851,Hil-CarrollC,Hillsborough,Carroll Cove,3,LW,Lake
Hil-Casey-1,28.0535,-82.5136,Hil-Casey,Hillsborough,Casey,1,LW,Lake
Hil-Casey-2,28.0535,-82.5144,Hil-Casey,Hillsborough,Casey,2,LW,Lake
Hil-Casey-3,28.0535,-82.515,Hil-Casey,Hillsborough,Casey,3,LW,Lake
Hil-CedarEast-1,28.0663,-82.4707,Hil-CedarEast,Hillsborough,Cedar East,1,LW,Lake
Hil-CedarEast-2,28.0658,-82.4704,Hil-CedarEast,Hillsborough,Cedar East,2,LW,Lake
Hil-CedarEast-3,28.0655,-82.4701,Hil-CedarEast,Hillsborough,Cedar East,3,LW,Lake
Hil-CedarWest-1,28.0661,-82.4724,Hil-CedarWest,Hillsborough,Cedar West,1,LW,Lake
Hil-CedarWest-2,28.0656,-82.4725,Hil-CedarWest,Hillsborough,Cedar West,2,LW,Lake
Hil-CedarWest-3,28.065,-82.4726,Hil-CedarWest,Hillsborough,Cedar West,3,LW,Lake
Hil-Chapman-1,28.1071,-82.4646,Hil-Chapman,Hillsborough,Chapman,1,LW,Lake
Hil-Chapman-2,28.1053,-82.4639,Hil-Chapman,Hillsborough,Chapman,2,LW,Lake
Hil-Chapman-3,28.1038,-82.463,Hil-Chapman,Hillsborough,Chapman,3,LW,Lake
Hil-Chapman S-1,27.947,-82.3141,Hil-Chapman S,Hillsborough,Chapman South,1,LW,Lake
Hil-Chapman S-2,27.9456,-82.3134,Hil-Chapman S,Hillsborough,Chapman South,2,LW,Lake
Hil-Chapman S-3,27.9444,-82.3131,Hil-Chapman S,Hillsborough,Chapman South,3,LW,Lake
Hil-Charles-1,28.1165,-82.4802,Hil-Charles,Hillsborough,Charles,1,LW,Lake
Hil-Charles-2,28.1164,-82.481,Hil-Charles,Hillsborough,Charles,2,LW,Lake
Hil-Charles-3,28.1152,-82.4818,Hil-Charles,Hillsborough,Charles,3,LW,Lake
Hil-Church-1,28.1058,-82.6008,Hil-Church,Hillsborough,Church,1,LW,Lake
Hil-Church-2,28.1033,-82.601,Hil-Church,Hillsborough,Church,2,LW,Lake
Hil-Church-3,28.1021,-82.5967,Hil-Church,Hillsborough,Church,3,LW,Lake
Hil-Colebrook-1,28.0995,-82.4515,Hil-Colebrook,Hillsborough,Colebrook,1,LW,Lake
Hil-Colebrook-2,28.0986,-82.4642,Hil-Colebrook,Hillsborough,Colebrook,2,LW,Lake
Hil-Colebrook-3,28.0982,-82.4651,Hil-Colebrook,Hillsborough,Colebrook,3,LW,Lake
Hil-Commiston-1,28.1478,-82.4559,Hil-Commiston,Hillsborough,Commiston,1,LW,Lake
Hil-Commiston-2,28.1474,-82.4548,Hil-Commiston,Hillsborough,Commiston,2,LW,Lake
Hil-Commiston-3,28.1471,-82.4537,Hil-Commiston,Hillsborough,Commiston,3,LW,Lake
Hil-Cool-Kell-1,28.1651,-82.4504,Hil-Cool-Kell,Hillsborough,Cool Kell,1,LW,Lake
Hil-Cool-Kell-2,28.1655,-82.4492,Hil-Cool-Kell,Hillsborough,Cool Kell,2,LW,Lake
Hil-Cool-Kell-3,28.166,-82.4483,Hil-Cool-Kell,Hillsborough,Cool Kell,3,LW,Lake
Hil-Cooper-1,28.1474,-82.4714,Hil-Cooper,Hillsborough,Cooper,1,LW,Lake
Hil-Cooper-2,28.145,-82.4728,Hil-Cooper,Hillsborough,Cooper,2,LW,Lake
Hil-Cooper-3,28.1449,-82.4699,Hil-Cooper,Hillsborough,Cooper,3,LW,Lake
Hil-Cory-1,28.1356,-82.298,Hil-Cory,Hillsborough,Cory,1,LW,Lake
Hil-Cory-2,28.13,-82.3051,Hil-Cory,Hillsborough,Cory,2,LW,Lake
Hil-Cory-3,28.139,-82.306,Hil-Cory,Hillsborough,Cory,3,LW,Lake
Hil-CountryLP-1,28.0904,-82.4671,Hil-CountryLP,Hillsborough,Country Lakes Pond,1,LW,Lake
Hil-CountryLP-2,28.0903,-82.4661,Hil-CountryLP,Hillsborough,Country Lakes Pond,2,LW,Lake
Hil-Cove-1,28.0106,-82.604,Hil-Cove,Hillsborough,Cove,1,LW,Lake
Hil-Cove-2,28.0097,-82.6033,Hil-Cove,Hillsborough,Cove,2,LW,Lake
Hil-Cove-3,28.0144,-82.6027,Hil-Cove,Hillsborough,Cove,3,LW,Lake
Hil-Crenshaw-1,28.1265,-82.4972,Hil-Crenshaw,Hillsborough,Crenshaw,1,LW,Lake
Hil-Crenshaw-2,28.1259,-82.496,Hil-Crenshaw,Hillsborough,Crenshaw,2,LW,Lake
Hil-Crenshaw-3,28.1254,-82.4948,Hil-Crenshaw,Hillsborough,Crenshaw,3,LW,Lake
Hil-Crescent-1,28.1598,-82.5935,Hil-Crescent,Hillsborough,Crescent,1,LW,Lake
Hil-Crescent-2,28.156,-82.5922,Hil-Crescent,Hillsborough,Crescent,2,LW,Lake
Hil-Crescent-3,28.1568,-82.5897,Hil-Crescent,Hillsborough,Crescent,3,LW,Lake
Hil-Crum-1,28.1189,-82.5085,Hil-Crum,Hillsborough,Crum,1,LW,Lake
Hil-Crum-2,28.119,-82.5071,Hil-Crum,Hillsborough,Crum,2,LW,Lake
Hil-Crum-3,28.1181,-82.5062,Hil-Crum,Hillsborough,Crum,3,LW,Lake
Hil-Crystal-1,28.1347,-82.4755,Hil-Crystal,Hillsborough,Crystal,1,LW,Lake
Hil-Crystal-2,28.1339,-82.4764,Hil-Crystal,Hillsborough,Crystal,2,LW,Lake
Hil-Crystal-3,28.1327,-82.4768,Hil-Crystal,Hillsborough,Crystal,3,LW,Lake
Hil-CurCrk124-1-1,28.06,-82.46,Hil-CurCrk124-1,Hillsborough,Curiosity Creek-124-1,1,LW,River/Stream
Hil-CurCrk124-2-1,28.06,-82.46,Hil-CurCrk124-2,Hillsborough,Curiosity Creek-124-2,1,LW,River/Stream
Hil-CurCrk124-3-1,28.06,-82.46,Hil-CurCrk124-3,Hillsborough,Curiosity Creek-124-3,1,LW,River/Stream
Hil-CurCrk143-1-1,28.0736,-82.4072,Hil-CurCrk143-1,Hillsborough,Curiosity Creek-143-1,1,LW,River/Stream
Hil-CurCrk143-2-1,28.0736,-82.4072,Hil-CurCrk143-2,Hillsborough,Curiosity Creek-143-2,1,LW,River/Stream
Hil-CurCrk143-3-1,28.0736,-82.4072,Hil-CurCrk143-3,Hillsborough,Curiosity Creek-143-3,1,LW,River/Stream
Hil-Cypress-1,28.1261,-82.5656,Hil-Cypress,Hillsborough,Cypress,1,LW,Lake
Hil-Cypress-2,28.1271,-82.5647,Hil-Cypress,Hillsborough,Cypress,2,LW,Lake
Hil-Cypress-3,28.1249,-82.5639,Hil-Cypress,Hillsborough,Cypress,3,LW,Lake
Hil-Cyreek107-1-1,28.0882,-82.4075,Hil-Cyreek107-1,Hillsborough,Cypress Creek-107-1,1,LW,River/Stream
Hil-Cyreek107-2-1,28.0882,-82.4075,Hil-Cyreek107-2,Hillsborough,Cypress Creek-107-2,1,LW,River/Stream
Hil-Cyreek107-3-1,28.0882,-82.4075,Hil-Cyreek107-3,Hillsborough,Cypress Creek-107-3,1,LW,River/Stream
Hil-Cyreek122-1-1,28.1611,-82.396,Hil-Cyreek122-1,Hillsborough,Cypress Creek-122-1,1,LW,River/Stream
Hil-Cyreek122-2-1,28.1611,-82.396,Hil-Cyreek122-2,Hillsborough,Cypress Creek-122-2,1,LW,River/Stream
Hil-Cyreek122-3-1,28.1611,-82.396,Hil-Cyreek122-3,Hillsborough,Cypress Creek-122-3,1,LW,River/Stream
Hil-Dan-1,28.1654,-82.645,Hil-Dan,Hillsborough,Dan,1,LW,Lake
Hil-Dan-2,28.1658,-82.6472,Hil-Dan,Hillsborough,Dan,2,LW,Lake
Hil-Dan-3,28.1649,-82.6493,Hil-Dan,Hillsborough,Dan,3,LW,Lake
Hil-DeadLady-1,28.1555,-82.5708,Hil-DeadLady,Hillsborough,Dead Lady,1,LW,Lake
Hil-DeadLady-2,28.1553,-82.5709,Hil-DeadLady,Hillsborough,Dead Lady,2,LW,Lake
Hil-DeadLady-3,28.155,-82.571,Hil-DeadLady,Hillsborough,Dead Lady,3,LW,Lake
Hil-Deer-1,28.169,-82.4628,Hil-Deer,Hillsborough,Deer,1,LW,Lake
Hil-Deer-2,28.1676,-82.4625,Hil-Deer,Hillsborough,Deer,2,LW,Lake
Hil-Deer-3,28.1663,-82.4623,Hil-Deer,Hillsborough,Deer,3,LW,Lake
Hil-Dlreek222-1-1,27.9192,-82.3849,Hil-Dlreek222-1,Hillsborough,Delaney Creek-222-1,1,LW,River/Stream
Hil-Dlreek222-2-1,27.9192,-82.3849,Hil-Dlreek222-2,Hillsborough,Delaney Creek-222-2,1,LW,River/Stream
Hil-Dlreek222-3-1,27.9192,-82.3849,Hil-Dlreek222-3,Hillsborough,Delaney Creek-222-3,1,LW,River/Stream
Hil-Dorothy-1,28.0603,-82.4801,Hil-Dorothy,Hillsborough,Dorothy,1,LW,Lake
Hil-Dorothy-2,28.0601,-82.48,Hil-Dorothy,Hillsborough,Dorothy,2,LW,Lake
Hil-Dorothy-3,28.0599,-82.4799,Hil-Dorothy,Hillsborough,Dorothy,3,LW,Lake
Hil-Dorsett-1,28.068,-82.4742,Hil-Dorsett,Hillsborough,Dorsett,1,LW,Lake
Hil-Dorsett-2,28.0675,-82.474,Hil-Dorsett,Hillsborough,Dorsett,2,LW,Lake
Hil-Dorsett-3,28.067,-82.4738,Hil-Dorsett,Hillsborough,Dorsett,3,LW,Lake
Hil-Dosson-1,28.1245,-82.5257,Hil-Dosson,Hillsborough,Dosson,1,LW,Lake
Hil-Dosson-2,28.1231,-82.5255,Hil-Dosson,Hillsborough,Dosson,2,LW,Lake
Hil-Dosson-3,28.1219,-82.5254,Hil-Dosson,Hillsborough,Dosson,3,LW,Lake
Hil-DbBrh-320-1-1,28.0135,-82.6329,Hil-DbBrh-320-1,Hillsborough,Double Branch-320-1,1,LW,River/Stream
Hil-DbBrh-320-2-1,28.0135,-82.6329,Hil-DbBrh-320-2,Hillsborough,Double Branch-320-2,1,LW,River/Stream
Hil-DbBrh-320-3-1,28.0135,-82.6329,Hil-DbBrh-320-3,Hillsborough,Double Branch-320-3,1,LW,River/Stream
Hil-East-1,27.9912,-82.3825,Hil-East,Hillsborough,East,1,LW,Lake
Hil-East-2,27.9904,-82.3802,Hil-East,Hillsborough,East,2,LW,Lake
Hil-East-3,27.9896,-82.3776,Hil-East,Hillsborough,East,3,LW,Lake
Hil-Echo-1,28.1084,-82.6048,Hil-Echo,Hillsborough,Echo,1,LW,Lake
Hil-Echo-2,28.1077,-82.6036,Hil-Echo,Hillsborough,Echo,2,LW,Lake
Hil-Echo-3,28.1071,-82.6024,Hil-Echo,Hillsborough,Echo,3,LW,Lake
Hil-Eckles-1,28.0567,-82.4711,Hil-Eckles,Hillsborough,Eckles,1,LW,Lake
Hil-Eckles-2,28.0551,-82.4714,Hil-Eckles,Hillsborough,Eckles,2,LW,Lake
Hil-Eckles-3,28.0537,-82.4741,Hil-Eckles,Hillsborough,Eckles,3,LW,Lake
Hil-Edna-1,27.9915,-82.477,Hil-Edna,Hillsborough,Edna,1,LW,Lake
Hil-Edna-2,27.9912,-82.4769,Hil-Edna,Hillsborough,Edna,2,LW,Lake
Hil-Edna-3,27.991,-82.4768,Hil-Edna,Hillsborough,Edna,3,LW,Lake
Hil-Egypt-1,28.0131,-82.4934,Hil-Egypt,Hillsborough,Egypt,1,LW,Lake
Hil-Egypt-2,28.0123,-82.4909,Hil-Egypt,Hillsborough,Egypt,2,LW,Lake
Hil-Egypt-3,28.0111,-82.4941,Hil-Egypt,Hillsborough,Egypt,3,LW,Lake
Hil-Elizabeth-1,28.1583,-82.5737,Hil-Elizabeth,Hillsborough,Elizabeth,1,LW,Lake
Hil-Elizabeth-2,28.1574,-82.5735,Hil-Elizabeth,Hillsborough,Elizabeth,2,LW,Lake
Hil-Elizabeth-3,28.1565,-82.5735,Hil-Elizabeth,Hillsborough,Elizabeth,3,LW,Lake
Hil-Ellen-1,28.0633,-82.4976,Hil-Ellen,Hillsborough,Ellen,1,LW,Lake
Hil-Ellen-2,28.0614,-82.4971,Hil-Ellen,Hillsborough,Ellen,2,LW,Lake
Hil-Ellen-3,28.0604,-82.4952,Hil-Ellen,Hillsborough,Ellen,3,LW,Lake
Hil-Enreek217-1-1,27.9298,-82.0656,Hil-Enreek217-1,Hillsborough,English Creek-217-1,1,LW,River/Stream
Hil-Enreek217-2-1,27.9298,-82.0656,Hil-Enreek217-2,Hillsborough,English Creek-217-2,1,LW,River/Stream
Hil-Enreek217-3-1,27.9298,-82.0656,Hil-Enreek217-3,Hillsborough,English Creek-217-3,1,LW,River/Stream
Hil-Estes-1,28.1203,-82.4664,Hil-Estes,Hillsborough,Estes,1,LW,Lake
Hil-Estes-2,28.1193,-82.4666,Hil-Estes,Hillsborough,Estes,2,LW,Lake
Hil-Estes-3,28.1192,-82.4653,Hil-Estes,Hillsborough,Estes,3,LW,Lake
Hil-Eva-1,28.1204,-82.5946,Hil-Eva,Hillsborough,Eva,1,LW,Lake
Hil-Eva-2,28.1202,-82.5944,Hil-Eva,Hillsborough,Eva,2,LW,Lake
Hil-Eva-3,28.1201,-82.5942,Hil-Eva,Hillsborough,Eva,3,LW,Lake
Hil-Fantasia-1,27.8702,-82.3507,Hil-Fantasia,Hillsborough,Fantasia,1,LW,Lake
Hil-Fantasia-2,27.8683,-82.3506,Hil-Fantasia,Hillsborough,Fantasia,2,LW,Lake
Hil-Fantasia-3,27.8668,-82.3505,Hil-Fantasia,Hillsborough,Fantasia,3,LW,Lake
Hil-Fleurde-1,28.0639,-82.4829,Hil-Fleurde,Hillsborough,Fleur de Lis,1,LW,Lake
Hil-Fleurde-2,28.0635,-82.483,Hil-Fleurde,Hillsborough,Fleur de Lis,2,LW,Lake
Hil-Fleurde-3,28.0632,-82.4831,Hil-Fleurde,Hillsborough,Fleur de Lis,3,LW,Lake
Hil-Creek-110-1-1,28.0764,-82.2634,Hil-Creek-110-1,Hillsborough,Flint Creek-110-1,1,LW,River/Stream
Hil-Creek-110-2-1,28.0764,-82.2634,Hil-Creek-110-2,Hillsborough,Flint Creek-110-2,1,LW,River/Stream
Hil-Creek-110-3-1,28.0764,-82.2634,Hil-Creek-110-3,Hillsborough,Flint Creek-110-3,1,LW,River/Stream
Hil-Flynn-1,28.0978,-82.4386,Hil-Flynn,Hillsborough,Flynn,1,LW,Lake
Hil-Flynn-2,28.0969,-82.4387,Hil-Flynn,Hillsborough,Flynn,2,LW,Lake
Hil-Flynn-3,28.0958,-82.4387,Hil-Flynn,Hillsborough,Flynn,3,LW,Lake
Hil-Forest-1,28.0891,-82.4189,Hil-Forest,Hillsborough,Forest,1,LW,Lake
Hil-Forest-2,28.0873,-82.4188,Hil-Forest,Hillsborough,Forest,2,LW,Lake
Hil-Forest-3,28.0858,-82.4186,Hil-Forest,Hillsborough,Forest,3,LW,Lake
Hil-Francis-1,28.1603,-82.6016,Hil-Francis,Hillsborough,Francis,1,LW,Lake
Hil-Francis-2,28.1618,-82.6019,Hil-Francis,Hillsborough,Francis,2,LW,Lake
Hil-Francis-3,28.1629,-82.6019,Hil-Francis,Hillsborough,Francis,3,LW,Lake
Hil-Freedom-1,28.128,-82.5728,Hil-Freedom,Hillsborough,Freedom,1,LW,Lake
Hil-Freedom-2,28.1275,-82.5728,Hil-Freedom,Hillsborough,Freedom,2,LW,Lake
Hil-Freedom-3,28.1268,-82.5726,Hil-Freedom,Hillsborough,Freedom,3,LW,Lake
Hil-Fuller-1,28.1512,-82.4789,Hil-Fuller,Hillsborough,Fuller,1,LW,Lake
Hil-Fuller-2,28.1507,-82.4798,Hil-Fuller,Hillsborough,Fuller,2,LW,Lake
Hil-Fuller-3,28.1497,-82.4806,Hil-Fuller,Hillsborough,Fuller,3,LW,Lake
Hil-Garden-1,28.1322,-82.6319,Hil-Garden,Hillsborough,Garden,1,LW,Lake
Hil-Garden-2,28.1317,-82.6308,Hil-Garden,Hillsborough,Garden,2,LW,Lake
Hil-Garden-3,28.1317,-82.6304,Hil-Garden,Hillsborough,Garden,3,LW,Lake
Hil-Gass-1,28.0939,-82.4632,Hil-Gass,Hillsborough,Gass,1,LW,Lake
Hil-Gass-2,28.0926,-82.4627,Hil-Gass,Hillsborough,Gass,2,LW,Lake
Hil-Gass-3,28.0909,-82.4622,Hil-Gass,Hillsborough,Gass,3,LW,Lake
Hil-George-1,28.0698,-82.487,Hil-George,Hillsborough,George,1,LW,Lake
Hil-George-2,28.0685,-82.4882,Hil-George,Hillsborough,George,2,LW,Lake
Hil-George-3,28.0683,-82.487,Hil-George,Hillsborough,George,3,LW,Lake
Hil-Gibson-1,28.1249,-82.5917,Hil-Gibson,Hillsborough,Gibson,1,LW,Lake
Hil-Gibson-2,28.1247,-82.59,Hil-Gibson,Hillsborough,Gibson,2,LW,Lake
Hil-Gibson-3,28.1237,-82.5904,Hil-Gibson,Hillsborough,Gibson,3,LW,Lake
Hil-Glass-1,28.0996,-82.6196,Hil-Glass,Hillsborough,Glass,1,LW,Lake
Hil-Glass-2,28.0979,-82.619,Hil-Glass,Hillsborough,Glass,2,LW,Lake
Hil-Glass-3,28.0969,-82.6184,Hil-Glass,Hillsborough,Glass,3,LW,Lake
Hil-Gornto-1,27.9456,-82.3179,Hil-Gornto,Hillsborough,Gornto,1,LW,Lake
Hil-Gornto-2,27.9455,-82.317,Hil-Gornto,Hillsborough,Gornto,2,LW,Lake
Hil-Gornto-3,27.9451,-82.316,Hil-Gornto,Hillsborough,Gornto,3,LW,Lake
Hil-Grace-1,28.0978,-82.5875,Hil-Grace,Hillsborough,Grace,1,LW,Lake
Hil-Grace-2,28.097,-82.5881,Hil-Grace,Hillsborough,Grace,2,LW,Lake
Hil-Grace-3,28.0969,-82.5869,Hil-Grace,Hillsborough,Grace,3,LW,Lake
Hil-Grady-1,27.8358,-82.2742,Hil-Grady,Hillsborough,Grady,1,LW,Lake
Hil-Grady-2,27.8351,-82.2716,Hil-Grady,Hillsborough,Grady,2,LW,Lake
Hil-Grady-3,27.8349,-82.269,Hil-Grady,Hillsborough,Grady,3,LW,Lake
Hil-Halfmoon-1,28.096,-82.5481,Hil-Halfmoon,Hillsborough,Halfmoon,1,LW,Lake
Hil-Halfmoon-2,28.098,-82.5469,Hil-Halfmoon,Hillsborough,Halfmoon,2,LW,Lake
Hil-Halfmoon-3,28.099,-82.5498,Hil-Halfmoon,Hillsborough,Halfmoon,3,LW,Lake
Hil-Hammock-1,27.9822,-82.153,Hil-Hammock,Hillsborough,Hammock,1,LW,Lake
Hil-Hammock-2,27.9682,-82.1517,Hil-Hammock,Hillsborough,Hammock,2,LW,Lake
Hil-Hammock-3,27.982,-82.1504,Hil-Hammock,Hillsborough,Hammock,3,LW,Lake
Hil-Hanna-1,28.141,-82.4471,Hil-Hanna,Hillsborough,Hanna,1,LW,Lake
Hil-Hanna-2,28.1382,-82.4463,Hil-Hanna,Hillsborough,Hanna,2,LW,Lake
Hil-Hanna-3,28.1358,-82.446,Hil-Hanna,Hillsborough,Hanna,3,LW,Lake
Hil-Harvey-1,28.1651,-82.4857,Hil-Harvey,Hillsborough,Harvey,1,LW,Lake
Hil-Harvey-2,28.1642,-82.4861,Hil-Harvey,Hillsborough,Harvey,2,LW,Lake
Hil-Harvey-3,28.1631,-82.4859,Hil-Harvey,Hillsborough,Harvey,3,LW,Lake
Hil-Heather-1,28.1102,-82.4978,Hil-Heather,Hillsborough,Heather,1,LW,Lake
Hil-Heather-2,28.1098,-82.495,Hil-Heather,Hillsborough,Heather,2,LW,Lake
Hil-Heather-3,28.1088,-82.4942,Hil-Heather,Hillsborough,Heather,3,LW,Lake
Hil-Helen-1,28.1211,-82.5378,Hil-Helen,Hillsborough,Helen,1,LW,Lake
Hil-Helen-2,28.1216,-82.5387,Hil-Helen,Hillsborough,Helen,2,LW,Lake
Hil-Helen-3,28.1223,-82.5397,Hil-Helen,Hillsborough,Helen,3,LW,Lake
Hil-Hiawatha-1,28.1723,-82.5744,Hil-Hiawatha,Hillsborough,Hiawatha,1,LW,Lake
Hil-Hiawatha-2,28.1698,-82.574,Hil-Hiawatha,Hillsborough,Hiawatha,2,LW,Lake
Hil-Hiawatha-3,28.167,-82.5745,Hil-Hiawatha,Hillsborough,Hiawatha,3,LW,Lake
Hil-HickoryH-1,27.9133,-82.2891,Hil-HickoryH,Hillsborough,Hickory Hammock,1,LW,Lake
Hil-HickoryH-2,27.9128,-82.2882,Hil-HickoryH,Hillsborough,Hickory Hammock,2,LW,Lake
Hil-HickoryH-3,27.9122,-82.2876,Hil-HickoryH,Hillsborough,Hickory Hammock,3,LW,Lake
Hil-HickoryM-1,28.0014,-82.2632,Hil-HickoryM,Hillsborough,Hickory Manor North,1,LW,Lake
Hil-HickoryM-2,28.0013,-82.2614,Hil-HickoryM,Hillsborough,Hickory Manor North,2,LW,Lake
Hil-HickoryM-3,28.0012,-82.2597,Hil-HickoryM,Hillsborough,Hickory Manor North,3,LW,Lake
Hil-River-101-1-1,27.9475,-82.4618,Hil-River-101-1,Hillsborough,Hillsborough River-101-1,1,LW,River/Stream
Hil-River-101-2-1,27.9475,-82.4618,Hil-River-101-2,Hillsborough,Hillsborough River-101-2,1,LW,River/Stream
Hil-River-101-3-1,27.9475,-82.4618,Hil-River-101-3,Hillsborough,Hillsborough River-101-3,1,LW,River/Stream
Hil-River-102-1-1,27.9899,-82.4658,Hil-River-102-1,Hillsborough,Hillsborough River-102-1,1,LW,River/Stream
Hil-River-102-2-1,27.9899,-82.4658,Hil-River-102-2,Hillsborough,Hillsborough River-102-2,1,LW,River/Stream
Hil-River-102-3-1,27.9899,-82.4658,Hil-River-102-3,Hillsborough,Hillsborough River-102-3,1,LW,River/Stream
Hil-River-103-1-1,28.0143,-82.4642,Hil-River-103-1,Hillsborough,Hillsborough River-103-1,1,LW,River/Stream
Hil-River-103-2-1,28.0143,-82.4642,Hil-River-103-2,Hillsborough,Hillsborough River-103-2,1,LW,River/Stream
Hil-River-103-3-1,28.0143,-82.4642,Hil-River-103-3,Hillsborough,Hillsborough River-103-3,1,LW,River/Stream
Hil-Hiiver104-1-1,28.0225,-82.4329,Hil-Hiiver104-1,Hillsborough,Hillsborough River-104-1,1,LW,River/Stream
Hil-Hiiver104-2-1,28.0225,-82.4329,Hil-Hiiver104-2,Hillsborough,Hillsborough River-104-2,1,LW,River/Stream
Hil-Hiiver104-3-1,28.0225,-82.4329,Hil-Hiiver104-3,Hillsborough,Hillsborough River-104-3,1,LW,River/Stream
Hil-Hiiver105-1-1,28.0124,-82.4129,Hil-Hiiver105-1,Hillsborough,Hillsborough River-105-1,1,LW,River/Stream
Hil-Hiiver105-2-1,28.0124,-82.4129,Hil-Hiiver105-2,Hillsborough,Hillsborough River-105-2,1,LW,River/Stream
Hil-Hiiver105-3-1,28.0124,-82.4129,Hil-Hiiver105-3,Hillsborough,Hillsborough River-105-3,1,LW,River/Stream
Hil-Hiiver106-1-1,28.0694,-82.3758,Hil-Hiiver106-1,Hillsborough,Hillsborough River-106-1,1,LW,River/Stream
Hil-Hiiver106-2-1,28.0694,-82.3758,Hil-Hiiver106-2,Hillsborough,Hillsborough River-106-2,1,LW,River/Stream
Hil-Hiiver106-3-1,28.0694,-82.3758,Hil-Hiiver106-3,Hillsborough,Hillsborough River-106-3,1,LW,River/Stream
Hil-Hiiver108-1-1,28.0861,-82.3348,Hil-Hiiver108-1,Hillsborough,Hillsborough River-108-1,1,LW,River/Stream
Hil-Hiiver108-2-1,28.0861,-82.3348,Hil-Hiiver108-2,Hillsborough,Hillsborough River-108-2,1,LW,River/Stream
Hil-Hiiver108-3-1,28.0861,-82.3348,Hil-Hiiver108-3,Hillsborough,Hillsborough River-108-3,1,LW,River/Stream
Hil-Hiiver109-1-1,28.0989,-82.3117,Hil-Hiiver109-1,Hillsborough,Hillsborough River-109-1,1,LW,River/Stream
Hil-Hiiver109-2-1,28.0989,-82.3117,Hil-Hiiver109-2,Hillsborough,Hillsborough River-109-2,1,LW,River/Stream
Hil-Hiiver109-3-1,28.0989,-82.3117,Hil-Hiiver109-3,Hillsborough,Hillsborough River-109-3,1,LW,River/Stream
Hil-Hiiver112-1-1,28.0208,-82.4518,Hil-Hiiver112-1,Hillsborough,Hillsborough River-112-1,1,LW,River/Stream
Hil-Hiiver112-2-1,28.0208,-82.4518,Hil-Hiiver112-2,Hillsborough,Hillsborough River-112-2,1,LW,River/Stream
Hil-Hiiver112-3-1,28.0208,-82.4518,Hil-Hiiver112-3,Hillsborough,Hillsborough River-112-3,1,LW,River/Stream
Hil-River-115-1-1,28.1133,-82.4427,Hil-River-115-1,Hillsborough,Hillsborough River-115-1,1,LW,River/Stream
Hil-River-115-2-1,28.1133,-82.4427,Hil-River-115-2,Hillsborough,Hillsborough River-115-2,1,LW,River/Stream
Hil-River-115-3-1,28.1133,-82.4427,Hil-River-115-3,Hillsborough,Hillsborough River-115-3,1,LW,River/Stream
Hil-River-118-1-1,28.0826,-82.2858,Hil-River-118-1,Hillsborough,Hillsborough River-118-1,1,LW,River/Stream
Hil-River-118-2-1,28.0826,-82.2858,Hil-River-118-2,Hillsborough,Hillsborough River-118-2,1,LW,River/Stream
Hil-River-118-3-1,28.0826,-82.2858,Hil-River-118-3,Hillsborough,Hillsborough River-118-3,1,LW,River/Stream
Hil-River-119-1-1,28.088,-82.3486,Hil-River-119-1,Hillsborough,Hillsborough River-119-1,1,LW,River/Stream
Hil-River-119-2-1,28.088,-82.3486,Hil-River-119-2,Hillsborough,Hillsborough River-119-2,1,LW,River/Stream
Hil-River-119-3-1,28.088,-82.3486,Hil-River-119-3,Hillsborough,Hillsborough River-119-3,1,LW,River/Stream
Hil-Hiiver123-1-1,28.0094,-82.4146,Hil-Hiiver123-1,Hillsborough,Hillsborough River-123-1,1,LW,River/Stream
Hil-Hiiver123-2-1,28.0094,-82.4146,Hil-Hiiver123-2,Hillsborough,Hillsborough River-123-2,1,LW,River/Stream
Hil-Hiiver123-3-1,28.0094,-82.4146,Hil-Hiiver123-3,Hillsborough,Hillsborough River-123-3,1,LW,River/Stream
Hil-Hiiver125-1-1,28.0094,-82.4146,Hil-Hiiver125-1,Hillsborough,Hillsborough River-125-1,1,LW,River/Stream
Hil-Hiiver125-2-1,28.0094,-82.4146,Hil-Hiiver125-2,Hillsborough,Hillsborough River-125-2,1,LW,River/Stream
Hil-Hiiver125-3-1,28.0094,-82.4146,Hil-Hiiver125-3,Hillsborough,Hillsborough River-125-3,1,LW,River/Stream
Hil-Hiiver126-1-1,28.0546,-82.3646,Hil-Hiiver126-1,Hillsborough,Hillsborough River-126-1,1,LW,River/Stream
Hil-Hiiver126-2-1,28.0546,-82.3646,Hil-Hiiver126-2,Hillsborough,Hillsborough River-126-2,1,LW,River/Stream
Hil-Hiiver126-3-1,28.0546,-82.3646,Hil-Hiiver126-3,Hillsborough,Hillsborough River-126-3,1,LW,River/Stream
Hil-River-127-1-1,28.0866,-82.3569,Hil-River-127-1,Hillsborough,Hillsborough River-127-1,1,LW,River/Stream
Hil-River-127-2-1,28.0866,-82.3569,Hil-River-127-2,Hillsborough,Hillsborough River-127-2,1,LW,River/Stream
Hil-River-127-3-1,28.0866,-82.3569,Hil-River-127-3,Hillsborough,Hillsborough River-127-3,1,LW,River/Stream
Hil-Hiiver128-1-1,28.0132,-82.3796,Hil-Hiiver128-1,Hillsborough,Hillsborough River-128-1,1,LW,River/Stream
Hil-Hiiver128-2-1,28.0132,-82.3796,Hil-Hiiver128-2,Hillsborough,Hillsborough River-128-2,1,LW,River/Stream
Hil-Hiiver128-3-1,28.0132,-82.3796,Hil-Hiiver128-3,Hillsborough,Hillsborough River-128-3,1,LW,River/Stream
Hil-River-130-1-1,28.0135,-82.3537,Hil-River-130-1,Hillsborough,Hillsborough River-130-1,1,LW,River/Stream
Hil-River-130-2-1,28.0135,-82.3537,Hil-River-130-2,Hillsborough,Hillsborough River-130-2,1,LW,River/Stream
Hil-River-130-3-1,28.0135,-82.3537,Hil-River-130-3,Hillsborough,Hillsborough River-130-3,1,LW,River/Stream
Hil-River-131-1-1,28.02,-82.39,Hil-River-131-1,Hillsborough,Hillsborough River-131-1,1,LW,River/Stream
Hil-River-131-2-1,28.02,-82.39,Hil-River-131-2,Hillsborough,Hillsborough River-131-2,1,LW,River/Stream
Hil-River-131-3-1,28.02,-82.39,Hil-River-131-3,Hillsborough,Hillsborough River-131-3,1,LW,River/Stream
Hil-River-138-1-1,28.0828,-82.2862,Hil-River-138-1,Hillsborough,Hillsborough River-138-1,1,LW,River/Stream
Hil-River-138-2-1,28.0828,-82.2862,Hil-River-138-2,Hillsborough,Hillsborough River-138-2,1,LW,River/Stream
Hil-River-138-3-1,28.0828,-82.2862,Hil-River-138-3,Hillsborough,Hillsborough River-138-3,1,LW,River/Stream
Hil-River-142-1-1,28.0226,-82.4072,Hil-River-142-1,Hillsborough,Hillsborough River-142-1,1,LW,River/Stream
Hil-River-142-2-1,28.0226,-82.4072,Hil-River-142-2,Hillsborough,Hillsborough River-142-2,1,LW,River/Stream
Hil-River-142-3-1,28.0226,-82.4072,Hil-River-142-3,Hillsborough,Hillsborough River-142-3,1,LW,River/Stream
Hil-River-338-1-1,28.0175,-82.3778,Hil-River-338-1,Hillsborough,Hillsborough River-338-1,1,LW,River/Stream
Hil-River-338-2-1,28.0175,-82.3778,Hil-River-338-2,Hillsborough,Hillsborough River-338-2,1,LW,River/Stream
Hil-River-338-3-1,28.0175,-82.3778,Hil-River-338-3,Hillsborough,Hillsborough River-338-3,1,LW,River/Stream
Hil-Hobbs-1,28.159300000000002,-82.4654,Hil-Hobbs,Hillsborough,Hobbs,1,LW,Lake
Hil-Hobbs-2,28.159,-82.4676,Hil-Hobbs,Hillsborough,Hobbs,2,LW,Lake
Hil-Hobbs-3,28.1575,-82.4692,Hil-Hobbs,Hillsborough,Hobbs,3,LW,Lake
Hil-HogIslan-1,28.1707,-82.4449,Hil-HogIslan,Hillsborough,Hog Island,1,LW,Lake
Hil-HogIslan-2,28.1694,-82.4478,Hil-HogIslan,Hillsborough,Hog Island,2,LW,Lake
Hil-HogIslan-3,28.1695,-82.4515,Hil-HogIslan,Hillsborough,Hog Island,3,LW,Lake
Hil-HogIslan-4,28.1709,-82.4535,Hil-HogIslan,Hillsborough,Hog Island,4,LW,Lake
Hil-Holly-1,28.1716,-82.4824,Hil-Holly,Hillsborough,Holly,1,LW,Lake
Hil-Holly-2,28.1704,-82.4823,Hil-Holly,Hillsborough,Holly,2,LW,Lake
Hil-Holly-3,28.1692,-82.4824,Hil-Holly,Hillsborough,Holly,3,LW,Lake
Hil-Holly2-1,28.0897,-82.5481,Hil-Holly2,Hillsborough,Holly 2,1,LW,Lake
Hil-Holly2-2,28.089,-82.5487,Hil-Holly2,Hillsborough,Holly 2,2,LW,Lake
Hil-Holly2-3,28.0885,-82.5492,Hil-Holly2,Hillsborough,Holly 2,3,LW,Lake
Hil-Horse-1,28.1117,-82.5791,Hil-Horse,Hillsborough,Horse,1,LW,Lake
Hil-Horse-2,28.1106,-82.5778,Hil-Horse,Hillsborough,Horse,2,LW,Lake
Hil-Horse-3,28.1101,-82.5797,Hil-Horse,Hillsborough,Horse,3,LW,Lake
Hil-Hunter-1,27.9697,-82.265,Hil-Hunter,Hillsborough,Hunter,1,LW,Lake
Hil-Hunter-2,27.9667,-82.2655,Hil-Hunter,Hillsborough,Hunter,2,LW,Lake
Hil-Hunter-3,27.9645,-82.2656,Hil-Hunter,Hillsborough,Hunter,3,LW,Lake
Hil-IslandFo-1,28.1529,-82.5986,Hil-IslandFo,Hillsborough,Island Ford,1,LW,Lake
Hil-IslandFo-2,28.1505,-82.5959,Hil-IslandFo,Hillsborough,Island Ford,2,LW,Lake
Hil-IslandFo-3,28.1501,-82.5926,Hil-IslandFo,Hillsborough,Island Ford,3,LW,Lake
Hil-Itreek116-1-1,28.0871,-82.076,Hil-Itreek116-1,Hillsborough,Itchepackesassa Creek-116-1,1,LW,River/Stream
Hil-Itreek116-2-1,28.0871,-82.076,Hil-Itreek116-2,Hillsborough,Itchepackesassa Creek-116-2,1,LW,River/Stream
Hil-Itreek116-3-1,28.0871,-82.076,Hil-Itreek116-3,Hillsborough,Itchepackesassa Creek-116-3,1,LW,River/Stream
Hil-Jackson-1,28.138,-82.63,Hil-Jackson,Hillsborough,Jackson,1,LW,Lake
Hil-Jackson-2,28.1375,-82.6301,Hil-Jackson,Hillsborough,Jackson,2,LW,Lake
Hil-Jackson-3,28.137,-82.63,Hil-Jackson,Hillsborough,Jackson,3,LW,Lake
Hil-James-1,28.1179,-82.5735,Hil-James,Hillsborough,James,1,LW,Lake
Hil-James-2,28.117,-82.5741,Hil-James,Hillsborough,James,2,LW,Lake
Hil-James-3,28.1163,-82.574700000000007,Hil-James,Hillsborough,James,3,LW,Lake
Hil-Jeanette-1,28.0621,-82.4809,Hil-Jeanette,Hillsborough,Jeanette,1,LW,Lake
Hil-Jeanette-2,28.0618,-82.4808,Hil-Jeanette,Hillsborough,Jeanette,2,LW,Lake
Hil-Jeanette-3,28.0616,-82.4807,Hil-Jeanette,Hillsborough,Jeanette,3,LW,Lake
Hil-Jeremy-1,28.0653,-82.3841,Hil-Jeremy,Hillsborough,Jeremy,1,LW,Lake
Hil-Jeremy-2,28.0662,-82.3836,Hil-Jeremy,Hillsborough,Jeremy,2,LW,Lake
Hil-Jeremy-3,28.0669,-82.3828,Hil-Jeremy,Hillsborough,Jeremy,3,LW,Lake
Hil-Josephine-1,28.1113,-82.562,Hil-Josephine,Hillsborough,Josephine,1,LW,Lake
Hil-Josephine-2,28.1094,-82.5632,Hil-Josephine,Hillsborough,Josephine,2,LW,Lake
Hil-Josephine-3,28.1097,-82.5603,Hil-Josephine,Hillsborough,Josephine,3,LW,Lake
Hil-Juanita-1,28.1185,-82.5878,Hil-Juanita,Hillsborough,Juanita,1,LW,Lake
Hil-Juanita-2,28.1173,-82.5888,Hil-Juanita,Hillsborough,Juanita,2,LW,Lake
Hil-Juanita-3,28.1168,-82.59,Hil-Juanita,Hillsborough,Juanita,3,LW,Lake
Hil-June-1,27.9575,-82.2975,Hil-June,Hillsborough,June,1,LW,Lake
Hil-June-2,27.9571,-82.2969,Hil-June,Hillsborough,June,2,LW,Lake
Hil-June-3,27.9567,-82.2967,Hil-June,Hillsborough,June,3,LW,Lake
Hil-Keene-1,28.1454,-82.447,Hil-Keene,Hillsborough,Keene,1,LW,Lake
Hil-Keene-2,28.1446,-82.4481,Hil-Keene,Hillsborough,Keene,2,LW,Lake
Hil-Keene-3,28.1438,-82.4488,Hil-Keene,Hillsborough,Keene,3,LW,Lake
Hil-Kell-1,28.168,-82.4556,Hil-Kell,Hillsborough,Kell,1,LW,Lake
Hil-Kell-2,28.1663,-82.4563,Hil-Kell,Hillsborough,Kell,2,LW,Lake
Hil-Kell-3,28.1646,-82.4574,Hil-Kell,Hillsborough,Kell,3,LW,Lake
Hil-Ken-1,27.8512,-82.3389,Hil-Ken,Hillsborough,Ken,1,LW,Lake
Hil-Ken-2,27.8532,-82.3375,Hil-Ken,Hillsborough,Ken,2,LW,Lake
Hil-Ken-3,27.8548,-82.3364,Hil-Ken,Hillsborough,Ken,3,LW,Lake
Hil-Keystone-1,28.1234,-82.5827,Hil-Keystone,Hillsborough,Keystone,1,LW,Lake
Hil-Keystone-2,28.1317,-82.5897,Hil-Keystone,Hillsborough,Keystone,2,LW,Lake
Hil-Keystone-3,28.1375,-82.5943,Hil-Keystone,Hillsborough,Keystone,3,LW,Lake
Hil-KeystoneN-1,28.1443,-82.5963,Hil-KeystoneN,Hillsborough,Keystone North,1,LW,Lake
Hil-KeystoneN-2,28.145,-82.5949,Hil-KeystoneN,Hillsborough,Keystone North,2,LW,Lake
Hil-KeystoneN-3,28.146,-82.5935,Hil-KeystoneN,Hillsborough,Keystone North,3,LW,Lake
Hil-LeClare-1,28.11,-82.537,Hil-LeClare,Hillsborough,LeClare,1,LW,Lake
Hil-LeClare-2,28.1103,-82.5391,Hil-LeClare,Hillsborough,LeClare,2,LW,Lake
Hil-LeClare-3,28.1103,-82.5408,Hil-LeClare,Hillsborough,LeClare,3,LW,Lake
Hil-Lipsey-1,28.0573,-82.4979,Hil-Lipsey,Hillsborough,Lipsey,1,LW,Lake
Hil-Lipsey-2,28.0553,-82.4979,Hil-Lipsey,Hillsborough,Lipsey,2,LW,Lake
Hil-Lipsey-3,28.0543,-82.4963,Hil-Lipsey,Hillsborough,Lipsey,3,LW,Lake
Hil-Little-1,28.0727,-82.4801,Hil-Little,Hillsborough,Little,1,LW,Lake
Hil-Little-2,28.0724,-82.4801,Hil-Little,Hillsborough,Little,2,LW,Lake
Hil-Little-3,28.072,-82.4811,Hil-Little,Hillsborough,Little,3,LW,Lake
Hil-LittleBa-1,28.1028,-82.5671,Hil-LittleBa,Hillsborough,Little Bass,1,LW,Lake
Hil-LittleBa-2,28.1023,-82.5675,Hil-LittleBa,Hillsborough,Little Bass,2,LW,Lake
Hil-LittleBa-3,28.102,-82.5676,Hil-LittleBa,Hillsborough,Little Bass,3,LW,Lake
Hil-LBFrek339-1-1,27.7904,-82.3163,Hil-LBFrek339-1,Hillsborough,Little Bull Frog Creek-339-1,1,LW,River/Stream
Hil-LBFrek339-2-1,27.7904,-82.3163,Hil-LBFrek339-2,Hillsborough,Little Bull Frog Creek-339-2,1,LW,River/Stream
Hil-LBFrek339-3-1,27.7904,-82.3163,Hil-LBFrek339-3,Hillsborough,Little Bull Frog Creek-339-3,1,LW,River/Stream
Hil-Li-chBay-1,27.7159,-82.4902,Hil-Li-chBay,Hillsborough,Little Cockroach Bay-1,1,LW,Estuary
Hil-Li-chBay-2,27.7116,-82.5033,Hil-Li-chBay,Hillsborough,Little Cockroach Bay-2,1,LW,Estuary
Hil-Li-chBay-3,27.7082,-82.5079,Hil-Li-chBay,Hillsborough,Little Cockroach Bay-3,1,LW,Estuary
Hil-Li-chBay-4,27.7102,-82.4885,Hil-Li-chBay,Hillsborough,Little Cockroach Bay-4,1,LW,Estuary
Hil-LittleDeer-1,28.1641,-82.4663,Hil-LittleDeer,Hillsborough,Little Deer,1,LW,Lake
Hil-LittleDeer-2,28.1638,-82.4654,Hil-LittleDeer,Hillsborough,Little Deer,2,LW,Lake
Hil-LittleDeer-3,28.1641,-82.4645,Hil-LittleDeer,Hillsborough,Little Deer,3,LW,Lake
Hil-LittleHa-1,28.1037,-82.5505,Hil-LittleHa,Hillsborough,Little Halfmoon,1,LW,Lake
Hil-LittleHa-2,28.1026,-82.5499,Hil-LittleHa,Hillsborough,Little Halfmoon,2,LW,Lake
Hil-LittleHa-3,28.1015,-82.5486,Hil-LittleHa,Hillsborough,Little Halfmoon,3,LW,Lake
Hil-LittleJe-1,28.1174,-82.5851,Hil-LittleJe,Hillsborough,Little Jewel,1,LW,Lake
Hil-LittleJe-2,28.1168,-82.5852,Hil-LittleJe,Hillsborough,Little Jewel,2,LW,Lake
Hil-LittleJe-3,28.1163,-82.5853,Hil-LittleJe,Hillsborough,Little Jewel,3,LW,Lake
Hil-LiRiver-1-1,27.7186,-82.4731,Hil-LiRiver-1,Hillsborough,Little Manatee River-1,1,LW,River/Stream
Hil-LiRiver-2-1,27.7186,-82.4731,Hil-LiRiver-2,Hillsborough,Little Manatee River-2,1,LW,River/Stream
Hil-Liver251-1-1,27.6641,-82.3987,Hil-Liver251-1,Hillsborough,Little Manatee River-251-1,1,LW,River/Stream
Hil-Liiver251-2-1,27.6641,-82.3987,Hil-Liiver251-2,Hillsborough,Little Manatee River-251-2,1,LW,River/Stream
Hil-Liiver251-3-1,27.6641,-82.3987,Hil-Liiver251-3,Hillsborough,Little Manatee River-251-3,1,LW,River/Stream
Hil-River-252-1-1,27.7188,-82.4319,Hil-River-252-1,Hillsborough,Little Manatee River-252-1,1,LW,River/Stream
Hil-River-252-2-1,27.7188,-82.4319,Hil-River-252-2,Hillsborough,Little Manatee River-252-2,1,LW,River/Stream
Hil-River-252-3-1,27.7188,-82.4319,Hil-River-252-3,Hillsborough,Little Manatee River-252-3,1,LW,River/Stream
Hil-River-254-1-1,27.6704,-82.3625,Hil-River-254-1,Hillsborough,Little Manatee River-254-1,1,LW,River/Stream
Hil-River-254-2-1,27.6704,-82.3625,Hil-River-254-2,Hillsborough,Little Manatee River-254-2,1,LW,River/Stream
Hil-River-254-3-1,27.6704,-82.3625,Hil-River-254-3,Hillsborough,Little Manatee River-254-3,1,LW,River/Stream
Hil-Li-River-3-1,27.7186,-82.4731,Hil-Li-River-3,Hillsborough,Little Manatee River-3,1,LW,River/Stream
Hil-LittleMo-1,28.1144,-82.6006,Hil-LittleMo,Hillsborough,Little Moon,1,LW,Lake
Hil-LittleMo-2,28.1138,-82.6002,Hil-LittleMo,Hillsborough,Little Moon,2,LW,Lake
Hil-LittleMo-3,28.1135,-82.5997,Hil-LittleMo,Hillsborough,Little Moon,3,LW,Lake
Hil-LittleWi-1,28.1481,-82.4922,Hil-LittleWi,Hillsborough,Little Wilson,1,LW,Lake
Hil-LittleWi-2,28.1464,-82.4929,Hil-LittleWi,Hillsborough,Little Wilson,2,LW,Lake
Hil-LittleWi-3,28.1472,-82.4912,Hil-LittleWi,Hillsborough,Little Wilson,3,LW,Lake
Hil-LongPd-1,27.9671,-82.266,Hil-LongPd,Hillsborough,Long Pond,1,LW,Lake
Hil-LongPd-2,27.9664,-82.2658,Hil-LongPd,Hillsborough,Long Pond,2,LW,Lake
Hil-LongPd-3,27.9646,-82.2655,Hil-LongPd,Hillsborough,Long Pond,3,LW,Lake
Hil-Lords-1,28.1084,-82.4505,Hil-Lords,Hillsborough,Lords,1,LW,Lake
Hil-Lords-2,28.1082,-82.4514,Hil-Lords,Hillsborough,Lords,2,LW,Lake
Hil-Lords-3,28.1081,-82.4524,Hil-Lords,Hillsborough,Lords,3,LW,Lake
Hil-Love-1,28.0614,-82.4806,Hil-Love,Hillsborough,Love,1,LW,Lake
Hil-Love-2,28.0617,-82.4808,Hil-Love,Hillsborough,Love,2,LW,Lake
Hil-Love-3,28.0622,-82.4809,Hil-Love,Hillsborough,Love,3,LW,Lake
Hil-Lutz-1,28.1536,-82.4635,Hil-Lutz,Hillsborough,Lutz,1,LW,Lake
Hil-Lutz-2,28.1532,-82.464,Hil-Lutz,Hillsborough,Lutz,2,LW,Lake
Hil-Lutz-3,28.1527,-82.4642,Hil-Lutz,Hillsborough,Lutz,3,LW,Lake
Hil-Lykes Lane Pond-1,27.8837,-82.4834,Hil-Lykes Lane Pond,Hillsborough,Lykes Lane Pond,1,LW,Lake
Hil-Magdalene-1,28.0863,-82.481,Hil-Magdalene,Hillsborough,Magdalene,1,LW,Lake
Hil-Magdalene-2,28.0811,-82.4822,Hil-Magdalene,Hillsborough,Magdalene,2,LW,Lake
Hil-Magdalene-3,28.078,-82.4833,Hil-Magdalene,Hillsborough,Magdalene,3,LW,Lake
Hil-Mango-1,27.9717,-82.2994,Hil-Mango,Hillsborough,Mango,1,LW,Lake
Hil-Mango-2,27.9711,-82.3066,Hil-Mango,Hillsborough,Mango,2,LW,Lake
Hil-Mango-3,27.9689,-82.3024,Hil-Mango,Hillsborough,Mango,3,LW,Lake
Hil-Martha-1,28.1478,-82.5996,Hil-Martha,Hillsborough,Martha,1,LW,Lake
Hil-Martha-2,28.1473,-82.6002,Hil-Martha,Hillsborough,Martha,2,LW,Lake
Hil-Martha-3,28.147,-82.6005,Hil-Martha,Hillsborough,Martha,3,LW,Lake
Hil-Maurine-1,28.0899,-82.5851,Hil-Maurine,Hillsborough,Maurine,1,LW,Lake
Hil-Maurine-2,28.0877,-82.5854,Hil-Maurine,Hillsborough,Maurine,2,LW,Lake
Hil-Maurine-3,28.0861,-82.5875,Hil-Maurine,Hillsborough,Maurine,3,LW,Lake
Hil-MaurineKC-1,28.0892,-82.5826,Hil-MaurineKC,Hillsborough,Maurine-Keystone Crossing,1,LW,Special
Hil-MaurinePI-1,28.0892,-82.5826,Hil-MaurinePI,Hillsborough,Maurine-Pond Inflow,1,LW,Special
Hil-McComas-1,27.888,-82.3401,Hil-McComas,Hillsborough,McComas,1,LW,Lake
Hil-McComas-2,27.8878,-82.3414,Hil-McComas,Hillsborough,McComas,2,LW,Lake
Hil-McComas-3,27.8883,-82.3424,Hil-McComas,Hillsborough,McComas,3,LW,Lake
Hil-Mead-1,27.9485,-82.2954,Hil-Mead,Hillsborough,Mead,1,LW,Lake
Hil-Mead-2,27.9478,-82.2951,Hil-Mead,Hillsborough,Mead,2,LW,Lake
Hil-Mead-3,27.9469,-82.2944,Hil-Mead,Hillsborough,Mead,3,LW,Lake
Hil-Michaela-1,27.9013,-82.2107,Hil-Michaela,Hillsborough,Michaela,1,LW,Lake
Hil-Michaela-2,27.9006,-82.2091,Hil-Michaela,Hillsborough,Michaela,2,LW,Lake
Hil-Michaela-3,27.9001,-82.2079,Hil-Michaela,Hillsborough,Michaela,3,LW,Lake
Hil-Mid-1,28.0586,-82.4739,Hil-Mid,Hillsborough,Mid,1,LW,Lake
Hil-Mid-2,28.0583,-82.474,Hil-Mid,Hillsborough,Mid,2,LW,Lake
Hil-Mid-3,28.0581,-82.474,Hil-Mid,Hillsborough,Mid,3,LW,Lake
Hil-Middle-1,27.7244,-82.3613,Hil-Middle,Hillsborough,Middle,1,LW,Lake
Hil-Middle-2,27.7213,-82.3615,Hil-Middle,Hillsborough,Middle,2,LW,Lake
Hil-Middle-3,27.7215,-82.3589,Hil-Middle,Hillsborough,Middle,3,LW,Lake
Hil-Mill-1,28.0875,-82.424,Hil-Mill,Hillsborough,Mill,1,LW,Lake
Hil-Mill-2,28.0873,-82.423,Hil-Mill,Hillsborough,Mill,2,LW,Lake
Hil-Mill-3,28.0866,-82.4229,Hil-Mill,Hillsborough,Mill,3,LW,Lake
Hil-Mohrlake-1,27.9145,-82.3164,Hil-Mohrlake,Hillsborough,Mohrlake,1,LW,Lake
Hil-Mohrlake-2,27.9145,-82.3154,Hil-Mohrlake,Hillsborough,Mohrlake,2,LW,Lake
Hil-Mohrlake-3,27.9143,-82.3146,Hil-Mohrlake,Hillsborough,Mohrlake,3,LW,Lake
Hil-Moores-1,28.0096,-82.2215,Hil-Moores,Hillsborough,Moores,1,LW,Lake
Hil-Moores-2,28.0089,-82.2215,Hil-Moores,Hillsborough,Moores,2,LW,Lake
Hil-Moores-3,28.0082,-82.2215,Hil-Moores,Hillsborough,Moores,3,LW,Lake
Hil-Morley-1,28.0872,-82.47,Hil-Morley,Hillsborough,Morley,1,LW,Lake
Hil-Morley-2,28.0871,-82.4696,Hil-Morley,Hillsborough,Morley,2,LW,Lake
Hil-Morley-3,28.0868,-82.4694,Hil-Morley,Hillsborough,Morley,3,LW,Lake
Hil-Morris-1,28.0726,-82.4656,Hil-Morris,Hillsborough,Morris,1,LW,Lake
Hil-Morris-2,28.0726,-82.466,Hil-Morris,Hillsborough,Morris,2,LW,Lake
Hil-Morris-3,28.0724,-82.4665,Hil-Morris,Hillsborough,Morris,3,LW,Lake
Hil-Mound-1,28.1495,-82.574,Hil-Mound,Hillsborough,Mound,1,LW,Lake
Hil-Mound-2,28.1472,-82.5719,Hil-Mound,Hillsborough,Mound,2,LW,Lake
Hil-Mound-3,28.146,-82.5708,Hil-Mound,Hillsborough,Mound,3,LW,Lake
Hil-Myrtle-1,28.149,-82.4815,Hil-Myrtle,Hillsborough,Myrtle,1,LW,Lake
Hil-Myrtle-2,28.1484,-82.4826,Hil-Myrtle,Hillsborough,Myrtle,2,LW,Lake
Hil-Myrtle-3,28.1479,-82.4836,Hil-Myrtle,Hillsborough,Myrtle,3,LW,Lake
Hil-Mystik-1,28.1184,-82.5224,Hil-Mystik,Hillsborough,Mystik,1,LW,Lake
Hil-Mystik-2,28.1184,-82.5217,Hil-Mystik,Hillsborough,Mystik,2,LW,Lake
Hil-Mystik-3,28.1189,-82.5224,Hil-Mystik,Hillsborough,Mystik,3,LW,Lake
Hil-Nancy-1,28.1673,-82.4916,Hil-Nancy,Hillsborough,Nancy,1,LW,Lake
Hil-Nancy-2,28.1673,-82.4919,Hil-Nancy,Hillsborough,Nancy,2,LW,Lake
Hil-Nancy-3,28.1675,-82.4924,Hil-Nancy,Hillsborough,Nancy,3,LW,Lake
Hil-Nawela-1,28.0571,-82.5584,Hil-Nawela,Hillsborough,Nawela,1,LW,Lake
Hil-Nawela-2,28.0564,-82.5587,Hil-Nawela,Hillsborough,Nawela,2,LW,Lake
Hil-Nawela-3,28.0555,-82.5588,Hil-Nawela,Hillsborough,Nawela,3,LW,Lake
Hil-NewRyan-1,28.1642,-82.4407,Hil-NewRyan,Hillsborough,New Ryan,1,LW,Lake
Hil-NewRyan-2,28.1623,-82.4425,Hil-NewRyan,Hillsborough,New Ryan,2,LW,Lake
Hil-NewRyan-3,28.1607,-82.4424,Hil-NewRyan,Hillsborough,New Ryan,3,LW,Lake
Hil-Newlands-1,28.0834,-82.4736,Hil-Newlands,Hillsborough,Newlands,1,LW,Lake
Hil-Newlands-2,28.0839,-82.4753,Hil-Newlands,Hillsborough,Newlands,2,LW,Lake
Hil-Newlands-3,28.083,-82.4754,Hil-Newlands,Hillsborough,Newlands,3,LW,Lake
Hil-Norbert-1,28.1542,-82.4793,Hil-Norbert,Hillsborough,Norbert,1,LW,Lake
Hil-Norbert-2,28.1543,-82.4774,Hil-Norbert,Hillsborough,Norbert,2,LW,Lake
Hil-Norbert-3,28.1529,-82.4769,Hil-Norbert,Hillsborough,Norbert,3,LW,Lake
Hil-Noreast-1,28.0633,-82.4694,Hil-Noreast,Hillsborough,Noreast,1,LW,Lake
Hil-Noreast-2,28.0631,-82.4689,Hil-Noreast,Hillsborough,Noreast,2,LW,Lake
Hil-Noreast-3,28.062,-82.4686,Hil-Noreast,Hillsborough,Noreast,3,LW,Lake
Hil-North-1,27.727736,-82.359931,Hil-North,Hillsborough,North,1,LW,Lake
Hil-North-2,27.726044,-82.357444,Hil-North,Hillsborough,North,2,LW,Lake
Hil-North-3,27.724686,-82.357192,Hil-North,Hillsborough,North,3,LW,Lake
Hil-NorthPd-1,28.0913,-82.4202,Hil-NorthPd,Hillsborough,North Pond,1,LW,Lake
Hil-NorthPd-2,28.0912,-82.4195,Hil-NorthPd,Hillsborough,North Pond,2,LW,Lake
Hil-NorthPd-3,28.0911,-82.4188,Hil-NorthPd,Hillsborough,North Pond,3,LW,Lake
Hil-Osceola-1,28.1726,-82.5843,Hil-Osceola,Hillsborough,Osceola,1,LW,Lake
Hil-Osceola-2,28.1712,-82.5873,Hil-Osceola,Hillsborough,Osceola,2,LW,Lake
Hil-Osceola-3,28.1709,-82.5891,Hil-Osceola,Hillsborough,Osceola,3,LW,Lake
Hil-PalR-136-1-1,27.9538,-82.3696,Hil-PalR-136-1,Hillsborough,Palm River-136-1,1,LW,River/Stream
Hil-PalR-136-2-1,27.9538,-82.3696,Hil-PalR-136-2,Hillsborough,Palm River-136-2,1,LW,River/Stream
Hil-PalR-136-3-1,27.9538,-82.3696,Hil-PalR-136-3,Hillsborough,Palm River-136-3,1,LW,River/Stream
Hil-Creek-132-1-1,28.0283,-82.2448,Hil-Creek-132-1,Hillsborough,Pemberton Creek-132-1,1,LW,River/Stream
Hil-Creek-132-2-1,28.0283,-82.2448,Hil-Creek-132-2,Hillsborough,Pemberton Creek-132-2,1,LW,River/Stream
Hil-Creek-132-3-1,28.0283,-82.2448,Hil-Creek-132-3,Hillsborough,Pemberton Creek-132-3,1,LW,River/Stream
Hil-Creek-133-1-1,28.0263,-82.2364,Hil-Creek-133-1,Hillsborough,Pemberton Creek-133-1,1,LW,River/Stream
Hil-Creek-133-2-1,28.0263,-82.2364,Hil-Creek-133-2,Hillsborough,Pemberton Creek-133-2,1,LW,River/Stream
Hil-Creek-133-3-1,28.0263,-82.2364,Hil-Creek-133-3,Hillsborough,Pemberton Creek-133-3,1,LW,River/Stream
Hil-Pine-1,28.0602,-82.4717,Hil-Pine,Hillsborough,Pine,1,LW,Lake
Hil-Pine-2,28.0602,-82.4728,Hil-Pine,Hillsborough,Pine,2,LW,Lake
Hil-Pine-3,28.0605,-82.4735,Hil-Pine,Hillsborough,Pine,3,LW,Lake
Hil-PinePd-1,28.0607,-82.4696,Hil-PinePd,Hillsborough,Pine Pond,1,LW,Lake
Hil-PinePd-2,28.0604,-82.4692,Hil-PinePd,Hillsborough,Pine Pond,2,LW,Lake
Hil-PinePd-3,28.0601,-82.4691,Hil-PinePd,Hillsborough,Pine Pond,3,LW,Lake
Hil-Place-1,28.0302,-82.5546,Hil-Place,Hillsborough,Place,1,LW,Lake
Hil-Place-2,28.0302,-82.5561,Hil-Place,Hillsborough,Place,2,LW,Lake
Hil-Place-3,28.0303,-82.5573,Hil-Place,Hillsborough,Place,3,LW,Lake
Hil-Place-4,28.0326,-82.5575,Hil-Place,Hillsborough,Place,4,LW,Lake
Hil-Platt-1,28.096,-82.4797,Hil-Platt,Hillsborough,Platt,1,LW,Lake
Hil-Platt-2,28.0946,-82.4789,Hil-Platt,Hillsborough,Platt,2,LW,Lake
Hil-Platt-3,28.0943,-82.4776,Hil-Platt,Hillsborough,Platt,3,LW,Lake
Hil-Pond 01-1-1,28.0525,-82.595,Hil-Pond 01-1,Hillsborough,Pond 01-14,1,LW,Lake
Hil-Pond 01-1-2,28.0525,-82.5964,Hil-Pond 01-1,Hillsborough,Pond 01-14,2,LW,Lake
Hil-Pond 02-0-1,27.8848,-82.2695,Hil-Pond 02-0,Hillsborough,Pond 02-07,1,LW,Lake
Hil-Pond 02-0-2,27.8858,-82.2695,Hil-Pond 02-0,Hillsborough,Pond 02-07,2,LW,Lake
Hil-Pond03-16-1,28.0644,-82.4927,Hil-Pond03-16,Hillsborough,Pond 03-16,1,LW,Lake
Hil-Pond03-16-2,28.0644,-82.4927,Hil-Pond03-16,Hillsborough,Pond 03-16,2,LW,Lake
Hil-Pond03-19-1,28.0896,-82.551,Hil-Pond03-19,Hillsborough,Pond 03-19,1,LW,Lake
Hil-Pond03-19-2,28.0896,-82.551,Hil-Pond03-19,Hillsborough,Pond 03-19,2,LW,Lake
Hil-Pond04-05-1,28.1224,-82.4591,Hil-Pond04-05,Hillsborough,Pond 04-05,1,LW,Lake
Hil-Pond04-05-2,28.1224,-82.4591,Hil-Pond04-05,Hillsborough,Pond 04-05,2,LW,Lake
Hil-Pd05-04I-1,27.8775,-82.2791,Hil-Pd05-04I,Hillsborough,Pond 05-04 Inlet,1,LW,Lake
Hil-Pd05-04I-2,27.8775,-82.2791,Hil-Pd05-04I,Hillsborough,Pond 05-04 Inlet,2,LW,Lake
Hil-Pd05-04O-1,27.8775,-82.2791,Hil-Pd05-04O,Hillsborough,Pond 05-04 Outlet,1,LW,Lake
Hil-Pd05-04O-2,27.8775,-82.2791,Hil-Pd05-04O,Hillsborough,Pond 05-04 Outlet,2,LW,Lake
Hil-Pd06-01-1,27.8503,-82.231,Hil-Pd06-01,Hillsborough,Pond 06-01,1,LW,Lake
Hil-Pd06-01-2,27.8503,-82.231,Hil-Pd06-01,Hillsborough,Pond 06-01,2,LW,Lake
Hil-Pd06-01-3,27.8503,-82.231,Hil-Pd06-01,Hillsborough,Pond 06-01,3,LW,Lake
Hil-Pd06-13-1,27.734,-82.347,Hil-Pd06-13,Hillsborough,Pond 06-13,1,LW,Lake
Hil-Pd06-13-2,27.734,-82.3472,Hil-Pd06-13,Hillsborough,Pond 06-13,2,LW,Lake
Hil-Pd06-13-3,27.7338,-82.3472,Hil-Pd06-13,Hillsborough,Pond 06-13,3,LW,Lake
Hil-Pd06-28-1,28.1117,-82.4926,Hil-Pd06-28,Hillsborough,Pond 06-28,1,LW,Lake
Hil-Pd06-28-2,28.1117,-82.4926,Hil-Pd06-28,Hillsborough,Pond 06-28,2,LW,Lake
Hil-Pd06-28-3,28.1125,-82.4914,Hil-Pd06-28,Hillsborough,Pond 06-28,3,LW,Lake
Hil-Pd06-905I-1,27.8779,-82.2854,Hil-Pd06-905I,Hillsborough,Pond 06-905 Inflow,1,LW,Lake
Hil-Pd06-905I-2,27.8779,-82.2854,Hil-Pd06-905I,Hillsborough,Pond 06-905 Inflow,2,LW,Lake
Hil-Pd06-905I-3,27.8779,-82.2854,Hil-Pd06-905I,Hillsborough,Pond 06-905 Inflow,3,LW,Lake
Hil-Pd06-905O-1,27.8779,-82.2854,Hil-Pd06-905O,Hillsborough,Pond 06-905 Outflow,1,LW,Lake
Hil-Pd06-905O-2,27.8779,-82.2854,Hil-Pd06-905O,Hillsborough,Pond 06-905 Outflow,2,LW,Lake
Hil-Pd06-905O-3,27.8779,-82.2854,Hil-Pd06-905O,Hillsborough,Pond 06-905 Outflow,3,LW,Lake
Hil-Pnd06-906-1,28.0292,-82.4896,Hil-Pnd06-906,Hillsborough,Pond 06-906,1,LW,Lake
Hil-Pnd06-906-2,28.0292,-82.4896,Hil-Pnd06-906,Hillsborough,Pond 06-906,2,LW,Lake
Hil-Pnd06-906-3,28.0292,-82.4896,Hil-Pnd06-906,Hillsborough,Pond 06-906,3,LW,Lake
Hil-Pnd06-911-1,28.0557,-82.5552,Hil-Pnd06-911,Hillsborough,Pond 06-911,1,LW,Lake
Hil-Pnd06-911-2,28.0557,-82.5552,Hil-Pnd06-911,Hillsborough,Pond 06-911,2,LW,Lake
Hil-Pnd06-911-3,28.0557,-82.5552,Hil-Pnd06-911,Hillsborough,Pond 06-911,3,LW,Lake
Hil-Pd07-901-1,27.716,-82.35,Hil-Pd07-901,Hillsborough,Pond 07-901,1,LW,Lake
Hil-Pd07-901-2,27.716,-82.35,Hil-Pd07-901,Hillsborough,Pond 07-901,2,LW,Lake
Hil-Pd07-901-3,27.716,-82.35,Hil-Pd07-901,Hillsborough,Pond 07-901,3,LW,Lake
Hil-Pd07-904-1,27.7256,-82.3575,Hil-Pd07-904,Hillsborough,Pond 07-904,1,LW,Lake
Hil-Pd07-904-2,27.7256,-82.3575,Hil-Pd07-904,Hillsborough,Pond 07-904,2,LW,Lake
Hil-Pd08-16-1,28.0479,-82.4833,Hil-Pd08-16,Hillsborough,Pond 08-16,1,LW,Lake
Hil-Pd08-16-2,28.048,-82.4833,Hil-Pd08-16,Hillsborough,Pond 08-16,2,LW,Lake
Hil-Pd08-16-3,28.0484,-82.4834,Hil-Pd08-16,Hillsborough,Pond 08-16,3,LW,Lake
Hil-Pd09-02-1,27.7354,-82.3479,Hil-Pd09-02,Hillsborough,Pond 09-02,1,LW,Lake
Hil-Pd09-02-2,27.7365,-82.348,Hil-Pd09-02,Hillsborough,Pond 09-02,2,LW,Lake
Hil-Pd09-02-3,27.7364,-82.349,Hil-Pd09-02,Hillsborough,Pond 09-02,3,LW,Lake
Hil-Pd09-03-2,27.9556,-82.2519,Hil-Pd09-03,Hillsborough,Pond 09-03,2,LW,Lake
Hil-Pd09-Sp1-2,28.0664,-82.4535,Hil-Pd09-Sp1,Hillsborough,Pond 09-Sp1,2,LW,Lake
Hil-Pd10-02-2,28.0597,-82.4313,Hil-Pd10-02,Hillsborough,Pond 10-02,2,LW,Lake
Hil-Pd10-07-1,28.1106,-82.5323,Hil-Pd10-07,Hillsborough,Pond 10-07,1,LW,Lake
Hil-Pd10-07-2,28.1102,-82.5324,Hil-Pd10-07,Hillsborough,Pond 10-07,2,LW,Lake
Hil-Pd10-07-3,28.1096,-82.5324,Hil-Pd10-07,Hillsborough,Pond 10-07,3,LW,Lake
Hil-Pd10-08-1,27.9656,-82.2969,Hil-Pd10-08,Hillsborough,Pond 10-08,1,LW,Lake
Hil-Pd10-08-2,27.9663,-82.2969,Hil-Pd10-08,Hillsborough,Pond 10-08,2,LW,Lake
Hil-Pd10-08-3,27.9666,-82.2979,Hil-Pd10-08,Hillsborough,Pond 10-08,3,LW,Lake
Hil-Pd12-04-1,27.7032,-82.3506,Hil-Pd12-04,Hillsborough,Pond 12-04,1,LW,Lake
Hil-Pd12-04-2,27.7031,-82.3511,Hil-Pd12-04,Hillsborough,Pond 12-04,2,LW,Lake
Hil-Pd12-04-3,27.7023,-82.3509,Hil-Pd12-04,Hillsborough,Pond 12-04,3,LW,Lake
Hil-Pond99-19-1,27.8853,-82.2797,Hil-Pond99-19,Hillsborough,Pond 99-19,1,LW,Lake
Hil-Pond99-19-2,27.886,-82.2777,Hil-Pond99-19,Hillsborough,Pond 99-19,2,LW,Lake
Hil-Pretty-1,28.1117,-82.5689,Hil-Pretty,Hillsborough,Pretty,1,LW,Lake
Hil-Pretty-2,28.1087,-82.5678,Hil-Pretty,Hillsborough,Pretty,2,LW,Lake
Hil-Pretty-3,28.1065,-82.5676,Hil-Pretty,Hillsborough,Pretty,3,LW,Lake
Hil-Rainbow-1,28.1189,-82.5966,Hil-Rainbow,Hillsborough,Rainbow,1,LW,Lake
Hil-Rainbow-2,28.1172,-82.596,Hil-Rainbow,Hillsborough,Rainbow,2,LW,Lake
Hil-Rainbow-3,28.1157,-82.596,Hil-Rainbow,Hillsborough,Rainbow,3,LW,Lake
Hil-Rainbow-4,28.1148,-82.5971,Hil-Rainbow,Hillsborough,Rainbow,4,LW,Lake
Hil-Reinheime-1,28.13,-82.4856,Hil-Reinheime,Hillsborough,Reinheimer,1,LW,Lake
Hil-Reinheime-2,28.1303,-82.4869,Hil-Reinheime,Hillsborough,Reinheimer,2,LW,Lake
Hil-Reinheime-3,28.1304,-82.488,Hil-Reinheime,Hillsborough,Reinheimer,3,LW,Lake
Hil-RMuldown-1,28.0729,-82.4704,Hil-RMuldown,Hillsborough,Richard Muldowney,1,LW,Lake
Hil-RMuldown-2,28.0725,-82.4704,Hil-RMuldown,Hillsborough,Richard Muldowney,2,LW,Lake
Hil-RMuldown-3,28.0721,-82.4704,Hil-RMuldown,Hillsborough,Richard Muldowney,3,LW,Lake
Hil-Roberta-1,28.0009,-82.4499,Hil-Roberta,Hillsborough,Roberta,1,LW,Lake
Hil-Roberta-2,28.001,-82.4496,Hil-Roberta,Hillsborough,Roberta,2,LW,Lake
Hil-Roberta-3,28.0011,-82.4493,Hil-Roberta,Hillsborough,Roberta,3,LW,Lake
Hil-Rock-1,28.1152,-82.5577,Hil-Rock,Hillsborough,Rock,1,LW,Lake
Hil-Rock-2,28.1138,-82.5566,Hil-Rock,Hillsborough,Rock,2,LW,Lake
Hil-Rock-3,28.1121,-82.5573,Hil-Rock,Hillsborough,Rock,3,LW,Lake
Hil-Creek-302-1-1,28.0396,-82.5751,Hil-Creek-302-1,Hillsborough,Rocky Creek-302-1,1,LW,River/Stream
Hil-Creek-302-2-1,28.0396,-82.5751,Hil-Creek-302-2,Hillsborough,Rocky Creek-302-2,1,LW,River/Stream
Hil-Creek-302-3-1,28.0396,-82.5751,Hil-Creek-302-3,Hillsborough,Rocky Creek-302-3,1,LW,River/Stream
Hil-Roreek310-1-1,28.0986,-82.5596,Hil-Roreek310-1,Hillsborough,Rocky Creek-310-1,1,LW,River/Stream
Hil-Roreek310-2-1,28.0986,-82.5596,Hil-Roreek310-2,Hillsborough,Rocky Creek-310-2,1,LW,River/Stream
Hil-Roreek310-3-1,28.0986,-82.5596,Hil-Roreek310-3,Hillsborough,Rocky Creek-310-3,1,LW,River/Stream
Hil-Roreek311-1-1,28.1123,-82.5664,Hil-Roreek311-1,Hillsborough,Rocky Creek-311-1,1,LW,River/Stream
Hil-Roreek311-2-1,28.1123,-82.5664,Hil-Roreek311-2,Hillsborough,Rocky Creek-311-2,1,LW,River/Stream
Hil-Roreek311-3-1,28.1123,-82.5664,Hil-Roreek311-3,Hillsborough,Rocky Creek-311-3,1,LW,River/Stream
Hil-Roreek312-1-1,28.1178,-82.5563,Hil-Roreek312-1,Hillsborough,Rocky Creek-312-1,1,LW,River/Stream
Hil-Roreek312-2-1,28.1178,-82.5563,Hil-Roreek312-2,Hillsborough,Rocky Creek-312-2,1,LW,River/Stream
Hil-Roreek312-3-1,28.1178,-82.5563,Hil-Roreek312-3,Hillsborough,Rocky Creek-312-3,1,LW,River/Stream
Hil-Rogers-1,28.1114,-82.5885,Hil-Rogers,Hillsborough,Rogers,1,LW,Lake
Hil-Rogers-2,28.1094,-82.5885,Hil-Rogers,Hillsborough,Rogers,2,LW,Lake
Hil-Rogers-3,28.1074,-82.5887,Hil-Rogers,Hillsborough,Rogers,3,LW,Lake
Hil-Roget-1,28.1083,-82.457,Hil-Roget,Hillsborough,Roget,1,LW,Lake
Hil-Roget-2,28.1081,-82.4559,Hil-Roget,Hillsborough,Roget,2,LW,Lake
Hil-Roget-3,28.1078,-82.4551,Hil-Roget,Hillsborough,Roget,3,LW,Lake
Hil-Round-1,28.1203,-82.5009,Hil-Round,Hillsborough,Round,1,LW,Lake
Hil-Round-2,28.1208,-82.5001,Hil-Round,Hillsborough,Round,2,LW,Lake
Hil-Round-3,28.1213,-82.4996,Hil-Round,Hillsborough,Round,3,LW,Lake
Hil-RoundP-1,28.0595,-82.4765,Hil-RoundP,Hillsborough,Round Pond,1,LW,Lake
Hil-RoundP-2,28.0592,-82.4766,Hil-RoundP,Hillsborough,Round Pond,2,LW,Lake
Hil-Russell-1,28.0744,-82.4646,Hil-Russell,Hillsborough,Russell,1,LW,Lake
Hil-Russell-2,28.0742,-82.4643,Hil-Russell,Hillsborough,Russell,2,LW,Lake
Hil-Russell-3,28.0739,-82.4639,Hil-Russell,Hillsborough,Russell,3,LW,Lake
Hil-SaddlebaN-1,28.1226,-82.4968,Hil-SaddlebaN,Hillsborough,Saddleback North,1,LW,Lake
Hil-SaddlebaN-2,28.1218,-82.4954,Hil-SaddlebaN,Hillsborough,Saddleback North,2,LW,Lake
Hil-SaddlebaN-3,28.122,-82.4942,Hil-SaddlebaN,Hillsborough,Saddleback North,3,LW,Lake
Hil-SaddlebaS-1,28.1191,-82.4933,Hil-SaddlebaS,Hillsborough,Saddleback South,1,LW,Lake
Hil-SaddlebaS-2,28.1193,-82.4943,Hil-SaddlebaS,Hillsborough,Saddleback South,2,LW,Lake
Hil-SaddlebaS-3,28.119,-82.4952,Hil-SaddlebaS,Hillsborough,Saddleback South,3,LW,Lake
Hil-September-1,28.1043,-82.4437,Hil-September,Hillsborough,September,1,LW,Lake
Hil-September-2,28.104,-82.4435,Hil-September,Hillsborough,September,2,LW,Lake
Hil-September-3,28.1037,-82.4434,Hil-September,Hillsborough,September,3,LW,Lake
Hil-Shady Pines-1,28.1136,-82.4696,Hil-Shady Pines,Hillsborough,Shady Pines,1,LW,Lake
Hil-Shady Pines-2,28.1138,-82.4695,Hil-Shady Pines,Hillsborough,Shady Pines,2,LW,Lake
Hil-ShangriLa-1,28.0071,-82.2673,Hil-ShangriLa,Hillsborough,Shangri-La,1,LW,Lake
Hil-ShangriLa-2,28.0063,-82.2679,Hil-ShangriLa,Hillsborough,Shangri-La,2,LW,Lake
Hil-ShangriLa-3,28.0074,-82.267,Hil-ShangriLa,Hillsborough,Shangri-La,3,LW,Lake
Hil-Shreek113-1-1,28.1428,-82.4427,Hil-Shreek113-1,Hillsborough,Sherry's Creek-113-1,1,LW,River/Stream
Hil-Shreek113-2-1,28.1428,-82.4427,Hil-Shreek113-2,Hillsborough,Sherry's Creek-113-2,1,LW,River/Stream
Hil-Shreek113-3-1,28.1428,-82.4427,Hil-Shreek113-3,Hillsborough,Sherry's Creek-113-3,1,LW,River/Stream
Hil-Silver-1,28.0228,-82.4946,Hil-Silver,Hillsborough,Silver,1,LW,Lake
Hil-Silver-2,28.0239,-82.4939,Hil-Silver,Hillsborough,Silver,2,LW,Lake
Hil-Silver-3,28.0229,-82.4934,Hil-Silver,Hillsborough,Silver,3,LW,Lake
Hil-Simmons-1,27.7075,-82.3504,Hil-Simmons,Hillsborough,Simmons,1,LW,Lake
Hil-Simmons-2,27.7082,-82.3531,Hil-Simmons,Hillsborough,Simmons,2,LW,Lake
Hil-Simmons-3,27.707,-82.3544,Hil-Simmons,Hillsborough,Simmons,3,LW,Lake
Hil-Sinclair-1,28.0976,-82.4449,Hil-Sinclair,Hillsborough,Sinclair,1,LW,Lake
Hil-Sinclair-2,28.0953,-82.4451,Hil-Sinclair,Hillsborough,Sinclair,2,LW,Lake
Hil-Sinclair-3,28.0928,-82.4455,Hil-Sinclair,Hillsborough,Sinclair,3,LW,Lake
Hil-Snake-1,28.1144,-82.4912,Hil-Snake,Hillsborough,Snake,1,LW,Lake
Hil-Snake-2,28.1133,-82.4908,Hil-Snake,Hillsborough,Snake,2,LW,Lake
Hil-Snake-3,28.1122,-82.4912,Hil-Snake,Hillsborough,Snake,3,LW,Lake
Hil-SolFoodC-1-1,28.0049,-82.4933,Hil-SolFoodC-1,Hillsborough,Sol Food Creek-1,1,LW,River/Stream
Hil-SolFoodC-2-1,28.0046,-82.4931,Hil-SolFoodC-2,Hillsborough,Sol Food Creek-2,1,LW,River/Stream
Hil-SolFoodC-3-1,28.0042,-82.4936,Hil-SolFoodC-3,Hillsborough,Sol Food Creek-3,1,LW,River/Stream
Hil-South-1,27.7149,-82.3592,Hil-South,Hillsborough,South,1,LW,Lake
Hil-South-2,27.7169,-82.3608,Hil-South,Hillsborough,South,2,LW,Lake
Hil-South-3,27.7183,-82.3611,Hil-South,Hillsborough,South,3,LW,Lake
Hil-St.Clair-1,27.7763,-82.3666,Hil-St.Clair,Hillsborough,St. Clair,1,LW,Lake
Hil-St.Clair-2,27.7729,-82.3662,Hil-St.Clair,Hillsborough,St. Clair,2,LW,Lake
Hil-St.Clair-3,27.7701,-82.3668,Hil-St.Clair,Hillsborough,St. Clair,3,LW,Lake
Hil-Stall-1,28.0631,-82.4909,Hil-Stall,Hillsborough,Stall,1,LW,Lake
Hil-Stall-2,28.0628,-82.4909,Hil-Stall,Hillsborough,Stall,2,LW,Lake
Hil-Stall-3,28.0625,-82.4907,Hil-Stall,Hillsborough,Stall,3,LW,Lake
Hil-Starvat-1,28.125,-82.5065,Hil-Starvat,Hillsborough,Starvation,1,LW,Lake
Hil-Starvat-2,28.1242,-82.5047,Hil-Starvat,Hillsborough,Starvation,2,LW,Lake
Hil-Starvat-3,28.1229,-82.5053,Hil-Starvat,Hillsborough,Starvation,3,LW,Lake
Hil-Stearns-1,27.9012,-82.2042,Hil-Stearns,Hillsborough,Stearns,1,LW,Lake
Hil-Stearns-2,27.9012,-82.2018,Hil-Stearns,Hillsborough,Stearns,2,LW,Lake
Hil-Stearns-3,27.9,-82.2028,Hil-Stearns,Hillsborough,Stearns,3,LW,Lake
Hil-Stemper-1,28.1348,-82.4594,Hil-Stemper,Hillsborough,Stemper,1,LW,Lake
Hil-Stemper-2,28.1334,-82.4571,Hil-Stemper,Hillsborough,Stemper,2,LW,Lake
Hil-Stemper-3,28.1342,-82.4533,Hil-Stemper,Hillsborough,Stemper,3,LW,Lake
Hil-Stillwate-1,28.0614,-82.5085,Hil-Stillwate,Hillsborough,Stillwater,1,LW,Lake
Hil-Stillwate-2,28.0607,-82.5088,Hil-Stillwate,Hillsborough,Stillwater,2,LW,Lake
Hil-Stillwate-3,28.0599,-82.5082,Hil-Stillwate,Hillsborough,Stillwater,3,LW,Lake
Hil-Strawberr-1,28.1414,-82.4743,Hil-Strawberr,Hillsborough,Strawberry,1,LW,Lake
Hil-Strawberr-2,28.1388,-82.476,Hil-Strawberr,Hillsborough,Strawberry,2,LW,Lake
Hil-Strawberr-3,28.1382,-82.4744,Hil-Strawberr,Hillsborough,Strawberry,3,LW,Lake
Hil-StrawberN-1,28.1422,-82.4733,Hil-StrawberN,Hillsborough,Strawberry North,1,LW,Lake
Hil-StrawberN-2,28.1415,-82.4744,Hil-StrawberN,Hillsborough,Strawberry North,2,LW,Lake
Hil-StrawberN-3,28.1408,-82.4747,Hil-StrawberN,Hillsborough,Strawberry North,3,LW,Lake
Hil-StrawberS-1,28.1392,-82.4763,Hil-StrawberS,Hillsborough,Strawberry South,1,LW,Lake
Hil-StrawberS-2,28.1385,-82.4752,Hil-StrawberS,Hillsborough,Strawberry South,2,LW,Lake
Hil-StrawberS-3,28.138,-82.4742,Hil-StrawberS,Hillsborough,Strawberry South,3,LW,Lake
Hil-Sunset-1,28.1364,-82.6259,Hil-Sunset,Hillsborough,Sunset,1,LW,Lake
Hil-Sunset-2,28.1358,-82.6253,Hil-Sunset,Hillsborough,Sunset,2,LW,Lake
Hil-Sunset-3,28.1339,-82.6258,Hil-Sunset,Hillsborough,Sunset,3,LW,Lake
Hil-Sunshine-1,28.1205,-82.5271,Hil-Sunshine,Hillsborough,Sunshine,1,LW,Lake
Hil-Sunshine-2,28.1197,-82.5258,Hil-Sunshine,Hillsborough,Sunshine,2,LW,Lake
Hil-Sunshine-3,28.1188,-82.525,Hil-Sunshine,Hillsborough,Sunshine,3,LW,Lake
Hil-Swan-1,27.7169,-82.3498,Hil-Swan,Hillsborough,Swan,1,LW,Lake
Hil-Swan-2,27.7158,-82.3501,Hil-Swan,Hillsborough,Swan,2,LW,Lake
Hil-Swan-3,27.7152,-82.3501,Hil-Swan,Hillsborough,Swan,3,LW,Lake
Hil-Swreek321-1-1,27.9901,-82.5615,Hil-Swreek321-1,Hillsborough,Sweetwater Creek-321-1,1,LW,River/Stream
Hil-Swreek321-2-1,27.9901,-82.5615,Hil-Swreek321-2,Hillsborough,Sweetwater Creek-321-2,1,LW,River/Stream
Hil-Swreek321-3-1,27.9901,-82.5615,Hil-Swreek321-3,Hillsborough,Sweetwater Creek-321-3,1,LW,River/Stream
Hil-Swreek324-1-1,28.0546,-82.4983,Hil-Swreek324-1,Hillsborough,Sweetwater Creek-324-1,1,LW,River/Stream
Hil-Swreek324-2-1,28.0546,-82.4983,Hil-Swreek324-2,Hillsborough,Sweetwater Creek-324-2,1,LW,River/Stream
Hil-Swreek324-3-1,28.0546,-82.4983,Hil-Swreek324-3,Hillsborough,Sweetwater Creek-324-3,1,LW,River/Stream
Hil-Swreek334-1-1,28.0114,-82.5748,Hil-Swreek334-1,Hillsborough,Sweetwater Creek-334-1,1,LW,River/Stream
Hil-Swreek334-2-1,28.0114,-82.5748,Hil-Swreek334-2,Hillsborough,Sweetwater Creek-334-2,1,LW,River/Stream
Hil-Swreek334-3-1,28.0114,-82.5748,Hil-Swreek334-3,Hillsborough,Sweetwater Creek-334-3,1,LW,River/Stream
Hil-Taylor-1,28.1377,-82.6137,Hil-Taylor,Hillsborough,Taylor,1,LW,Lake
Hil-Taylor-2,28.1382,-82.6098,Hil-Taylor,Hillsborough,Taylor,2,LW,Lake
Hil-Taylor-3,28.1349,-82.611,Hil-Taylor,Hillsborough,Taylor,3,LW,Lake
Hil-Taylor2-1,28.1517,-82.5434,Hil-Taylor2,Hillsborough,Taylor 2,1,LW,Lake
Hil-Taylor2-2,28.151,-82.5431,Hil-Taylor2,Hillsborough,Taylor 2,2,LW,Lake
Hil-Taylor2-3,28.1505,-82.5427,Hil-Taylor2,Hillsborough,Taylor 2,3,LW,Lake
Hil-Teakwood-1,28.0799,-82.4703,Hil-Teakwood,Hillsborough,Teakwood,1,LW,Lake
Hil-Teakwood-2,28.0797,-82.4691,Hil-Teakwood,Hillsborough,Teakwood,2,LW,Lake
Hil-Teakwood-3,28.0803,-82.4689,Hil-Teakwood,Hillsborough,Teakwood,3,LW,Lake
Hil-TenMile-1,27.9416,-82.3144,Hil-TenMile,Hillsborough,Ten Mile,1,LW,Lake
Hil-TenMile-2,27.9403,-82.3156,Hil-TenMile,Hillsborough,Ten Mile,2,LW,Lake
Hil-TenMile-3,27.9395,-82.3165,Hil-TenMile,Hillsborough,Ten Mile,3,LW,Lake
Hil-Thonotosa-1,28.0676,-82.2766,Hil-Thonotosa,Hillsborough,Thonotosassa,1,LW,Lake
Hil-Thonotosa-2,28.0612,-82.2785,Hil-Thonotosa,Hillsborough,Thonotosassa,2,LW,Lake
Hil-Thonotosa-3,28.0538,-82.2782,Hil-Thonotosa,Hillsborough,Thonotosassa,3,LW,Lake
Hil-Titan-1,28.1684,-82.3723,Hil-Titan,Hillsborough,Titan,1,LW,Lake
Hil-Titan-2,28.1684,-82.3719,Hil-Titan,Hillsborough,Titan,2,LW,Lake
Hil-Titan-3,28.1683,-82.3714,Hil-Titan,Hillsborough,Titan,3,LW,Lake
Hil-Tiffany-1,28.1156,-82.4525,Hil-Tiffany,Hillsborough,Tiffany,1,LW,Lake
Hil-Tiffany-2,28.1174,-82.4534,Hil-Tiffany,Hillsborough,Tiffany,2,LW,Lake
Hil-Tiffany-3,28.1183,-82.4542,Hil-Tiffany,Hillsborough,Tiffany,3,LW,Lake
Hil-TrCK-141-1-1,28.1181,-82.3621,Hil-TrCK-141-1,Hillsborough,Trout Creek-141-1,1,LW,River/Stream
Hil-TrCK-141-2-1,28.1181,-82.3621,Hil-TrCK-141-2,Hillsborough,Trout Creek-141-2,1,LW,River/Stream
Hil-TrCK-141-3-1,28.1181,-82.3621,Hil-TrCK-141-3,Hillsborough,Trout Creek-141-3,1,LW,River/Stream
Hil-Treek-212-1-1,27.9086,-82.1893,Hil-Treek-212-1,Hillsborough,Turkey Creek-212-1,1,LW,River/Stream
Hil-Treek-212-2-1,27.9086,-82.1893,Hil-Treek-212-2,Hillsborough,Turkey Creek-212-2,1,LW,River/Stream
Hil-Treek-212-3-1,27.9086,-82.1893,Hil-Treek-212-3,Hillsborough,Turkey Creek-212-3,1,LW,River/Stream
Hil-Turtle-1,28.07,-82.471,Hil-Turtle,Hillsborough,Turtle,1,LW,Lake
Hil-Turtle-2,28.0698,-82.4716,Hil-Turtle,Hillsborough,Turtle,2,LW,Lake
Hil-Turtle-3,28.0703,-82.472,Hil-Turtle,Hillsborough,Turtle,3,LW,Lake
Hil-Twin-1,28.0316,-82.4901,Hil-Twin,Hillsborough,Twin,1,LW,Lake
Hil-Twin-2,28.0327,-82.4894,Hil-Twin,Hillsborough,Twin,2,LW,Lake
Hil-Twin-3,28.0339,-82.4892,Hil-Twin,Hillsborough,Twin,3,LW,Lake
Hil-Valrico-1,27.9569,-82.2579,Hil-Valrico,Hillsborough,Valrico,1,LW,Lake
Hil-Valrico-2,27.9549,-82.2584,Hil-Valrico,Hillsborough,Valrico,2,LW,Lake
Hil-Valrico-3,27.9517,-82.2594,Hil-Valrico,Hillsborough,Valrico,3,LW,Lake
Hil-ValricoM-1,27.96,-82.2558,Hil-ValricoM,Hillsborough,Valrico Middle,1,LW,Lake
Hil-ValricoM-2,27.96,-82.2576,Hil-ValricoM,Hillsborough,Valrico Middle,2,LW,Lake
Hil-ValricoM-3,27.9597,-82.2572,Hil-ValricoM,Hillsborough,Valrico Middle,3,LW,Lake
Hil-Virginia-1,28.162,-82.4894,Hil-Virginia,Hillsborough,Virginia,1,LW,Lake
Hil-Virginia-2,28.1614,-82.4886,Hil-Virginia,Hillsborough,Virginia,2,LW,Lake
Hil-Virginia-3,28.1608,-82.4877,Hil-Virginia,Hillsborough,Virginia,3,LW,Lake
Hil-Walden-1,27.9912,-82.1489,Hil-Walden,Hillsborough,Walden,1,LW,Lake
Hil-Walden-2,27.9889,-82.1501,Hil-Walden,Hillsborough,Walden,2,LW,Lake
Hil-Walden-3,27.9886,-82.1462,Hil-Walden,Hillsborough,Walden,3,LW,Lake
Hil-Wastena-1,28.1636,-82.5926,Hil-Wastena,Hillsborough,Wastena,1,LW,Lake
Hil-Wastena-2,28.1631,-82.5911,Hil-Wastena,Hillsborough,Wastena,2,LW,Lake
Hil-Wastena-3,28.1621,-82.5912,Hil-Wastena,Hillsborough,Wastena,3,LW,Lake
Hil-Wee-1,27.9523,-82.2959,Hil-Wee,Hillsborough,Wee,1,LW,Lake
Hil-Wee-2,27.9529,-82.2954,Hil-Wee,Hillsborough,Wee,2,LW,Lake
Hil-Wee-3,27.9534,-82.296,Hil-Wee,Hillsborough,Wee,3,LW,Lake
Hil-Weeks-1,27.9901,-82.2672,Hil-Weeks,Hillsborough,Weeks,1,LW,Lake
Hil-Weeks-2,27.9893,-82.2688,Hil-Weeks,Hillsborough,Weeks,2,LW,Lake
Hil-Weeks-3,27.9885,-82.2702,Hil-Weeks,Hillsborough,Weeks,3,LW,Lake
Hil-WestMd-1,28.1507,-82.3711,Hil-WestMd,Hillsborough,West Meadows-15,1,LW,Lake
Hil-WestMd-2,28.152,-82.3697,Hil-WestMd,Hillsborough,West Meadows-15,2,LW,Lake
Hil-WestMd-3,28.1509,-82.3685,Hil-WestMd,Hillsborough,West Meadows-15,3,LW,Lake
Hil-WestMd3-1,28.152,-82.3586,Hil-WestMd3,Hillsborough,West Meadows-3,1,LW,Lake
Hil-WestMd3-2,28.1496,-82.36,Hil-WestMd3,Hillsborough,West Meadows-3,2,LW,Lake
Hil-WestMd3-3,28.148,-82.3614,Hil-WestMd3,Hillsborough,West Meadows-3,3,LW,Lake
Hil-WhiteTro-1,28.041,-82.493,Hil-WhiteTro,Hillsborough,White Trout,1,LW,Lake
Hil-WhiteTro-2,28.0393,-82.4959,Hil-WhiteTro,Hillsborough,White Trout,2,LW,Lake
Hil-WhiteTro-3,28.0383,-82.4995,Hil-WhiteTro,Hillsborough,White Trout,3,LW,Lake
Hil-Wilford-1,28.0813,-82.4755,Hil-Wilford,Hillsborough,Wilford,1,LW,Lake
Hil-Wilford-2,28.0809,-82.4759,Hil-Wilford,Hillsborough,Wilford,2,LW,Lake
Hil-Wilford-3,28.0805,-82.4763,Hil-Wilford,Hillsborough,Wilford,3,LW,Lake
Hil-Wilson-1,28.1452,-82.486,Hil-Wilson,Hillsborough,Wilson,1,LW,Lake
Hil-Wilson-2,28.1463,-82.4868,Hil-Wilson,Hillsborough,Wilson,2,LW,Lake
Hil-Wilson-3,28.1495,-82.4865,Hil-Wilson,Hillsborough,Wilson,3,LW,Lake
Hil-Wimauma-1,27.7098,-82.3141,Hil-Wimauma,Hillsborough,Wimauma,1,LW,Lake
Hil-Wimauma-2,27.708,-82.3125,Hil-Wimauma,Hillsborough,Wimauma,2,LW,Lake
Hil-Wimauma-3,27.706,-82.3128,Hil-Wimauma,Hillsborough,Wimauma,3,LW,Lake
Hil-Winthrop-1,27.8903,-82.3166,Hil-Winthrop,Hillsborough,Winthrop,1,LW,Lake
Hil-Wood-1,28.1567,-82.5772,Hil-Wood,Hillsborough,Wood,1,LW,Lake
Hil-Wood-2,28.1539,-82.5778,Hil-Wood,Hillsborough,Wood,2,LW,Lake
Hil-Wood-3,28.1538,-82.5782,Hil-Wood,Hillsborough,Wood,3,LW,Lake
Hil-Woodber2-1,27.9557,-82.3161,Hil-Woodber2,Hillsborough,Woodberry 2,1,LW,Lake
Hil-Woodber2-2,27.9557,-82.3164,Hil-Woodber2,Hillsborough,Woodberry 2,2,LW,Lake
Hil-Woodber2-3,27.9562,-82.3166,Hil-Woodber2,Hillsborough,Woodberry 2,3,LW,Lake
Hil-Zambito-1,28.1147,-82.4971,Hil-Zambito,Hillsborough,Zambito,1,LW,Lake
Hil-Zambito-2,28.1148,-82.4963,Hil-Zambito,Hillsborough,Zambito,2,LW,Lake
Hil-Zambito-3,28.1145,-82.4965,Hil-Zambito,Hillsborough,Zambito,3,LW,Lake
Hil-ZambitoE-1,28.1151,-82.4923,Hil-ZambitoE,Hillsborough,Zambito East,1,LW,Lake
Hil-ZambitoE-2,28.114,-82.4911,Hil-ZambitoE,Hillsborough,Zambito East,2,LW,Lake
Hil-ZambitoE-3,28.113,-82.4916,Hil-ZambitoE,Hillsborough,Zambito East,3,LW,Lake
Hol-Cassidy-1,30.8143,-86.034,Hol-Cassidy,Holmes,Cassidy,1,LW,Lake
Hol-Cassidy-2,30.8127,-86.0289,Hol-Cassidy,Holmes,Cassidy,2,LW,Lake
Hol-Cassidy-3,30.8203,-86.0314,Hol-Cassidy,Holmes,Cassidy,3,LW,Lake
Hol-CBA Pea Riv-1,30.9913,-85.9757,Hol-CBA Pea Riv,Holmes,CBA Pea River-1,1,LW,River/Stream
Hol-CBA Riv-7-1,30.7754,-85.8274,Hol-CBA Riv-7,Holmes,CBA River-7,1,LW,River/Stream
Hol-CBA Riv-8-1,30.8898,-85.8823,Hol-CBA Riv-8,Holmes,CBA River-8,1,LW,River/Stream
Hol-CBA Riv-9-1,30.9925,-85.831,Hol-CBA Riv-9,Holmes,CBA River-9,1,LW,River/Stream
Hol-Victor-1,30.9512,-85.8917,Hol-Victor,Holmes,Victor,1,LW,Lake
Hol-Victor-2,30.951,-85.8944,Hol-Victor,Holmes,Victor,2,LW,Lake
Hol-Victor-3,30.9475,-85.8975,Hol-Victor,Holmes,Victor,3,LW,Lake
Ind-Blue Cypr-1,27.744,-80.7574,Ind-Blue Cypr,Indian River,Blue Cypress,1,LW,Lake
Ind-Blue Cypr-2,27.7241,-80.7609,Ind-Blue Cypr,Indian River,Blue Cypress,2,LW,Lake
Ind-Blue Cypr-3,27.7081,-80.7542,Ind-Blue Cypr,Indian River,Blue Cypress,3,LW,Lake
Ind-Farm13-1,27.7966,-80.7165,Ind-Farm13,Indian River,Farm 13,1,LW,Lake
Ind-Farm13-2,27.789,-80.721,Ind-Farm13,Indian River,Farm 13,2,LW,Lake
Ind-Farm13-3,27.7949,-80.7258,Ind-Farm13,Indian River,Farm 13,3,LW,Lake
Ind-Shores-1,27.7257,-81.3924,Ind-Shores,Indian River,Shores,1,LW,Lake
Ind-Shores-2,27.7271,-81.3886,Ind-Shores,Indian River,Shores,2,LW,Lake
Ind-Shores-3,27.7281,-80.3899,Ind-Shores,Indian River,Shores,3,LW,Lake
Ind-StickMar-1,27.82,-80.7121,Ind-StickMar,Indian River,Stick Marsh,1,LW,Lake
Ind-StickMar-2,27.799,-80.7091,Ind-StickMar,Indian River,Stick Marsh,2,LW,Lake
Ind-StickMar-3,27.8,-80.7373,Ind-StickMar,Indian River,Stick Marsh,3,LW,Lake
Jac-Chipola-R-1,30.7931,-85.2222,Jac-Chipola-R,Jackson,Chipola River-1,1,LW,River/Stream
Jac-Chipola-R-2,30.7161,-85.2029,Jac-Chipola-R,Jackson,Chipola River-2,1,LW,River/Stream
Jac-Compass-1,30.6028,-85.3858,Jac-Compass,Jackson,Compass,1,LW,Lake
Jac-Compass-2,30.5933,-85.3845,Jac-Compass,Jackson,Compass,2,LW,Lake
Jac-Compass-3,30.5878,-85.3829,Jac-Compass,Jackson,Compass,3,LW,Lake
Jac-McCormick-1,30.6388,-85.3316,Jac-McCormick,Jackson,McCormick,1,LW,Lake
Jac-McCormick-2,30.6368,-85.3332,Jac-McCormick,Jackson,McCormick,2,LW,Lake
Jac-McCormick-3,30.6347,-85.3354,Jac-McCormick,Jackson,McCormick,3,LW,Lake
Jac-Seminole-1,30.7507,-84.8964,Jac-Seminole,Jackson,Seminole,1,LW,Lake
Jac-Seminole-2,30.7455,-84.9181,Jac-Seminole,Jackson,Seminole,2,LW,Lake
Jac-Seminole-3,30.7552,-84.9397,Jac-Seminole,Jackson,Seminole,3,LW,Lake
Jac-Silver-1,30.5796,-85.315,Jac-Silver,Jackson,Silver,1,LW,Lake
Jac-Silver-2,30.577,-85.3128,Jac-Silver,Jackson,Silver,2,LW,Lake
Jac-Silver-3,30.5748,-85.3118,Jac-Silver,Jackson,Silver,3,LW,Lake
Jef-Bidlingma-1,30.483,-83.933,Jef-Bidlingma,Jefferson,Bidlingmayer,1,LW,Lake
Jef-Bidlingma-2,30.4817,-83.9336,Jef-Bidlingma,Jefferson,Bidlingmayer,2,LW,Lake
Jef-Bidlingma-3,30.4811,-83.9361,Jef-Bidlingma,Jefferson,Bidlingmayer,3,LW,Lake
Jef-Miccosuke-1,30.5934,-83.9845,Jef-Miccosuke,Jefferson,Miccosukee,1,LW,Lake
Jef-Miccosuke-2,30.6043,-84.0049,Jef-Miccosuke,Jefferson,Miccosukee,2,LW,Lake
Jef-Miccosuke-3,30.5623,-83.9909,Jef-Miccosuke,Jefferson,Miccosukee,3,LW,Lake
Jef-MiccosukS-1,30.6097,-84.0023,Jef-MiccosukS,Jefferson,Miccosukee Sink,1,LW,Lake
Jef-MiccosukS-2,30.6082,-84.0012,Jef-MiccosukS,Jefferson,Miccosukee Sink,2,LW,Lake
Jef-MiccosukS-3,30.6066,-84.0002,Jef-MiccosukS,Jefferson,Miccosukee Sink,3,LW,Lake
Jef-Wa-acissa-1,30.3399,-83.9911,Jef-Wa-acissa,Jefferson,Wacissa-1,1,LW,River/Stream
Jef-Wa-acissa-2,30.3061,-83.9822,Jef-Wa-acissa,Jefferson,Wacissa-2,1,LW,River/Stream
Jef-Wa-acissa-3,30.2031,-83.9693,Jef-Wa-acissa,Jefferson,Wacissa-3,1,LW,River/Stream
Jef-Wooten-2,30.3995,-83.9901,Jef-Wooten,Jefferson,Wooten,2,LW,Lake
Lak-8-Ball-1,28.6001,-81.7638,Lak-8-Ball,Lake,8-Ball,1,LW,Lake
Lak-8-Ball-2,28.6004,-81.765,Lak-8-Ball,Lake,8-Ball,2,LW,Lake
Lak-8-Ball-3,28.6016,-81.7661,Lak-8-Ball,Lake,8-Ball,3,LW,Lake
Lak-Akron-1,28.9953,-81.5264,Lak-Akron,Lake,Akron,1,LW,Lake
Lak-Akron-2,28.9972,-81.5229,Lak-Akron,Lake,Akron,2,LW,Lake
Lak-Akron-3,28.9973,-81.5184,Lak-Akron,Lake,Akron,3,LW,Lake
Lak-Annabelle-1,28.6866,-81.7716,Lak-Annabelle,Lake,Annabelle Reed,1,LW,Lake
Lak-Annabelle-2,28.6868,-81.7709,Lak-Annabelle,Lake,Annabelle Reed,2,LW,Lake
Lak-Annabelle-3,28.6869,-81.7702,Lak-Annabelle,Lake,Annabelle Reed,3,LW,Lake
Lak-Apk-BeaC1-1,28.6806,-81.6798,Lak-Apk-BeaC1,Lake,Apk-Beau Canal-1,1,LW,River/Stream
Lak-Apk-BeaC2-1,28.7197,-81.6842,Lak-Apk-BeaC2,Lake,Apk-Beau Canal-2,1,LW,River/Stream
Lak-Apk-BeaC3-1,28.7242,-81.6848,Lak-Apk-BeaC3,Lake,Apk-Beau Canal-3,1,LW,River/Stream
Lak-Apk-BeaC1-4,28.7529,-81.6862,Lak-Apk-BeaC1,Lake,Apk-Beau Canal-4,1,LW,River/Stream
Lak-Apk-BeaC1-5,28.7547,-81.6838,Lak-Apk-BeaC1,Lake,Apk-Beau Canal-5,1,LW,River/Stream
Lak-Apk-BeaC1-6,28.766,-81.6759,Lak-Apk-BeaC1,Lake,Apk-Beau Canal-6,1,LW,River/Stream
Lak-Apshawa-1,28.5993,-81.7751,Lak-Apshawa,Lake,Apshawa,1,LW,Lake
Lak-Apshawa-2,28.6004,-81.7749,Lak-Apshawa,Lake,Apshawa,2,LW,Lake
Lak-Apshawa-3,28.6025,-81.7749,Lak-Apshawa,Lake,Apshawa,3,LW,Lake
Lak-Arlene-1,28.5078,-81.8121,Lak-Arlene,Lake,Arlene,1,LW,Lake
Lak-Arlene-2,28.5065,-81.8116,Lak-Arlene,Lake,Arlene,2,LW,Lake
Lak-Arlene-3,28.5048,-81.8098,Lak-Arlene,Lake,Arlene,3,LW,Lake
Lak-Arthur-1,28.6291,-81.8382,Lak-Arthur,Lake,Arthur,1,LW,Lake
Lak-Arthur-2,28.6264,-81.8403,Lak-Arthur,Lake,Arthur,2,LW,Lake
Lak-Arthur-3,28.6271,-81.8445,Lak-Arthur,Lake,Arthur,3,LW,Lake
Lak-Bay-1,28.9265,-81.5231,Lak-Bay,Lake,Bay,1,LW,Lake
Lak-Bay-2,28.9251,-81.5228,Lak-Bay,Lake,Bay,2,LW,Lake
Lak-Bay-3,28.9237,-81.5225,Lak-Bay,Lake,Bay,3,LW,Lake
Lak-Beakman-1,29.1212,-81.6257,Lak-Beakman,Lake,Beakman,1,LW,Lake
Lak-Beakman-2,29.1225,-81.6233,Lak-Beakman,Lake,Beakman,2,LW,Lake
Lak-Beakman-3,29.1243,-81.622,Lak-Beakman,Lake,Beakman,3,LW,Lake
Lak-Bear-1,28.4542,-81.7517,Lak-Bear,Lake,Bear,1,LW,Lake
Lak-Bear-2,28.4534,-81.7503,Lak-Bear,Lake,Bear,2,LW,Lake
Lak-Bear-3,28.453,-81.7494,Lak-Bear,Lake,Bear,3,LW,Lake
Lak-Bear2-1,28.9838,-81.4334,Lak-Bear2,Lake,Bear 2,1,LW,Lake
Lak-Bear2-2,28.9836,-81.433,Lak-Bear2,Lake,Bear 2,2,LW,Lake
Lak-Bear2-3,28.9834,-81.4327,Lak-Bear2,Lake,Bear 2,3,LW,Lake
Lak-Beauclair-1,28.7726,-81.6619,Lak-Beauclair,Lake,Beauclaire,1,LW,Lake
Lak-Beauclair-2,28.7729,-81.6605,Lak-Beauclair,Lake,Beauclaire,2,LW,Lake
Lak-Beauclair-3,28.7731,-81.659,Lak-Beauclair,Lake,Beauclaire,3,LW,Lake
Lak-Black-1,28.5107,-81.8352,Lak-Black,Lake,Black,1,LW,Lake
Lak-Black-2,28.5098,-81.8495,Lak-Black,Lake,Black,2,LW,Lake
Lak-Black-3,28.5095,-81.8471,Lak-Black,Lake,Black,3,LW,Lake
Lak-Blue-1,29.0007,-81.5077,Lak-Blue,Lake,Blue,1,LW,Lake
Lak-Blue-2,29.002,-81.5068,Lak-Blue,Lake,Blue,2,LW,Lake
Lak-Blue-3,29.0011,-81.5053,Lak-Blue,Lake,Blue,3,LW,Lake
Lak-BuSprings-1,28.7522,-81.9016,Lak-BuSprings,Lake,Bugg Springs,1,LW,Spring Run
Lak-BuSprings-2,28.7525,-81.9013,Lak-BuSprings,Lake,Bugg Springs,2,LW,Spring Run
Lak-BuSpringP-1,28.752,-81.9014,Lak-BuSpringP,Lake,Bugg Springs-pipe,1,LW,Spring Boil
Lak-Cherry-1,28.5936,-81.8146,Lak-Cherry,Lake,Cherry,1,LW,Lake
Lak-Cherry-2,28.5966,-81.8149,Lak-Cherry,Lake,Cherry,2,LW,Lake
Lak-Cherry-3,28.6025,-81.8153,Lak-Cherry,Lake,Cherry,3,LW,Lake
Lak-Clear-1,28.874,-81.6537,Lak-Clear,Lake,Clear,1,LW,Lake
Lak-Clear-2,28.875,-81.6542,Lak-Clear,Lake,Clear,2,LW,Lake
Lak-Clear-3,28.8769,-81.6562,Lak-Clear,Lake,Clear,3,LW,Lake
Lak-Cook-1,28.8333,-81.7805,Lak-Cook,Lake,Cook,1,LW,Lake
Lak-Cook-2,28.8343,-81.7809,Lak-Cook,Lake,Cook,2,LW,Lake
Lak-Cook-3,28.8354,-81.7812,Lak-Cook,Lake,Cook,3,LW,Lake
Lak-Cooley-1,28.9456,-81.6735,Lak-Cooley,Lake,Cooley,1,LW,Lake
Lak-Cooley-2,28.9481,-81.6733,Lak-Cooley,Lake,Cooley,2,LW,Lake
Lak-Cooley-3,28.9507,-81.6726,Lak-Cooley,Lake,Cooley,3,LW,Lake
Lak-CRBig-1,28.5067,-81.7471,Lak-CRBig,Lake,CR Big,1,LW,Lake
Lak-CRBig-2,28.5069,-81.7468,Lak-CRBig,Lake,CR Big,2,LW,Lake
Lak-CRBig-3,28.507,-81.7467,Lak-CRBig,Lake,CR Big,3,LW,Lake
Lak-CRSmall-1,28.5083,-81.7492,Lak-CRSmall,Lake,CR Small,1,LW,Lake
Lak-CRSmall-2,28.5082,-81.7494,Lak-CRSmall,Lake,CR Small,2,LW,Lake
Lak-Crescent-1,28.5077,-81.7744,Lak-Crescent,Lake,Crescent,1,LW,Lake
Lak-Crescent-2,28.5049,-81.7738,Lak-Crescent,Lake,Crescent,2,LW,Lake
Lak-Crescent-3,28.5033,-81.7708,Lak-Crescent,Lake,Crescent,3,LW,Lake
Lak-Crescent2-1,28.9344,-81.6796,Lak-Crescent2,Lake,Crescent 2,1,LW,Lake
Lak-Crescent2-2,28.9368,-81.6763,Lak-Crescent2,Lake,Crescent 2,2,LW,Lake
Lak-Crescent2-3,28.9395,-81.6781,Lak-Crescent2,Lake,Crescent 2,3,LW,Lake
Lak-Crooked-1,29.1513,-81.6008,Lak-Crooked,Lake,Crooked,1,LW,Lake
Lak-Crooked-2,29.1528,-81.6022,Lak-Crooked,Lake,Crooked,2,LW,Lake
Lak-Crooked-3,29.1531,-81.6048,Lak-Crooked,Lake,Crooked,3,LW,Lake
Lak-Crown-1,28.6601,-81.8615,Lak-Crown,Lake,Crown,1,LW,Lake
Lak-Crown-2,28.6601,-81.8605,Lak-Crown,Lake,Crown,2,LW,Lake
Lak-Crown-3,28.6605,-81.8596,Lak-Crown,Lake,Crown,3,LW,Lake
Lak-Crystal-1,28.5553,-81.7586,Lak-Crystal,Lake,Crystal,1,LW,Lake
Lak-Crystal-2,28.5535,-81.7603,Lak-Crystal,Lake,Crystal,2,LW,Lake
Lak-Crystal-3,28.5531,-81.7615,Lak-Crystal,Lake,Crystal,3,LW,Lake
Lak-David-1,28.5556,-81.8613,Lak-David,Lake,David,1,LW,Lake
Lak-David-2,28.5574,-81.8608,Lak-David,Lake,David,2,LW,Lake
Lak-David-3,28.5593,-81.8593,Lak-David,Lake,David,3,LW,Lake
Lak-d River-1-1,28.8126,-81.7701,Lak-d River-1,Lake,Dead River-1,1,LW,River/Stream
Lak-d River-2-1,28.8133,-81.7644,Lak-d River-2,Lake,Dead River-2,1,LW,River/Stream
Lak-d River-3-1,28.8189,-81.7602,Lak-d River-3,Lake,Dead River-3,1,LW,River/Stream
Lak-Denham-1,28.7675,-81.9122,Lak-Denham,Lake,Denham,1,LW,Lake
Lak-Denham-2,28.7672,-81.9069,Lak-Denham,Lake,Denham,2,LW,Lake
Lak-Denham-3,28.7655,-81.9018,Lak-Denham,Lake,Denham,3,LW,Lake
Lak-Desire-1,28.615,-81.8425,Lak-Desire,Lake,Desire,1,LW,Lake
Lak-Desire-2,28.6153,-81.8414,Lak-Desire,Lake,Desire,2,LW,Lake
Lak-Desire-3,28.6156,-81.8402,Lak-Desire,Lake,Desire,3,LW,Lake
Lak-DixieEas-1,28.8094,-81.8882,Lak-DixieEas,Lake,Dixie East,1,LW,Lake
Lak-DixieEas-2,28.8094,-81.8892,Lak-DixieEas,Lake,Dixie East,2,LW,Lake
Lak-DixieEas-3,28.8089,-81.8887,Lak-DixieEas,Lake,Dixie East,3,LW,Lake
Lak-DixieWes-1,28.8098,-81.8906,Lak-DixieWes,Lake,Dixie West,1,LW,Lake
Lak-DixieWes-2,28.8092,-81.8901,Lak-DixieWes,Lake,Dixie West,2,LW,Lake
Lak-DixieWes-3,28.8091,-81.8906,Lak-DixieWes,Lake,Dixie West,3,LW,Lake
Lak-Dolls-1,28.5792,-81.6978,Lak-Dolls,Lake,Dolls,1,LW,Lake
Lak-Dolls-2,28.5788,-81.6973,Lak-Dolls,Lake,Dolls,2,LW,Lake
Lak-Dolls-3,28.5783,-81.6967,Lak-Dolls,Lake,Dolls,3,LW,Lake
Lak-DoraEast-1,28.7967,-81.6638,Lak-DoraEast,Lake,Dora East,1,LW,Lake
Lak-DoraEast-2,28.7968,-81.6619,Lak-DoraEast,Lake,Dora East,2,LW,Lake
Lak-DoraEast-3,28.7968,-81.6599,Lak-DoraEast,Lake,Dora East,3,LW,Lake
Lak-DoraWest-1,28.7906,-81.7158,Lak-DoraWest,Lake,Dora West,1,LW,Lake
Lak-DoraWest-2,28.7905,-81.7138,Lak-DoraWest,Lake,Dora West,2,LW,Lake
Lak-DoraWest-3,28.7904,-81.7116,Lak-DoraWest,Lake,Dora West,3,LW,Lake
Lak-Dorr-1,28.9911,-81.6256,Lak-Dorr,Lake,Dorr,1,LW,Lake
Lak-Dorr-2,29.0034,-81.6124,Lak-Dorr,Lake,Dorr,2,LW,Lake
Lak-Dorr-3,29.0152,-81.6313,Lak-Dorr,Lake,Dorr,3,LW,Lake
Lak-Eagle-2,28.7342,-81.8443,Lak-Eagle,Lake,Eagle,2,LW,Lake
Lak-EastCroo-1,28.8279,-81.6599,Lak-EastCroo,Lake,East Crooked,1,LW,Lake
Lak-EastCroo-2,28.8328,-81.665,Lak-EastCroo,Lake,East Crooked,2,LW,Lake
Lak-EastCroo-3,28.8358,-81.6672,Lak-EastCroo,Lake,East Crooked,3,LW,Lake
Lak-Egret-2,28.7338,-81.8555,Lak-Egret,Lake,Egret,2,LW,Lake
Lak-Eldorado-2,28.8831,-81.6247,Lak-Eldorado,Lake,Eldorado,2,LW,Lake
Lak-Ella-1,28.9299,-81.6767,Lak-Ella,Lake,Ella,1,LW,Lake
Lak-Ella-2,28.9298,-81.6786,Lak-Ella,Lake,Ella,2,LW,Lake
Lak-Ella-3,28.9298,-81.6805,Lak-Ella,Lake,Ella,3,LW,Lake
Lak-Ella2-1,28.9545,-81.7204,Lak-Ella2,Lake,Ella 2,1,LW,Lake
Lak-Ella2-2,28.9548,-81.7144,Lak-Ella2,Lake,Ella 2,2,LW,Lake
Lak-Ella2-3,28.9543,-81.7098,Lak-Ella2,Lake,Ella 2,3,LW,Lake
Lak-Emeralda-1,28.9015,-81.8351,Lak-Emeralda,Lake,Emeralda,1,LW,Lake
Lak-Emeralda-2,28.9102,-81.837,Lak-Emeralda,Lake,Emeralda,2,LW,Lake
Lak-Emeralda-3,28.9271,-81.8395,Lak-Emeralda,Lake,Emeralda,3,LW,Lake
Lak-Emma-1,28.6163,-81.8518,Lak-Emma,Lake,Emma,1,LW,Lake
Lak-Emma-2,28.6138,-81.8516,Lak-Emma,Lake,Emma,2,LW,Lake
Lak-Emma-3,28.6119,-81.8517,Lak-Emma,Lake,Emma,3,LW,Lake
Lak-Erie-1,28.4807,-81.85,Lak-Erie,Lake,Erie,1,LW,Lake
Lak-Erie-2,28.4779,-81.8485,Lak-Erie,Lake,Erie,2,LW,Lake
Lak-Erie-3,28.4744,-81.8471,Lak-Erie,Lake,Erie,3,LW,Lake
Lak-Eustis-1,28.8462,-81.7263,Lak-Eustis,Lake,Eustis,1,LW,Lake
Lak-Eustis-2,28.8461,-81.7282,Lak-Eustis,Lake,Eustis,2,LW,Lake
Lak-Eustis-3,28.8461,-81.7296,Lak-Eustis,Lake,Eustis,3,LW,Lake
Lak-Evert-2,28.7325,-81.8611,Lak-Evert,Lake,Evert,2,LW,Lake
Lak-Fish-1,28.9214,-81.4261,Lak-Fish,Lake,Fish,1,LW,Lake
Lak-Fish-2,28.9209,-81.428,Lak-Fish,Lake,Fish,2,LW,Lake
Lak-Fish-3,28.9198,-81.4282,Lak-Fish,Lake,Fish,3,LW,Lake
Lak-Florence-1,28.5948,-81.6848,Lak-Florence,Lake,Florence,1,LW,Lake
Lak-Florence-2,28.5976,-81.6822,Lak-Florence,Lake,Florence,2,LW,Lake
Lak-Florence-3,28.6004,-81.6808,Lak-Florence,Lake,Florence,3,LW,Lake
Lak-Gertrude-1,28.8105,-81.6613,Lak-Gertrude,Lake,Gertrude,1,LW,Lake
Lak-Gertrude-2,28.8177,-81.6595,Lak-Gertrude,Lake,Gertrude,2,LW,Lake
Lak-Gertrude-3,28.8197,-81.656,Lak-Gertrude,Lake,Gertrude,3,LW,Lake
Lak-Gibson-1,28.9462,-81.6518,Lak-Gibson,Lake,Gibson,1,LW,Lake
Lak-Gibson-2,28.9477,-81.6521,Lak-Gibson,Lake,Gibson,2,LW,Lake
Lak-Gibson-3,28.9498,-81.6527,Lak-Gibson,Lake,Gibson,3,LW,Lake
Lak-Glona-1,28.4842,-81.7873,Lak-Glona,Lake,Glona,1,LW,Lake
Lak-Glona-2,28.4832,-81.7909,Lak-Glona,Lake,Glona,2,LW,Lake
Lak-Glona-3,28.4802,-81.7885,Lak-Glona,Lake,Glona,3,LW,Lake
Lak-Gracie-1,28.8454,-81.6779,Lak-Gracie,Lake,Gracie,1,LW,Lake
Lak-Gracie-2,28.8461,-81.6776,Lak-Gracie,Lake,Gracie,2,LW,Lake
Lak-Gracie-3,28.8452,-81.6761,Lak-Gracie,Lake,Gracie,3,LW,Lake
Lak-Grasshopp-1,29.135,-81.618,Lak-Grasshopp,Lake,Grasshopper,1,LW,Lake
Lak-Grasshopp-2,29.1333,-81.617,Lak-Grasshopp,Lake,Grasshopper,2,LW,Lake
Lak-Grasshopp-3,29.1353,-81.6143,Lak-Grasshopp,Lake,Grasshopper,3,LW,Lake
Lak-Grassy-1,28.5991,-81.7424,Lak-Grassy,Lake,Grassy,1,LW,Lake
Lak-Grassy-2,28.5959,-81.7467,Lak-Grassy,Lake,Grassy,2,LW,Lake
Lak-Grassy-3,28.5936,-81.7428,Lak-Grassy,Lake,Grassy,3,LW,Lake
Lak-Griffin-1,28.8321,-81.8574,Lak-Griffin,Lake,Griffin,1,LW,Lake
Lak-Griffin-2,28.8421,-81.8514,Lak-Griffin,Lake,Griffin,2,LW,Lake
Lak-Griffin-3,28.8561,-81.8465,Lak-Griffin,Lake,Griffin,3,LW,Lake
Lak-GriffinN-1,28.8732,-81.8425,Lak-GriffinN,Lake,Griffin North,1,LW,Lake
Lak-GriffinN-2,28.8837,-81.8408,Lak-GriffinN,Lake,Griffin North,2,LW,Lake
Lak-GriffinN-3,28.8935,-81.8349,Lak-GriffinN,Lake,Griffin North,3,LW,Lake
Lak-Griffin W-1,28.861,-81.8942,Lak-Griffin W,Lake,Griffin West,1,LW,Lake
Lak-Griffin W-2,28.8624,-81.8901,Lak-Griffin W,Lake,Griffin West,2,LW,Lake
Lak-Griffin W-3,28.8622,-81.887200000000007,Lak-Griffin W,Lake,Griffin West,3,LW,Lake
Lak-Haines-1,28.8347,-81.7726,Lak-Haines,Lake,Haines,1,LW,Lake
Lak-Haines-2,28.8349,-81.7719,Lak-Haines,Lake,Haines,2,LW,Lake
Lak-Haines-3,28.8351,-81.7709,Lak-Haines,Lake,Haines,3,LW,Lake
Lak-HaCrk-1-1,28.887,-81.8184,Lak-HaCrk-1,Lake,Haines Creek-1,1,LW,River/Stream
Lak-HaCrk-2-1,28.8814,-81.8074,Lak-HaCrk-2,Lake,Haines Creek-2,1,LW,River/Stream
Lak-HaCrk-3-1,28.8564,-81.7679,Lak-HaCrk-3,Lake,Haines Creek-3,1,LW,River/Stream
Lak-HaCrk-4-1,28.8665,-81.7748,Lak-HaCrk-4,Lake,Haines Creek-4,1,LW,River/Stream
Lak-Harris-1,28.8087,-81.7902,Lak-Harris,Lake,Harris,1,LW,Lake
Lak-Harris-2,28.8103,-81.787,Lak-Harris,Lake,Harris,2,LW,Lake
Lak-Harris-3,28.812,-81.7843,Lak-Harris,Lake,Harris,3,LW,Lake
Lak-HarrisEa-1,28.7693,-81.7727,Lak-HarrisEa,Lake,Harris East,1,LW,Lake
Lak-HarrisEa-2,28.7693,-81.7858,Lak-HarrisEa,Lake,Harris East,2,LW,Lake
Lak-HarrisEa-3,28.7693,-81.8028,Lak-HarrisEa,Lake,Harris East,3,LW,Lake
Lak-HarrisMi-1,28.7482,-81.7844,Lak-HarrisMi,Lake,Harris Middle,1,LW,Lake
Lak-HarrisMi-2,28.7418,-81.7786,Lak-HarrisMi,Lake,Harris Middle,2,LW,Lake
Lak-HarrisMi-3,28.7382,-81.8009,Lak-HarrisMi,Lake,Harris Middle,3,LW,Lake
Lak-HarrisWe-1,28.8087,-81.7902,Lak-HarrisWe,Lake,Harris West,1,LW,Lake
Lak-HarrisWe-2,28.8103,-81.7872,Lak-HarrisWe,Lake,Harris West,2,LW,Lake
Lak-HarrisWe-3,28.812,-81.7843,Lak-HarrisWe,Lake,Harris West,3,LW,Lake
Lak-Hermosa-1,28.8336,-81.7024,Lak-Hermosa,Lake,Hermosa,1,LW,Lake
Lak-Hermosa-2,28.8342,-81.7033,Lak-Hermosa,Lake,Hermosa,2,LW,Lake
Lak-Hermosa-3,28.8356,-81.7044,Lak-Hermosa,Lake,Hermosa,3,LW,Lake
Lak-Heron-2,28.735,-81.8559,Lak-Heron,Lake,Heron,2,LW,Lake
Lak-Hiawatha-1,28.5629,-81.7805,Lak-Hiawatha,Lake,Hiawatha,1,LW,Lake
Lak-Hiawatha-2,28.5651,-81.7807,Lak-Hiawatha,Lake,Hiawatha,2,LW,Lake
Lak-Hiawatha-3,28.5654,-81.778,Lak-Hiawatha,Lake,Hiawatha,3,LW,Lake
Lak-Holly-1,28.9386,-81.7163,Lak-Holly,Lake,Holly,1,LW,Lake
Lak-Holly-2,28.9409,-81.7172,Lak-Holly,Lake,Holly,2,LW,Lake
Lak-Holly-3,28.9435,-81.7193,Lak-Holly,Lake,Holly,3,LW,Lake
Lak-Horseshoe-1,28.7495,-81.6601,Lak-Horseshoe,Lake,Horseshoe,1,LW,Lake
Lak-Horseshoe-2,28.7516,-81.6609,Lak-Horseshoe,Lake,Horseshoe,2,LW,Lake
Lak-Horseshoe-3,28.7508,-81.6643,Lak-Horseshoe,Lake,Horseshoe,3,LW,Lake
Lak-Idamere-1,28.7676,-81.7485,Lak-Idamere,Lake,Idamere,1,LW,Lake
Lak-Idamere-2,28.7666,-81.7461,Lak-Idamere,Lake,Idamere,2,LW,Lake
Lak-Idamere-3,28.7656,-81.7435,Lak-Idamere,Lake,Idamere,3,LW,Lake
Lak-Idlewild-1,28.8811,-81.8864,Lak-Idlewild,Lake,Idlewild,1,LW,Lake
Lak-Idlewild-2,28.8802,-81.8858,Lak-Idlewild,Lake,Idlewild,2,LW,Lake
Lak-Idlewild-3,28.8793,-81.8852,Lak-Idlewild,Lake,Idlewild,3,LW,Lake
Lak-Jack's-1,28.5549,-81.7335,Lak-Jack's,Lake,Jack's,1,LW,Lake
Lak-Jack's-2,28.554,-81.7317,Lak-Jack's,Lake,Jack's,2,LW,Lake
Lak-Jack's-3,28.555,-81.7306,Lak-Jack's,Lake,Jack's,3,LW,Lake
Lak-Jem-1,28.7472,-81.6648,Lak-Jem,Lake,Jem,1,LW,Lake
Lak-Jem-2,28.7465,-81.6652,Lak-Jem,Lake,Jem,2,LW,Lake
Lak-Jem-3,28.7469,-81.6644,Lak-Jem,Lake,Jem,3,LW,Lake
Lak-Jewel-1,28.6683,-81.8646,Lak-Jewel,Lake,Jewel,1,LW,Lake
Lak-Jewel-2,28.6678,-81.8642,Lak-Jewel,Lake,Jewel,2,LW,Lake
Lak-Jewel-3,28.6675,-81.8639,Lak-Jewel,Lake,Jewel,3,LW,Lake
Lak-Joanna-1,28.8348,-81.6462,Lak-Joanna,Lake,Joanna,1,LW,Lake
Lak-Joanna-2,28.8378,-81.6458,Lak-Joanna,Lake,Joanna,2,LW,Lake
Lak-Joanna-3,28.8429,-81.6442,Lak-Joanna,Lake,Joanna,3,LW,Lake
Lak-Kathryn-1,29.0118,-81.4969,Lak-Kathryn,Lake,Kathryn,1,LW,Lake
Lak-Kathryn-2,29.013,-81.4967,Lak-Kathryn,Lake,Kathryn,2,LW,Lake
Lak-Kathryn-3,29.0129,-81.4954,Lak-Kathryn,Lake,Kathryn,3,LW,Lake
Lak-Kirkland-1,28.4485,-81.8017,Lak-Kirkland,Lake,Kirkland,1,LW,Lake
Lak-Kirkland-2,28.4504,-81.8061,Lak-Kirkland,Lake,Kirkland,2,LW,Lake
Lak-Kirkland-3,28.4471,-81.8065,Lak-Kirkland,Lake,Kirkland,3,LW,Lake
Lak-Lady-1,28.9167,-81.903,Lak-Lady,Lake,Lady,1,LW,Lake
Lak-Lady-2,28.9168,-81.8981,Lak-Lady,Lake,Lady,2,LW,Lake
Lak-Lady-3,28.922,-81.8928,Lak-Lady,Lake,Lady,3,LW,Lake
Lak-Linda-1,28.8392,-81.7806,Lak-Linda,Lake,Linda,1,LW,Lake
Lak-Linda-2,28.8385,-81.7796,Lak-Linda,Lake,Linda,2,LW,Lake
Lak-Linda-3,28.8392,-81.7784,Lak-Linda,Lake,Linda,3,LW,Lake
Lak-LittleHa-1,28.7084,-81.754,Lak-LittleHa,Lake,Little Harris,1,LW,Lake
Lak-LittleHa-2,28.7195,-81.7585,Lak-LittleHa,Lake,Little Harris,2,LW,Lake
Lak-LittleHa-3,28.737,-81.7584,Lak-LittleHa,Lake,Little Harris,3,LW,Lake
Lak-LittleHo-1,28.9499,-81.718,Lak-LittleHo,Lake,Little Holly,1,LW,Lake
Lak-LittleHo-2,28.9491,-81.7172,Lak-LittleHo,Lake,Little Holly,2,LW,Lake
Lak-LittleHo-3,28.9479,-81.7154,Lak-LittleHo,Lake,Little Holly,3,LW,Lake
Lak-LittleMa-1,29.0019,-81.6453,Lak-LittleMa,Lake,Little Mary,1,LW,Lake
Lak-LittleMa-2,29.0017,-81.6448,Lak-LittleMa,Lake,Little Mary,2,LW,Lake
Lak-LittleMa-3,29.0015,-81.6441,Lak-LittleMa,Lake,Little Mary,3,LW,Lake
Lak-LittleNe-1,28.4824,-81.7674,Lak-LittleNe,Lake,Little Nellie,1,LW,Lake
Lak-LittleNe-2,28.4854,-81.7698,Lak-LittleNe,Lake,Little Nellie,2,LW,Lake
Lak-LittleNe-3,28.4835,-81.7728,Lak-LittleNe,Lake,Little Nellie,3,LW,Lake
Lak-LittleSM-1,28.4907,-81.7756,Lak-LittleSM,Lake,Little Sawmill,1,LW,Lake
Lak-LittleSM-2,28.4902,-81.7755,Lak-LittleSM,Lake,Little Sawmill,2,LW,Lake
Lak-LochLeve-1,28.8319,-81.6355,Lak-LochLeve,Lake,Loch Leven,1,LW,Lake
Lak-LochLeve-2,28.8296,-81.6354,Lak-LochLeve,Lake,Loch Leven,2,LW,Lake
Lak-LochLeve-3,28.8277,-81.6349,Lak-LochLeve,Lake,Loch Leven,3,LW,Lake
Lak-Lorraine-1,28.8262,-81.8813,Lak-Lorraine,Lake,Lorraine,1,LW,Lake
Lak-Lorraine-2,28.8268,-81.8821,Lak-Lorraine,Lake,Lorraine,2,LW,Lake
Lak-Lorraine-3,28.8276,-81.8817,Lak-Lorraine,Lake,Lorraine,3,LW,Lake
Lak-Louisa-1,28.4996,-81.7477,Lak-Louisa,Lake,Louisa,1,LW,Lake
Lak-Louisa-2,28.4832,-81.7418,Lak-Louisa,Lake,Louisa,2,LW,Lake
Lak-Louisa-3,28.4673,-81.7412,Lak-Louisa,Lake,Louisa,3,LW,Lake
Lak-Lucy-1,28.6071,-81.8515,Lak-Lucy,Lake,Lucy,1,LW,Lake
Lak-Lucy-2,28.602,-81.8486,Lak-Lucy,Lake,Lucy,2,LW,Lake
Lak-Lucy-3,28.5974,-81.9538,Lak-Lucy,Lake,Lucy,3,LW,Lake
Lak-Mary-1,28.7183,-81.8586,Lak-Mary,Lake,Mary,1,LW,Lake
Lak-Mary-2,28.7182,-81.8589,Lak-Mary,Lake,Mary,2,LW,Lake
Lak-Mary-3,28.7183,-81.8594,Lak-Mary,Lake,Mary,3,LW,Lake
Lak-Mathews-1,28.8879,-81.883,Lak-Mathews,Lake,Mathews,1,LW,Lake
Lak-Mathews-2,28.8887,-81.8831,Lak-Mathews,Lake,Mathews,2,LW,Lake
Lak-Mathews-3,28.8895,-81.8831,Lak-Mathews,Lake,Mathews,3,LW,Lake
Lak-May-1,28.8743,-81.6359,Lak-May,Lake,May,1,LW,Lake
Lak-May-2,28.8737,-81.6358,Lak-May,Lake,May,2,LW,Lake
Lak-May-3,28.8724,-81.6357,Lak-May,Lake,May,3,LW,Lake
Lak-MBear-1,28.5398,-81.8566,Lak-MBear,Lake,Middle Bear,1,LW,Lake
Lak-MBear-2,28.5383,-81.857,Lak-MBear,Lake,Middle Bear,2,LW,Lake
Lak-MBear-3,28.5368,-81.8562,Lak-MBear,Lake,Middle Bear,3,LW,Lake
Lak-MillStre-1,28.5204,-81.8644,Lak-MillStre,Lake,Mill Stream Swamp,1,LW,Lake
Lak-MillStre-2,28.5202,-81.8631,Lak-MillStre,Lake,Mill Stream Swamp,2,LW,Lake
Lak-MillStre-3,28.5198,-81.8619,Lak-MillStre,Lake,Mill Stream Swamp,3,LW,Lake
Lak-Minnehaha-1,28.5748,-81.7589,Lak-Minnehaha,Lake,Minnehaha,1,LW,Lake
Lak-Minnehaha-2,28.5316,-81.7636,Lak-Minnehaha,Lake,Minnehaha,2,LW,Lake
Lak-Minnehaha-3,28.5242,-81.7753,Lak-Minnehaha,Lake,Minnehaha,3,LW,Lake
Lak-Minneola-1,28.5656,-81.771,Lak-Minneola,Lake,Minneola,1,LW,Lake
Lak-Minneola-2,28.5841,-81.7634,Lak-Minneola,Lake,Minneola,2,LW,Lake
Lak-Minneola-3,28.5794,-81.7809,Lak-Minneola,Lake,Minneola,3,LW,Lake
Lak-Mirror-1,28.8922,-81.6723,Lak-Mirror,Lake,Mirror,1,LW,Lake
Lak-Mirror-2,28.8912,-81.6725,Lak-Mirror,Lake,Mirror,2,LW,Lake
Lak-Mirror-3,28.89,-81.6733,Lak-Mirror,Lake,Mirror,3,LW,Lake
Lak-MountDora-1,28.8472,-81.6225,Lak-MountDora,Lake,Mount Dora,1,LW,Lake
Lak-MountDora-2,28.8426,-81.6231,Lak-MountDora,Lake,Mount Dora,2,LW,Lake
Lak-MountDora-3,28.8323,-81.6229,Lak-MountDora,Lake,Mount Dora,3,LW,Lake
Lak-Nellie-1,28.4751,-81.7691,Lak-Nellie,Lake,Nellie,1,LW,Lake
Lak-Nellie-2,28.4699,-81.7753,Lak-Nellie,Lake,Nellie,2,LW,Lake
Lak-Nellie-3,28.4671,-81.7806,Lak-Nellie,Lake,Nellie,3,LW,Lake
Lak-Nettie-1,28.8419,-81.6635,Lak-Nettie,Lake,Nettie,1,LW,Lake
Lak-Nettie-2,28.8419,-81.6651,Lak-Nettie,Lake,Nettie,2,LW,Lake
Lak-Nettie-3,28.8424,-81.6663,Lak-Nettie,Lake,Nettie,3,LW,Lake
Lak-Norris-1,28.9484,-81.5429,Lak-Norris,Lake,Norris,1,LW,Lake
Lak-Norris-2,28.9392,-81.5433,Lak-Norris,Lake,Norris,2,LW,Lake
Lak-Norris-3,28.9288,-81.549,Lak-Norris,Lake,Norris,3,LW,Lake
Lak-NorthTwi-1,28.9583,-81.6672,Lak-NorthTwi,Lake,North Twin,1,LW,Lake
Lak-NorthTwi-2,28.9585,-81.6643,Lak-NorthTwi,Lake,North Twin,2,LW,Lake
Lak-NorthTwi-3,28.9572,-81.6614,Lak-NorthTwi,Lake,North Twin,3,LW,Lake
Lak-Owen-1,28.941,-81.6811,Lak-Owen,Lake,Owen,1,LW,Lake
Lak-Owen-2,28.9429,-81.6789,Lak-Owen,Lake,Owen,2,LW,Lake
Lak-Owen-3,28.942,-81.684,Lak-Owen,Lake,Owen,3,LW,Lake
Lak-Palatlaka-1,28.5474,-81.7843,Lak-Palatlaka,Lake,Palatlakaha,1,LW,Lake
Lak-Palatlaka-2,28.5499,-81.7843,Lak-Palatlaka,Lake,Palatlakaha,2,LW,Lake
Lak-Palatlaka-3,28.5521,-81.7839,Lak-Palatlaka,Lake,Palatlakaha,3,LW,Lake
Lak-PeanutPo-1,28.9262,-81.6448,Lak-PeanutPo,Lake,Peanut Pond,1,LW,Lake
Lak-PeanutPo-2,28.9276,-81.6456,Lak-PeanutPo,Lake,Peanut Pond,2,LW,Lake
Lak-PeanutPo-3,28.9286,-81.6448,Lak-PeanutPo,Lake,Peanut Pond,3,LW,Lake
Lak-Pearl-1,28.9405,-81.659,Lak-Pearl,Lake,Pearl,1,LW,Lake
Lak-Pearl-2,28.9424,-81.659,Lak-Pearl,Lake,Pearl,2,LW,Lake
Lak-Pearl-3,28.9441,-81.6584,Lak-Pearl,Lake,Pearl,3,LW,Lake
Lak-Picciola-1,28.8563,-81.8777,Lak-Picciola,Lake,Picciola,1,LW,Lake
Lak-Picciola-2,28.8426,-81.8777,Lak-Picciola,Lake,Picciola,2,LW,Lake
Lak-Picciola-3,28.8351,-81.8728,Lak-Picciola,Lake,Picciola,3,LW,Lake
Lak-PineIs-1,28.4898,-81.833,Lak-PineIs,Lake,Pine Island,1,LW,Lake
Lak-PineIs-2,28.4952,-81.8298,Lak-PineIs,Lake,Pine Island,2,LW,Lake
Lak-PineIs-3,28.4898,-81.8211,Lak-PineIs,Lake,Pine Island,3,LW,Lake
Lak-Placida-1,28.9288,-81.689,Lak-Placida,Lake,Placida,1,LW,Lake
Lak-Placida-2,28.9277,-81.6913,Lak-Placida,Lake,Placida,2,LW,Lake
Lak-Placida-3,28.9261,-81.6896,Lak-Placida,Lake,Placida,3,LW,Lake
Lak-Pretty-1,28.4551,-81.82,Lak-Pretty,Lake,Pretty,1,LW,Lake
Lak-Pretty-2,28.4585,-81.8203,Lak-Pretty,Lake,Pretty,2,LW,Lake
Lak-Pretty-3,28.4628,-81.8202,Lak-Pretty,Lake,Pretty,3,LW,Lake
Lak-PurdumPo-1,28.8353,-81.8157,Lak-PurdumPo,Lake,Purdum Pond,1,LW,Lake
Lak-PurdumPo-2,28.8345,-81.8159,Lak-PurdumPo,Lake,Purdum Pond,2,LW,Lake
Lak-PurdumPo-3,28.8331,-81.8144,Lak-PurdumPo,Lake,Purdum Pond,3,LW,Lake
Lak-Royal-1,28.6614,-81.8576,Lak-Royal,Lake,Royal,1,LW,Lake
Lak-Royal-2,28.6628,-81.8577,Lak-Royal,Lake,Royal,2,LW,Lake
Lak-Royal-3,28.6649,-81.8552,Lak-Royal,Lake,Royal,3,LW,Lake
Lak-Saunders-1,28.8078,-81.6956,Lak-Saunders,Lake,Saunders,1,LW,Lake
Lak-Saunders-2,28.8135,-81.6938,Lak-Saunders,Lake,Saunders,2,LW,Lake
Lak-Saunders-3,28.8171,-81.6935,Lak-Saunders,Lake,Saunders,3,LW,Lake
Lak-Sawmill-1,28.4909,-81.7786,Lak-Sawmill,Lake,Sawmill,1,LW,Lake
Lak-Sawmill-2,28.4931,-81.7791,Lak-Sawmill,Lake,Sawmill,2,LW,Lake
Lak-Sawmill-3,28.4952,-81.7801,Lak-Sawmill,Lake,Sawmill,3,LW,Lake
Lak-ScrubJayP-1,29.012,-81.5059,Lak-ScrubJayP,Lake,Scrub Jay Pond,1,LW,Lake
Lak-ScrubJayP-2,29.0107,-81.5054,Lak-ScrubJayP,Lake,Scrub Jay Pond,2,LW,Lake
Lak-ScrubJayP-3,29.0113,-81.5065,Lak-ScrubJayP,Lake,Scrub Jay Pond,3,LW,Lake
Lak-Sellers-1,29.1141,-81.6321,Lak-Sellers,Lake,Sellers,1,LW,Lake
Lak-Sellers-2,29.1124,-81.6339,Lak-Sellers,Lake,Sellers,2,LW,Lake
Lak-Sellers-3,29.1097,-81.6358,Lak-Sellers,Lake,Sellers,3,LW,Lake
Lak-Shady Noo-1,28.5576,-81.7528,Lak-Shady Noo,Lake,Shady Nook,1,LW,Lake
Lak-Shady Noo-2,28.5568,-81.7532,Lak-Shady Noo,Lake,Shady Nook,2,LW,Lake
Lak-Shady Noo-3,28.5561,-81.7536,Lak-Shady Noo,Lake,Shady Nook,3,LW,Lake
Lak-Silver-1,28.8373,-81.8087,Lak-Silver,Lake,Silver,1,LW,Lake
Lak-Silver-2,28.8371,-81.8042,Lak-Silver,Lake,Silver,2,LW,Lake
Lak-Silver-3,28.8375,-81.7993,Lak-Silver,Lake,Silver,3,LW,Lake
Lak-SilverPa-1,28.9871,-81.5164,Lak-SilverPa,Lake,Silver Paisley,1,LW,Lake
Lak-SilverPa-2,28.9871,-81.5178,Lak-SilverPa,Lake,Silver Paisley,2,LW,Lake
Lak-SilverPa-3,28.9871,-81.5188,Lak-SilverPa,Lake,Silver Paisley,3,LW,Lake
Lak-SouthTwi-1,28.9532,-81.6636,Lak-SouthTwi,Lake,South Twin,1,LW,Lake
Lak-SouthTwi-2,28.9525,-81.6662,Lak-SouthTwi,Lake,South Twin,2,LW,Lake
Lak-SouthTwi-3,28.9546,-81.6682,Lak-SouthTwi,Lake,South Twin,3,LW,Lake
Lak-Spencer-1,28.6157,-81.8327,Lak-Spencer,Lake,Spencer,1,LW,Lake
Lak-Spencer-2,28.6176,-81.8349,Lak-Spencer,Lake,Spencer,2,LW,Lake
Lak-Spencer-3,28.6197,-81.8354,Lak-Spencer,Lake,Spencer,3,LW,Lake
Lak-Stewart-1,28.5478,-81.8423,Lak-Stewart,Lake,Stewart,1,LW,Lake
Lak-Stewart-2,28.5501,-81.8401,Lak-Stewart,Lake,Stewart,2,LW,Lake
Lak-Stewart-3,28.5493,-81.8369,Lak-Stewart,Lake,Stewart,3,LW,Lake
Lak-Sunset-1,28.8593,-81.916,Lak-Sunset,Lake,Sunset,1,LW,Lake
Lak-Sunset-2,28.8597,-81.9174,Lak-Sunset,Lake,Sunset,2,LW,Lake
Lak-Sunshine-1,28.9255,-81.9228,Lak-Sunshine,Lake,Sunshine,1,LW,Lake
Lak-Sunshine-2,28.9257,-81.9216,Lak-Sunshine,Lake,Sunshine,2,LW,Lake
Lak-Sunshine-3,28.9259,-81.9203,Lak-Sunshine,Lake,Sunshine,3,LW,Lake
Lak-Susan-1,28.5192,-81.7571,Lak-Susan,Lake,Susan,1,LW,Lake
Lak-Susan-2,28.5135,-81.7574,Lak-Susan,Lake,Susan,2,LW,Lake
Lak-Susan-3,28.5106,-81.7547,Lak-Susan,Lake,Susan,3,LW,Lake
Lak-Swatara-1,28.8641,-81.6441,Lak-Swatara,Lake,Swatara,1,LW,Lake
Lak-Swatara-2,28.8659,-81.6436,Lak-Swatara,Lake,Swatara,2,LW,Lake
Lak-Swatara-3,28.8677,-81.6439,Lak-Swatara,Lake,Swatara,3,LW,Lake
Lak-Tavares-1,28.8064,-81.7134,Lak-Tavares,Lake,Tavares,1,LW,Lake
Lak-Tavares-2,28.8074,-81.7135,Lak-Tavares,Lake,Tavares,2,LW,Lake
Lak-Tavares-3,28.8083,-81.7137,Lak-Tavares,Lake,Tavares,3,LW,Lake
Lak-Trout-1,28.8667,-81.6815,Lak-Trout,Lake,Trout,1,LW,Lake
Lak-Trout-2,28.8663,-81.6835,Lak-Trout,Lake,Trout,2,LW,Lake
Lak-Trout-3,28.866,-81.6856,Lak-Trout,Lake,Trout,3,LW,Lake
Lak-TurkeySE-1,28.6987,-81.8451,Lak-TurkeySE,Lake,Turkey SE,1,LW,Lake
Lak-TurkeySE-2,28.6981,-81.8444,Lak-TurkeySE,Lake,Turkey SE,2,LW,Lake
Lak-Umatilla-1,28.9206,-81.6682,Lak-Umatilla,Lake,Umatilla,1,LW,Lake
Lak-Umatilla-2,28.92,-81.662,Lak-Umatilla,Lake,Umatilla,2,LW,Lake
Lak-Umatilla-3,28.917,-81.6568,Lak-Umatilla,Lake,Umatilla,3,LW,Lake
Lak-Unity-1,28.8743,-81.8796,Lak-Unity,Lake,Unity,1,LW,Lake
Lak-Unity-2,28.8768,-81.8791,Lak-Unity,Lake,Unity,2,LW,Lake
Lak-Unity-3,28.8775,-81.8778,Lak-Unity,Lake,Unity,3,LW,Lake
Lak-Wash-1,28.5324,-81.8151,Lak-Wash,Lake,Wash,1,LW,Lake
Lak-Wash-2,28.5294,-81.8186,Lak-Wash,Lake,Wash,2,LW,Lake
Lak-Wash-3,28.5284,-81.8119,Lak-Wash,Lake,Wash,3,LW,Lake
Lak-WestCroo-1,28.8367,-81.6746,Lak-WestCroo,Lake,West Crooked,1,LW,Lake
Lak-WestCroo-2,28.8334,-81.6767,Lak-WestCroo,Lake,West Crooked,2,LW,Lake
Lak-WestCroo-3,28.8333,-81.6719,Lak-WestCroo,Lake,West Crooked,3,LW,Lake
Lak-Wildcat-1,29.1542,-81.6251,Lak-Wildcat,Lake,Wildcat,1,LW,Lake
Lak-Wildcat-2,29.1598,-81.6277,Lak-Wildcat,Lake,Wildcat,2,LW,Lake
Lak-Wildcat-3,29.1655,-81.6335,Lak-Wildcat,Lake,Wildcat,3,LW,Lake
Lak-Winona-1,28.5482,-81.7696,Lak-Winona,Lake,Winona,1,LW,Lake
Lak-Winona-2,28.5466,-81.7676,Lak-Winona,Lake,Winona,2,LW,Lake
Lak-Winona-3,28.5452,-81.7669,Lak-Winona,Lake,Winona,3,LW,Lake
Lak-Woodward-1,28.8214,-81.6826,Lak-Woodward,Lake,Woodward,1,LW,Lake
Lak-Woodward-2,28.8241,-81.6812,Lak-Woodward,Lake,Woodward,2,LW,Lake
Lak-Woodward-3,28.8262,-81.6957,Lak-Woodward,Lake,Woodward,3,LW,Lake
Lak-Yale-1,28.9144,-81.7502,Lak-Yale,Lake,Yale,1,LW,Lake
Lak-Yale-2,28.9136,-81.7368,Lak-Yale,Lake,Yale,2,LW,Lake
Lak-Yale-3,28.9,-81.7183,Lak-Yale,Lake,Yale,3,LW,Lake
Lak-Zephyr-1,28.8716,-81.9122,Lak-Zephyr,Lake,Zephyr,1,LW,Lake
Lak-Zephyr-2,28.8708,-81.9129,Lak-Zephyr,Lake,Zephyr,2,LW,Lake
Lak-Zephyr-3,28.8706,-81.9119,Lak-Zephyr,Lake,Zephyr,3,LW,Lake
Lee-Donut-1,26.7538,-81.763,Lee-Donut,Lee,Donut,1,LW,Lake
Lee-Donut-2,26.7533,-81.7633,Lee-Donut,Lee,Donut,2,LW,Lake
Lee-Donut-3,26.753,-81.7632,Lee-Donut,Lee,Donut,3,LW,Lake
Lee-Dunes-1,26.4551,-82.0529,Lee-Dunes,Lee,Dunes,1,LW,Lake
Lee-Dunes-2,26.4541,-82.0542,Lee-Dunes,Lee,Dunes,2,LW,Lake
Lee-EastRock-1,26.4343,-82.1138,Lee-EastRock,Lee,East Rocks,1,LW,Lake
Lee-EastRock-2,26.435,-82.1139,Lee-EastRock,Lee,East Rocks,2,LW,Lake
Lee-EastRock-3,26.4355,-82.1148,Lee-EastRock,Lee,East Rocks,3,LW,Lake
Lee-EastRockW-1,26.4377,-82.1158,Lee-EastRockW,Lee,East Rocks West,1,LW,Lake
Lee-EastRockW-2,26.4368,-82.1158,Lee-EastRockW,Lee,East Rocks West,2,LW,Lake
Lee-EastRockW-3,26.4355,-82.1157,Lee-EastRockW,Lee,East Rocks West,3,LW,Lake
Lee-GulfPine-1,26.4454,-82.1313,Lee-GulfPine,Lee,Gulf Pines,1,LW,Lake
Lee-GulfPine-2,26.4454,-82.1299,Lee-GulfPine,Lee,Gulf Pines,2,LW,Lake
Lee-GulfPine-3,26.444,-82.1303,Lee-GulfPine,Lee,Gulf Pines,3,LW,Lake
Lee-GulfShor-1,26.4456,-82.1325,Lee-GulfShor,Lee,Gulf Shores,1,LW,Lake
Lee-GulfShor-2,26.4443,-82.1326,Lee-GulfShor,Lee,Gulf Shores,2,LW,Lake
Lee-GulfShor-3,26.4462,-82.1337,Lee-GulfShor,Lee,Gulf Shores,3,LW,Lake
Lee-GulfShorW-1,26.4477,-82.1341,Lee-GulfShorW,Lee,Gulf Shores West,1,LW,Lake
Lee-GulfShorW-2,26.4468,-82.1345,Lee-GulfShorW,Lee,Gulf Shores West,2,LW,Lake
Lee-GulfShorW-3,26.4463,-82.1348,Lee-GulfShorW,Lee,Gulf Shores West,3,LW,Lake
Lee-GumboLim-1,26.4454,-82.0598,Lee-GumboLim,Lee,Gumbo Limbo,1,LW,Lake
Lee-GumboLim-2,26.4447,-82.0634,Lee-GumboLim,Lee,Gumbo Limbo,2,LW,Lake
Lee-GumboLim-3,26.4445,-82.0665,Lee-GumboLim,Lee,Gumbo Limbo,3,LW,Lake
Lee-HarboragE-1,26.4807,-81.8455,Lee-HarboragE,Lee,Harborage East,1,LW,Lake
Lee-HarboragE-2,26.4807,-81.8439,Lee-HarboragE,Lee,Harborage East,2,LW,Lake
Lee-HarboragE-3,26.4807,-81.842,Lee-HarboragE,Lee,Harborage East,3,LW,Lake
Lee-HarboragW-1,26.4859,-81.8514,Lee-HarboragW,Lee,Harborage West,1,LW,Lake
Lee-HarboragW-2,26.4824,-81.8514,Lee-HarboragW,Lee,Harborage West,2,LW,Lake
Lee-HarboragW-3,26.4812,-81.8482,Lee-HarboragW,Lee,Harborage West,3,LW,Lake
Lee-Hopefield-1,26.6194,-82.0268,Lee-Hopefield,Lee,Hopefield,1,LW,Lake
Lee-Hopefield-2,26.6191,-82.0257,Lee-Hopefield,Lee,Hopefield,2,LW,Lake
Lee-Hopefield-3,26.6192,-82.0245,Lee-Hopefield,Lee,Hopefield,3,LW,Lake
Lee-LadyFing-1,26.4666,-82.1562,Lee-LadyFing,Lee,Lady Finger,1,LW,Lake
Lee-LadyFing-2,26.4661,-82.1551,Lee-LadyFing,Lee,Lady Finger,2,LW,Lake
Lee-LadyFing-3,26.4655,-82.1538,Lee-LadyFing,Lee,Lady Finger,3,LW,Lake
Lee-LittleMu-1,26.4333,-82.0976,Lee-LittleMu,Lee,Little Murex,1,LW,Lake
Lee-LittleMu-2,26.433,-82.1,Lee-LittleMu,Lee,Little Murex,2,LW,Lake
Lee-LittleMu-3,26.4332,-82.1023,Lee-LittleMu,Lee,Little Murex,3,LW,Lake
Lee-LittlePo-1,26.4272,-81.9063,Lee-LittlePo,Lee,Little Portion,1,LW,Lake
Lee-LittlePo-2,26.4251,-81.906,Lee-LittlePo,Lee,Little Portion,2,LW,Lake
Lee-LittlePo-3,26.427,-81.9063,Lee-LittlePo,Lee,Little Portion,3,LW,Lake
Lee-LovKey-1,26.3916,-81.873,Lee-LovKey,Lee,Lover's Key-1,1,LW,Estuary
Lee-LovKey-2,26.4002,-81.8705,Lee-LovKey,Lee,Lover's Key-2,1,LW,Estuary
Lee-LovKey-3,26.3831,-81.8667,Lee-LovKey,Lee,Lover's Key-3,1,LW,Estuary
Lee-Murex-1,26.4313,-82.0983,Lee-Murex,Lee,Murex,1,LW,Lake
Lee-Murex-2,26.4311,-82.1003,Lee-Murex,Lee,Murex,2,LW,Lake
Lee-Murex-3,26.4309,-82.1028,Lee-Murex,Lee,Murex,3,LW,Lake
Lee-Pi-Sound-1,26.4794,-82.11,Lee-Pi-Sound,Lee,Pine Island Sound-1,1,LW,Estuary
Lee-Pi-Sound-2,26.4833,-82.1828,Lee-Pi-Sound,Lee,Pine Island Sound-2,1,LW,Estuary
Lee-Roseate-1,26.4375,-82.0652,Lee-Roseate,Lee,Roseate,1,LW,Lake
Lee-Roseate-2,26.4371,-82.0655,Lee-Roseate,Lee,Roseate,2,LW,Lake
Lee-Roseate-3,26.4368,-82.0657,Lee-Roseate,Lee,Roseate,3,LW,Lake
Lee-Sa-osBay-1,26.5264,-82.0031,Lee-Sa-osBay,Lee,San Carlos Bay-1,1,LW,Estuary
Lee-Sa-osBay-2,26.5153,-82.055,Lee-Sa-osBay,Lee,San Carlos Bay-2,1,LW,Estuary
Lee-Sa-osBay-3,26.4897,-82.0481,Lee-Sa-osBay,Lee,San Carlos Bay-3,1,LW,Estuary
Lee-Sa-osBay-4,26.4806,-82.0064,Lee-Sa-osBay,Lee,San Carlos Bay-4,1,LW,Estuary
Lee-Sa-osBay-5,26.455,-82.0156,Lee-Sa-osBay,Lee,San Carlos Bay-5,1,LW,Estuary
Lee-Sa-osBay-6,26.5003,-82.0146,Lee-Sa-osBay,Lee,San Carlos Bay-6,1,LW,Estuary
Lee-Sandov-1-1,26.6107,-82.0257,Lee-Sandov-1,Lee,Sandoval 1,1,LW,Lake
Lee-Sandov-1-2,26.6106,-82.0264,Lee-Sandov-1,Lee,Sandoval 1,2,LW,Lake
Lee-Sandov-1-3,26.6101,-82.027,Lee-Sandov-1,Lee,Sandoval 1,3,LW,Lake
Lee-Sandov-13-1,26.6176,-82.0281,Lee-Sandov-13,Lee,Sandoval 13,1,LW,Lake
Lee-Sandov-13-2,26.6173,-82.0299,Lee-Sandov-13,Lee,Sandoval 13,2,LW,Lake
Lee-Sandov-13-3,26.6182,-82.03,Lee-Sandov-13,Lee,Sandoval 13,3,LW,Lake
Lee-Sandov-15-1,26.6214,-82.0282,Lee-Sandov-15,Lee,Sandoval 15,1,LW,Lake
Lee-Sandov-15-2,26.6221,-82.0295,Lee-Sandov-15,Lee,Sandoval 15,2,LW,Lake
Lee-Sandov-15-3,26.6229,-82.0304,Lee-Sandov-15,Lee,Sandoval 15,3,LW,Lake
Lee-Sandov-18-1,26.6254,-82.0281,Lee-Sandov-18,Lee,Sandoval 18,1,LW,Lake
Lee-Sandov-18-2,26.6253,-82.0293,Lee-Sandov-18,Lee,Sandoval 18,2,LW,Lake
Lee-Sandov-18-3,26.6251,-82.0303,Lee-Sandov-18,Lee,Sandoval 18,3,LW,Lake
Lee-Sandov-20-1,26.6284,-82.0284,Lee-Sandov-20,Lee,Sandoval 20,1,LW,Lake
Lee-Sandov-20-2,26.6282,-82.0294,Lee-Sandov-20,Lee,Sandoval 20,2,LW,Lake
Lee-Sandov-20-3,26.6281,-82.0306,Lee-Sandov-20,Lee,Sandoval 20,3,LW,Lake
Lee-Sandov-6-1,26.6207,-82.0254,Lee-Sandov-6,Lee,Sandoval 6,1,LW,Lake
Lee-Sandov-6-2,26.6206,-82.0247,Lee-Sandov-6,Lee,Sandoval 6,2,LW,Lake
Lee-Sandov-6-3,26.6207,-82.0254,Lee-Sandov-6,Lee,Sandoval 6,3,LW,Lake
Lee-Sa-River-1,26.4388,-82.088,Lee-Sa-River,Lee,Sanibel River-1,1,LW,River/Stream
Lee-Sa-River-2,26.4376,-82.1079,Lee-Sa-River,Lee,Sanibel River-2,1,LW,River/Stream
Lee-Sa-River-3,26.4275,-82.0803,Lee-Sa-River,Lee,Sanibel River-3,1,LW,River/Stream
Lee-Sa-River-4,26.4415,-82.0465,Lee-Sa-River,Lee,Sanibel River-4,1,LW,River/Stream
Lee-Sa-River-5,26.4427,-82.0401,Lee-Sa-River,Lee,Sanibel River-5,1,LW,River/Stream
Lee-Sa-River-6,26.436,-82.0976,Lee-Sa-River,Lee,Sanibel River-6,1,LW,River/Stream
Lee-Sa-River-7,26.4375,-82.0582,Lee-Sa-River,Lee,Sanibel River-7,1,LW,River/Stream
Lee-Sa-River-8,26.4276,-82.0803,Lee-Sa-River,Lee,Sanibel River-8,1,LW,River/Stream
Lee-SeaOats-1,26.4356,-82.1117,Lee-SeaOats,Lee,Sea Oats,1,LW,Lake
Lee-SeaOats-2,26.4354,-82.1119,Lee-SeaOats,Lee,Sea Oats,2,LW,Lake
Lee-SeaOats-3,26.4351,-82.1123,Lee-SeaOats,Lee,Sea Oats,3,LW,Lake
Lee-St.Kilda-1,26.4292,-82.0963,Lee-St.Kilda,Lee,St. Kilda,1,LW,Lake
Lee-St.Kilda-2,26.4281,-82.0988,Lee-St.Kilda,Lee,St. Kilda,2,LW,Lake
Lee-St.Kilda-3,26.4287,-82.1002,Lee-St.Kilda,Lee,St. Kilda,3,LW,Lake
Lee-Ta-onBay-1,26.4442,-82.0853,Lee-Ta-onBay,Lee,Tarpon Bay-1,1,LW,Estuary
Lee-Ta-onBay-2,26.4636,-82.0667,Lee-Ta-onBay,Lee,Tarpon Bay-2,1,LW,Estuary
Lee-Venus-1,26.4619,-82.0514,Lee-Venus,Lee,Venus,1,LW,Lake
Lee-Venus-2,26.4614,-82.0514,Lee-Venus,Lee,Venus,2,LW,Lake
Lee-Venus-3,26.461,-82.0515,Lee-Venus,Lee,Venus,3,LW,Lake
Lee-WestRock-1,26.4379,-82.1193,Lee-WestRock,Lee,West Rocks,1,LW,Lake
Lee-WestRock-2,26.437,-82.1171,Lee-WestRock,Lee,West Rocks,2,LW,Lake
Lee-WestRock-3,26.4358,-82.1172,Lee-WestRock,Lee,West Rocks,3,LW,Lake
Leo-AlfordAr-1,30.45,-84.1629,Leo-AlfordAr,Leon,Alford Arm,1,LW,Lake
Leo-AlfordAr-2,30.4461,-84.1539,Leo-AlfordAr,Leon,Alford Arm,2,LW,Lake
Leo-AlfordAr-3,30.4429,-84.1485,Leo-AlfordAr,Leon,Alford Arm,3,LW,Lake
Leo-Andrew-1,30.4023,-84.4075,Leo-Andrew,Leon,Andrew,1,LW,Lake
Leo-Andrew-2,30.3997,-84.4078,Leo-Andrew,Leon,Andrew,2,LW,Lake
Leo-Andrew-3,30.4004,-84.4082,Leo-Andrew,Leon,Andrew,3,LW,Lake
Leo-Anna-1,30.5595,-84.2042,Leo-Anna,Leon,Anna,1,LW,Lake
Leo-Anna-2,30.5595,-84.2036,Leo-Anna,Leon,Anna,2,LW,Lake
Leo-Anna-3,30.5594,-84.2031,Leo-Anna,Leon,Anna,3,LW,Lake
Leo-Arrowhead-1,30.5685,-84.2181,Leo-Arrowhead,Leon,Arrowhead,1,LW,Lake
Leo-Arrowhead-2,30.567,-84.218,Leo-Arrowhead,Leon,Arrowhead,2,LW,Lake
Leo-Arrowhead-3,30.5658,-84.2168,Leo-Arrowhead,Leon,Arrowhead,3,LW,Lake
Leo-Becky-1,30.4962,-84.1664,Leo-Becky,Leon,Becky,1,LW,Lake
Leo-Becky-2,30.4953,-84.1663,Leo-Becky,Leon,Becky,2,LW,Lake
Leo-Belmont-1,30.5388,-84.1817,Leo-Belmont,Leon,Belmont,1,LW,Lake
Leo-Belmont-2,30.5374,-84.181,Leo-Belmont,Leon,Belmont,2,LW,Lake
Leo-Belmont-3,30.5356,-84.1812,Leo-Belmont,Leon,Belmont,3,LW,Lake
Leo-Blairston-1,30.4139,-84.2556,Leo-Blairston,Leon,Blairstone,1,LW,Lake
Leo-Blairston-2,30.4145,-84.2554,Leo-Blairston,Leon,Blairstone,2,LW,Lake
Leo-Blairston-3,30.4144,-84.2565,Leo-Blairston,Leon,Blairstone,3,LW,Lake
Leo-BlueHero-1,30.6009,-84.2365,Leo-BlueHero,Leon,Blue Heron,1,LW,Lake
Leo-BlueHero-2,30.5995,-84.2381,Leo-BlueHero,Leon,Blue Heron,2,LW,Lake
Leo-BlueHero-3,30.5987,-84.24,Leo-BlueHero,Leon,Blue Heron,3,LW,Lake
Leo-Bradford-1,30.4073,-84.3446,Leo-Bradford,Leon,Bradford,1,LW,Lake
Leo-Bradford-2,30.4058,-84.34,Leo-Bradford,Leon,Bradford,2,LW,Lake
Leo-Bradford-3,30.4051,-84.3368,Leo-Bradford,Leon,Bradford,3,LW,Lake
Leo-Campgroun-1,30.4337,-84.4227,Leo-Campgroun,Leon,Campground Pond,1,LW,Lake
Leo-Campgroun-2,30.4337,-84.4433,Leo-Campgroun,Leon,Campground Pond,2,LW,Lake
Leo-Campgroun-3,30.4333,-84.4256,Leo-Campgroun,Leon,Campground Pond,3,LW,Lake
Leo-Carolyn-1,30.5553,-84.205,Leo-Carolyn,Leon,Carolyn,1,LW,Lake
Leo-Carolyn-2,30.5571,-84.2052,Leo-Carolyn,Leon,Carolyn,2,LW,Lake
Leo-Carolyn-3,30.5582,-84.2051,Leo-Carolyn,Leon,Carolyn,3,LW,Lake
Leo-Carr-1,30.5769,-84.2896,Leo-Carr,Leon,Carr,1,LW,Lake
Leo-Carr-2,30.5737,-84.2933,Leo-Carr,Leon,Carr,2,LW,Lake
Leo-Carr-3,30.5697,-84.2992,Leo-Carr,Leon,Carr,3,LW,Lake
Leo-Carr-4,30.5892,-84.2947,Leo-Carr,Leon,Carr,4,LW,Lake
Leo-Cascade-2,30.4194,-84.3606,Leo-Cascade,Leon,Cascade,2,LW,Lake
Leo-Chapman P-2,30.4323,-84.2693,Leo-Chapman P,Leon,Chapman Pond,2,LW,Lake
Leo-Clear-1,30.3522,-84.4118,Leo-Clear,Leon,Clear,1,LW,Lake
Leo-Clear-2,30.3492,-84.4124,Leo-Clear,Leon,Clear,2,LW,Lake
Leo-Clear-3,30.349,-84.4157,Leo-Clear,Leon,Clear,3,LW,Lake
Leo-Coolview-1,30.5245,-84.355,Leo-Coolview,Leon,Coolview Pond,1,LW,Lake
Leo-Coolview-2,30.5239,-84.3554,Leo-Coolview,Leon,Coolview Pond,2,LW,Lake
Leo-Coolview-3,30.5237,-84.3547,Leo-Coolview,Leon,Coolview Pond,3,LW,Lake
Leo-Diane-1,30.5939,-84.2335,Leo-Diane,Leon,Diane,1,LW,Lake
Leo-Diane-2,30.5935,-84.2367,Leo-Diane,Leon,Diane,2,LW,Lake
Leo-Diane-3,30.5918,-84.2386,Leo-Diane,Leon,Diane,3,LW,Lake
Leo-Duck-1,30.5113,-84.3568,Leo-Duck,Leon,Duck,1,LW,Lake
Leo-Duck-2,30.5117,-84.3568,Leo-Duck,Leon,Duck,2,LW,Lake
Leo-Duck-3,30.5122,-84.3567,Leo-Duck,Leon,Duck,3,LW,Lake
Leo-Eel-1,30.4486,-84.3708,Leo-Eel,Leon,Eel,1,LW,Lake
Leo-Eel-2,30.4494,-84.3701,Leo-Eel,Leon,Eel,2,LW,Lake
Leo-Eel-3,30.4498,-84.3697,Leo-Eel,Leon,Eel,3,LW,Lake
Leo-Elizabeth-2,30.4933,-84.2969,Leo-Elizabeth,Leon,Elizabeth,2,LW,Lake
Leo-Erie-1,30.3675,-84.1334,Leo-Erie,Leon,Erie,1,LW,Lake
Leo-Erie-2,30.3668,-84.1335,Leo-Erie,Leon,Erie,2,LW,Lake
Leo-Erie-3,30.3674,-84.132,Leo-Erie,Leon,Erie,3,LW,Lake
Leo-Fisher-1,30.5651,-84.1765,Leo-Fisher,Leon,Fisher,1,LW,Lake
Leo-Fisher-2,30.5676,-84.1814,Leo-Fisher,Leon,Fisher,2,LW,Lake
Leo-Fisher-3,30.5661,-84.1813,Leo-Fisher,Leon,Fisher,3,LW,Lake
Leo-GannettP-1,30.6521,-84.2211,Leo-GannettP,Leon,Gannett Pond,1,LW,Lake
Leo-GannettP-2,30.6558,-84.2188,Leo-GannettP,Leon,Gannett Pond,2,LW,Lake
Leo-GannettP-3,30.6556,-84.2195,Leo-GannettP,Leon,Gannett Pond,3,LW,Lake
Leo-GoosePon-1,30.4763,-84.2445,Leo-GoosePon,Leon,Goose Pond,1,LW,Lake
Leo-Griffin-1,30.5783,-84.2552,Leo-Griffin,Leon,Griffin,1,LW,Lake
Leo-Griffin-2,30.5798,-84.2572,Leo-Griffin,Leon,Griffin,2,LW,Lake
Leo-Griffin-3,30.5817,-84.2598,Leo-Griffin,Leon,Griffin,3,LW,Lake
Leo-Hall-1,30.5229,-84.251,Leo-Hall,Leon,Hall,1,LW,Lake
Leo-Hall-2,30.523,-84.2472,Leo-Hall,Leon,Hall,2,LW,Lake
Leo-Hall-3,30.5235,-84.2432,Leo-Hall,Leon,Hall,3,LW,Lake
Leo-Hall-4,30.5186,-84.2485,Leo-Hall,Leon,Hall,4,LW,Lake
Leo-Hall-5,30.5187,-84.2474,Leo-Hall,Leon,Hall,5,LW,Lake
Leo-Harriman-1,30.4746,-84.2522,Leo-Harriman,Leon,Harriman Pond,1,LW,Lake
Leo-Harriman-2,30.4748,-84.2518,Leo-Harriman,Leon,Harriman Pond,2,LW,Lake
Leo-Harriman-3,30.4754,-84.2523,Leo-Harriman,Leon,Harriman Pond,3,LW,Lake
Leo-Heritage-1,30.4172,-84.1472,Leo-Heritage,Leon,Heritage,1,LW,Lake
Leo-Heritage-2,30.415,-84.1464,Leo-Heritage,Leon,Heritage,2,LW,Lake
Leo-Heritage-3,30.4132,-84.1469,Leo-Heritage,Leon,Heritage,3,LW,Lake
Leo-Hiawatha-1,30.412,-84.3483,Leo-Hiawatha,Leon,Hiawatha,1,LW,Lake
Leo-Hiawatha-2,30.4136,-84.3485,Leo-Hiawatha,Leon,Hiawatha,2,LW,Lake
Leo-HorneSpr-2,30.3183,-84.1314,Leo-HorneSpr,Leon,Horne Springs,2,LW,Lake
Leo-Iamonia-1,30.6397,-84.2039,Leo-Iamonia,Leon,Iamonia,1,LW,Lake
Leo-Iamonia-2,30.6393,-84.2016,Leo-Iamonia,Leon,Iamonia,2,LW,Lake
Leo-Iamonia-3,30.6407,-84.1991,Leo-Iamonia,Leon,Iamonia,3,LW,Lake
Leo-Jackson-1,30.5246,-84.3514,Leo-Jackson,Leon,Jackson,1,LW,Lake
Leo-Jackson-2,30.5279,-84.3379,Leo-Jackson,Leon,Jackson,2,LW,Lake
Leo-Jackson-3,30.5067,-84.3107,Leo-Jackson,Leon,Jackson,3,LW,Lake
Leo-Jamie-1,30.5533,-84.2074,Leo-Jamie,Leon,Jamie,1,LW,Lake
Leo-Jamie-2,30.5528,-84.207,Leo-Jamie,Leon,Jamie,2,LW,Lake
Leo-Jamie-3,30.5524,-84.2067,Leo-Jamie,Leon,Jamie,3,LW,Lake
Leo-Jane-1,30.5462,-84.2729,Leo-Jane,Leon,Jane,1,LW,Lake
Leo-Jane-2,30.5458,-84.2729,Leo-Jane,Leon,Jane,2,LW,Lake
Leo-Jane-3,30.5453,-84.2727,Leo-Jane,Leon,Jane,3,LW,Lake
Leo-Jean-1,30.5546,-84.1991,Leo-Jean,Leon,Jean,1,LW,Lake
Leo-Jean-2,30.5533,-84.1977,Leo-Jean,Leon,Jean,2,LW,Lake
Leo-Jean-3,30.5518,-84.1967,Leo-Jean,Leon,Jean,3,LW,Lake
Leo-Kanturk-1,30.533,-84.1906,Leo-Kanturk,Leon,Kanturk,1,LW,Lake
Leo-Kanturk-2,30.5322,-84.1939,Leo-Kanturk,Leon,Kanturk,2,LW,Lake
Leo-Kanturk-3,30.5304,-84.1935,Leo-Kanturk,Leon,Kanturk,3,LW,Lake
Leo-KCC12-2,30.5193,-84.2071,Leo-KCC12,Leon,KCC 12,2,LW,Lake
Leo-KCC14-2,30.5164,-84.2081,Leo-KCC14,Leon,KCC 14,2,LW,Lake
Leo-KCC4-2,30.516,-84.2189,Leo-KCC4,Leon,KCC 4,2,LW,Lake
Leo-KCC8-2,30.5241,-84.2164,Leo-KCC8,Leon,KCC 8,2,LW,Lake
Leo-Killarney-1,30.5324,-84.213,Leo-Killarney,Leon,Killarney,1,LW,Lake
Leo-Killarney-2,30.5314,-84.2071,Leo-Killarney,Leon,Killarney,2,LW,Lake
Leo-Killarney-3,30.5314,-84.2034,Leo-Killarney,Leon,Killarney,3,LW,Lake
Leo-Lafayette-1,30.4504,-84.2027,Leo-Lafayette,Leon,Lafayette,1,LW,Lake
Leo-Lee-2,30.4115,-84.2637,Leo-Lee,Leon,Lee,2,LW,Lake
Leo-LittleJa-1,30.5258,-84.3587,Leo-LittleJa,Leon,Little Jackson,1,LW,Lake
Leo-LittleJa-2,30.5264,-84.3584,Leo-LittleJa,Leon,Little Jackson,2,LW,Lake
Leo-LittleJa-3,30.5271,-84.3579,Leo-LittleJa,Leon,Little Jackson,3,LW,Lake
Leo-Lofton Po-1,30.3541,-84.3801,Leo-Lofton Po,Leon,Lofton Pond,1,LW,Lake
Leo-Lofton Po-2,30.3557,-84.379,Leo-Lofton Po,Leon,Lofton Pond,2,LW,Lake
Leo-Lofton Po-3,30.3561,-84.3791,Leo-Lofton Po,Leon,Lofton Pond,3,LW,Lake
Leo-Longleat-2,30.5706,-84.2458,Leo-Longleat,Leon,Longleat,2,LW,Lake
Leo-Mattie-1,30.3905,-84.1457,Leo-Mattie,Leon,Mattie,1,LW,Lake
Leo-Mattie-2,30.391,-84.1455,Leo-Mattie,Leon,Mattie,2,LW,Lake
Leo-Mattie-3,30.3914,-84.1457,Leo-Mattie,Leon,Mattie,3,LW,Lake
Leo-McBride-1,30.5591,-84.2294,Leo-McBride,Leon,McBride,1,LW,Lake
Leo-McBride-2,30.5631,-84.2332,Leo-McBride,Leon,McBride,2,LW,Lake
Leo-McBride-3,30.5653,-84.2377,Leo-McBride,Leon,McBride,3,LW,Lake
Leo-McBride-4,30.5627,-84.2398,Leo-McBride,Leon,McBride,4,LW,Lake
Leo-McCordPo-1,30.4742,-84.2617,Leo-McCordPo,Leon,McCord Pond,1,LW,Lake
Leo-McCordPo-2,30.4733,-84.2616,Leo-McCordPo,Leon,McCord Pond,2,LW,Lake
Leo-McCordPo-3,30.473,-84.2621,Leo-McCordPo,Leon,McCord Pond,3,LW,Lake
Leo-Meginnis-1,30.489,-84.3052,Leo-Meginnis,Leon,Meginnis Arm,1,LW,Lake
Leo-Meginnis-2,30.4949,-84.3061,Leo-Meginnis,Leon,Meginnis Arm,2,LW,Lake
Leo-Meginnis-3,30.4956,-84.3063,Leo-Meginnis,Leon,Meginnis Arm,3,LW,Lake
Leo-Minniehah-1,30.4156,-84.351,Leo-Minniehah,Leon,Minniehaha,1,LW,Lake
Leo-Minniehah-2,30.4157,-84.3487,Leo-Minniehah,Leon,Minniehaha,2,LW,Lake
Leo-Mitchell-1,30.6244,-84.2274,Leo-Mitchell,Leon,Mitchell Arm,1,LW,Lake
Leo-Mitchell-2,30.6234,-84.2276,Leo-Mitchell,Leon,Mitchell Arm,2,LW,Lake
Leo-Mitchell-3,30.6241,-84.2283,Leo-Mitchell,Leon,Mitchell Arm,3,LW,Lake
Leo-MonkeyBu-1,30.6082,-84.2324,Leo-MonkeyBu,Leon,Monkey Business,1,LW,Lake
Leo-MonkeyBu-2,30.6058,-84.2329,Leo-MonkeyBu,Leon,Monkey Business,2,LW,Lake
Leo-MonkeyBu-3,30.6071,-84.2288,Leo-MonkeyBu,Leon,Monkey Business,3,LW,Lake
Leo-Moore-1,30.3932,-84.405,Leo-Moore,Leon,Moore,1,LW,Lake
Leo-Moore-2,30.393,-84.4039,Leo-Moore,Leon,Moore,2,LW,Lake
Leo-Moore-3,30.3913,-84.4047,Leo-Moore,Leon,Moore,3,LW,Lake
Leo-Moore2-1,30.5522,-84.2636,Leo-Moore2,Leon,Moore 2,1,LW,Lake
Leo-Moore2-2,30.5534,-84.264,Leo-Moore2,Leon,Moore 2,2,LW,Lake
Leo-Moore2-3,30.5548,-84.2645,Leo-Moore2,Leon,Moore 2,3,LW,Lake
Leo-MoorePd-1,30.5522,-84.2636,Leo-MoorePd,Leon,Moore Pond,1,LW,Lake
Leo-MoorePd-2,30.5534,-84.264,Leo-MoorePd,Leon,Moore Pond,2,LW,Lake
Leo-MoorePd-3,30.5548,-84.2645,Leo-MoorePd,Leon,Moore Pond,3,LW,Lake
Leo-MoorePd-4,30.5528,-84.266,Leo-MoorePd,Leon,Moore Pond,4,LW,Lake
Leo-Munson-1,30.3672,-84.3007,Leo-Munson,Leon,Munson,1,LW,Lake
Leo-Munson-2,30.3684,-84.3075,Leo-Munson,Leon,Munson,2,LW,Lake
Leo-Munson-3,30.3684,-84.3115,Leo-Munson,Leon,Munson,3,LW,Lake
Leo-Munson-4,30.365,-84.3016,Leo-Munson,Leon,Munson,4,LW,Lake
Leo-OakfairFP-1,30.4857,-84.1218,Leo-OakfairFP,Leon,Oakfair Farms Pond,1,LW,Lake
Leo-OakfairFP-2,30.4853,-84.1214,Leo-OakfairFP,Leon,Oakfair Farms Pond,2,LW,Lake
Leo-Oc-River-1,30.5195,-84.3937,Leo-Oc-River,Leon,Ochlockonee River-1,1,LW,River/Stream
Leo-Oc-River-2,30.5075,-84.404,Leo-Oc-River,Leon,Ochlockonee River-2,1,LW,River/Stream
Leo-Oc-River-3,30.4852,-84.397,Leo-Oc-River,Leon,Ochlockonee River-3,1,LW,River/Stream
Leo-Orchard P-1,30.5786,-84.3228,Leo-Orchard P,Leon,Orchard Pond,1,LW,Lake
Leo-Orchard P-2,30.5805,-84.3213,Leo-Orchard P,Leon,Orchard Pond,2,LW,Lake
Leo-Orchard P-3,30.5771,-84.3231,Leo-Orchard P,Leon,Orchard Pond,3,LW,Lake
Leo-Overstree-1,30.5284,-84.2591,Leo-Overstree,Leon,Overstreet,1,LW,Lake
Leo-Overstree-2,30.5322,-84.2583,Leo-Overstree,Leon,Overstreet,2,LW,Lake
Leo-Overstree-3,30.5348,-84.2543,Leo-Overstree,Leon,Overstreet,3,LW,Lake
Leo-PettyGul-1,30.5887,-84.2309,Leo-PettyGul,Leon,Petty Gulf,1,LW,Lake
Leo-PettyGul-2,30.59,-84.229,Leo-PettyGul,Leon,Petty Gulf,2,LW,Lake
Leo-PettyGul-3,30.5886,-84.225,Leo-PettyGul,Leon,Petty Gulf,3,LW,Lake
Leo-PineHill-1,30.5856,-84.22,Leo-PineHill,Leon,Pine Hill,1,LW,Lake
Leo-PineHill-2,30.5832,-84.2203,Leo-PineHill,Leon,Pine Hill,2,LW,Lake
Leo-PineHill-3,30.5816,-84.2202,Leo-PineHill,Leon,Pine Hill,3,LW,Lake
Leo-PineyZ-1,30.4404,-84.1889,Leo-PineyZ,Leon,Piney Z,1,LW,Lake
Leo-PineyZ-2,30.4415,-84.1866,Leo-PineyZ,Leon,Piney Z,2,LW,Lake
Leo-PineyZ-3,30.4393,-84.1838,Leo-PineyZ,Leon,Piney Z,3,LW,Lake
Leo-Sheelin-2,30.5379,-84.2054,Leo-Sheelin,Leon,Sheelin,2,LW,Lake
Leo-ShellyPo-1,30.5741,-84.2714,Leo-ShellyPo,Leon,Shelly Pond,1,LW,Lake
Leo-ShellyPo-2,30.574,-84.2725,Leo-ShellyPo,Leon,Shelly Pond,2,LW,Lake
Leo-ShellyPo-3,30.575,-84.2734,Leo-ShellyPo,Leon,Shelly Pond,3,LW,Lake
Leo-Silver-1,30.4039,-84.404,Leo-Silver,Leon,Silver,1,LW,Lake
Leo-Silver-2,30.4031,-84.4057,Leo-Silver,Leon,Silver,2,LW,Lake
Leo-Silver-3,30.4046,-84.405,Leo-Silver,Leon,Silver,3,LW,Lake
Leo-SpringPo-2,30.5743,-84.2756,Leo-SpringPo,Leon,Spring Pond,2,LW,Lake
Leo-Summerset-1,30.573,-84.2641,Leo-Summerset,Leon,Summerset,1,LW,Lake
Leo-Summerset-2,30.5738,-84.2633,Leo-Summerset,Leon,Summerset,2,LW,Lake
Leo-Summerset-3,30.5739,-84.2621,Leo-Summerset,Leon,Summerset,3,LW,Lake
Leo-Susan-1,30.4869,-84.3292,Leo-Susan,Leon,Susan,1,LW,Lake
Leo-Susan-2,30.4873,-84.3293,Leo-Susan,Leon,Susan,2,LW,Lake
Leo-Susan-3,30.4878,-84.3294,Leo-Susan,Leon,Susan,3,LW,Lake
Leo-TomJohn-1,30.5444,-84.2129,Leo-TomJohn,Leon,Tom John,1,LW,Lake
Leo-TomJohn-2,30.5467,-84.2146,Leo-TomJohn,Leon,Tom John,2,LW,Lake
Leo-TomJohn-3,30.5417,-84.2148,Leo-TomJohn,Leon,Tom John,3,LW,Lake
Leo-TroutPon-1,30.3344,-84.385,Leo-TroutPon,Leon,Trout Pond,1,LW,Lake
Leo-TroutPon-2,30.3339,-84.3886,Leo-TroutPon,Leon,Trout Pond,2,LW,Lake
Leo-TroutPon-3,30.3324,-84.387200000000007,Leo-TroutPon,Leon,Trout Pond,3,LW,Lake
Leo-Weeks-1,30.3736,-84.1395,Leo-Weeks,Leon,Weeks,1,LW,Lake
Leo-Weeks-2,30.3726,-84.1392,Leo-Weeks,Leon,Weeks,2,LW,Lake
Leo-Weeks-3,30.3714,-84.1393,Leo-Weeks,Leon,Weeks,3,LW,Lake
Leo-Windermer-1,30.416,-84.133,Leo-Windermer,Leon,Windermere,1,LW,Lake
Leo-Windermer-2,30.4151,-84.1343,Leo-Windermer,Leon,Windermere,2,LW,Lake
Leo-Windermer-3,30.4145,-84.1336,Leo-Windermer,Leon,Windermere,3,LW,Lake
Leo-Woodbrook-1,30.5136,-84.2724,Leo-Woodbrook,Leon,Woodbrook,1,LW,Lake
Leo-Woodbrook-2,30.513,-84.2728,Leo-Woodbrook,Leon,Woodbrook,2,LW,Lake
Lev-BlSprings-1,29.4507,-82.699,Lev-BlSprings,Levy,Blue Springs,1,LW,Spring Run
Lev-BlSprings-2,29.4507,-82.6993,Lev-BlSprings,Levy,Blue Springs,2,LW,Spring Run
Lev-CedarK-1-1,29.132,-83.036,Lev-CedarK-1,Levy,Cedar Key-1,1,LW,Estuary
Lev-CedarK-2-1,29.1416,-83.0083,Lev-CedarK-2,Levy,Cedar Key-2,1,LW,Estuary
Lev-CedarK-4-1,29.1533,-83.0666,Lev-CedarK-4,Levy,Cedar Key-4,1,LW,Estuary
Lev-Fa-prings-1,29.5878,-82.936,Lev-Fa-prings,Levy,Fanning Springs-1,1,LW,River/Stream
Lev-Fa-prings-2,29.5896,-82.9371,Lev-Fa-prings,Levy,Fanning Springs-2,1,LW,River/Stream
Lev-Fa-prings-3,29.5865,-82.9386,Lev-Fa-prings,Levy,Fanning Springs-3,1,LW,River/Stream
Lev-LongPd-1,29.4454,-82.8482,Lev-LongPd,Levy,Long Pond,1,LW,Lake
Lev-LongPd-2,29.4446,-82.8467,Lev-LongPd,Levy,Long Pond,2,LW,Lake
Lev-LongPd-3,29.4411,-82.846,Lev-LongPd,Levy,Long Pond,3,LW,Lake
Lev-Ma-prings-1,29.4896,-82.9768,Lev-Ma-prings,Levy,Manatee Springs-1,1,LW,Spring Run
Lev-Ma-prings-2,29.4894,-82.978,Lev-Ma-prings,Levy,Manatee Springs-2,1,LW,Spring Run
Lev-Ma-prings-3,29.4885,-82.9806,Lev-Ma-prings,Levy,Manatee Springs-3,1,LW,Spring Run
Lev-Su-River-1,29.5931,-82.9384,Lev-Su-River,Levy,Suwannee River-1,1,LW,River/Stream
Lev-Su-River-2,29.5865,-82.9399,Lev-Su-River,Levy,Suwannee River-2,1,LW,River/Stream
Lev-Su-River-3,29.5564,-82.9494,Lev-Su-River,Levy,Suwannee River-3,1,LW,River/Stream
Lev-Su-River-4,29.5373,-82.9788,Lev-Su-River,Levy,Suwannee River-4,1,LW,River/Stream
Lev-Su-River-5,29.5175,-82.976,Lev-Su-River,Levy,Suwannee River-5,1,LW,River/Stream
Lev-Su-River-6,29.4896,-82.9822,Lev-Su-River,Levy,Suwannee River-6,1,LW,River/Stream
Lev-Su-River-7,29.4776,-82.9866,Lev-Su-River,Levy,Suwannee River-7,1,LW,River/Stream
Lib-Mystic-1,30.381,-84.9855,Lib-Mystic,Liberty,Mystic,1,LW,Lake
Lib-Mystic-2,30.3826,-84.9805,Lib-Mystic,Liberty,Mystic,2,LW,Lake
Lib-Mystic-3,30.3864,-84.984,Lib-Mystic,Liberty,Mystic,3,LW,Lake
Mad-Cherry-1,30.6195,-83.4168,Mad-Cherry,Madison,Cherry,1,LW,Lake
Mad-Cherry-2,30.6133,-83.413,Mad-Cherry,Madison,Cherry,2,LW,Lake
Mad-Cherry-3,30.613,-83.4196,Mad-Cherry,Madison,Cherry,3,LW,Lake
Man-Cooper Creek-1,27.4203,-82.4802,Man-Cooper Creek,Manatee,Cooper Creek-1,1,LW,River/Stream
Man-Cooper Creek-2,27.4171,-82.4689,Man-Cooper Creek,Manatee,Cooper Creek-2,1,LW,River/Stream
Man-Cooper Creek-3,27.4137,-82.4574,Man-Cooper Creek,Manatee,Cooper Creek-3,1,LW,River/Stream
Man-Tojo-1,27.5784,-82.5433,Man-Tojo,Manatee,Tojo,1,LW,Lake
Man-Tojo-2,27.5774,-82.5433,Man-Tojo,Manatee,Tojo,2,LW,Lake
Man-Tojo-3,27.578,-82.5454,Man-Tojo,Manatee,Tojo,3,LW,Lake
Man-Ward-1,27.434,-82.485,Man-Ward,Manatee,Ward,1,LW,Lake
Man-Ward-2,27.43,-82.4856,Man-Ward,Manatee,Ward,2,LW,Lake
Man-Ward-3,27.4266,-82.4856,Man-Ward,Manatee,Ward,3,LW,Lake
Mar-BlueCove-2,29.0511,-82.4567,Mar-BlueCove,Marion,Blue Cove,2,LW,Lake
Mar-BlueSpring-1,29.5141,-81.8569,Mar-BlueSpring,Marion,Blue Spring-1,1,LW,Spring Boil
Mar-Bowers-1,29.042,-81.9569,Mar-Bowers,Marion,Bowers,1,LW,Lake
Mar-Bowers-2,29.0441,-81.955,Mar-Bowers,Marion,Bowers,2,LW,Lake
Mar-Bowers-3,29.0468,-81.9532,Mar-Bowers,Marion,Bowers,3,LW,Lake
Mar-Bryant-1,29.1484,-81.8558,Mar-Bryant,Marion,Bryant,1,LW,Lake
Mar-Bryant-2,29.1448,-81.8547,Mar-Bryant,Marion,Bryant,2,LW,Lake
Mar-Bryant-3,29.1414,-81.8524,Mar-Bryant,Marion,Bryant,3,LW,Lake
Mar-Buck-1,29.0969,-81.6529,Mar-Buck,Marion,Buck,1,LW,Lake
Mar-Buck-2,29.0959,-81.6523,Mar-Buck,Marion,Buck,2,LW,Lake
Mar-Buck-3,29.0943,-81.6508,Mar-Buck,Marion,Buck,3,LW,Lake
Mar-CannonSpring-1,29.421,-81.9196,Mar-CannonSpring,Marion,Cannon Spring-1,1,LW,Spring Boil
Mar-Charles-1,29.2285,-81.9079,Mar-Charles,Marion,Charles,1,LW,Lake
Mar-Charles-2,29.2295,-81.9072,Mar-Charles,Marion,Charles,2,LW,Lake
Mar-Charles-3,29.2303,-81.9055,Mar-Charles,Marion,Charles,3,LW,Lake
Mar-Deerback-1,29.4881,-81.9698,Mar-Deerback,Marion,Deerback,1,LW,Lake
Mar-Deerback-2,29.4868,-81.9693,Mar-Deerback,Marion,Deerback,2,LW,Lake
Mar-Deerback-3,29.4854,-81.9688,Mar-Deerback,Marion,Deerback,3,LW,Lake
Mar-DeLancy-1,29.4235,-81.768,Mar-DeLancy,Marion,DeLancy,1,LW,Lake
Mar-DeLancy-2,29.4271,-81.7669,Mar-DeLancy,Marion,DeLancy,2,LW,Lake
Mar-DeLancy-3,29.4246,-81.7647,Mar-DeLancy,Marion,DeLancy,3,LW,Lake
Mar-Doe-1,29.0367,-81.8238,Mar-Doe,Marion,Doe,1,LW,Lake
Mar-Doe-2,29.0378,-81.8224,Mar-Doe,Marion,Doe,2,LW,Lake
Mar-Doe-3,29.0388,-81.8213,Mar-Doe,Marion,Doe,3,LW,Lake
Mar-Eaton-1,29.2581,-81.8676,Mar-Eaton,Marion,Eaton,1,LW,Lake
Mar-Eaton-2,29.2576,-81.8681,Mar-Eaton,Marion,Eaton,2,LW,Lake
Mar-Eaton-3,29.258,-81.8688,Mar-Eaton,Marion,Eaton,3,LW,Lake
Mar-Eaton-4,29.2564,-81.8676,Mar-Eaton,Marion,Eaton,4,LW,Lake
Mar-Echo-1,29.1037,-81.6497,Mar-Echo,Marion,Echo,1,LW,Lake
Mar-Echo-2,29.104,-81.65,Mar-Echo,Marion,Echo,2,LW,Lake
Mar-Echo-3,29.1042,-81.6503,Mar-Echo,Marion,Echo,3,LW,Lake
Mar-Fore-1,29.273,-81.9166,Mar-Fore,Marion,Fore,1,LW,Lake
Mar-Fore-2,29.2722,-81.9159,Mar-Fore,Marion,Fore,2,LW,Lake
Mar-Fore-3,29.2714,-81.9153,Mar-Fore,Marion,Fore,3,LW,Lake
Mar-Halfmoon-1,29.154,-81.8296,Mar-Halfmoon,Marion,Halfmoon,1,LW,Lake
Mar-Halfmoon-2,29.1531,-81.8302,Mar-Halfmoon,Marion,Halfmoon,2,LW,Lake
Mar-Halfmoon-3,29.1539,-81.8322,Mar-Halfmoon,Marion,Halfmoon,3,LW,Lake
Mar-HopkinsP-1,29.2797,-81.7157,Mar-HopkinsP,Marion,Hopkins Prairie,1,LW,Lake
Mar-HopkinsP-2,29.2753,-81.7076,Mar-HopkinsP,Marion,Hopkins Prairie,2,LW,Lake
Mar-HopkinsP-3,29.2729,-81.6969,Mar-HopkinsP,Marion,Hopkins Prairie,3,LW,Lake
Mar-Horseshoe-1,29.4888,-81.9817,Mar-Horseshoe,Marion,Horseshoe,1,LW,Lake
Mar-Horseshoe-2,29.4901,-81.9795,Mar-Horseshoe,Marion,Horseshoe,2,LW,Lake
Mar-Horseshoe-3,29.4918,-81.9787,Mar-Horseshoe,Marion,Horseshoe,3,LW,Lake
Mar-Island-1,29.4808,-81.9791,Mar-Island,Marion,Island,1,LW,Lake
Mar-Island-2,29.476,-81.9764,Mar-Island,Marion,Island,2,LW,Lake
Mar-Island-3,29.4809,-81.9752,Mar-Island,Marion,Island,3,LW,Lake
Mar-Joes-1,29.2801,-81.9107,Mar-Joes,Marion,Joes,1,LW,Lake
Mar-Joes-2,29.2801,-81.9094,Mar-Joes,Marion,Joes,2,LW,Lake
Mar-Joes-3,29.2801,-81.9081,Mar-Joes,Marion,Joes,3,LW,Lake
Mar-JuniperS-1,29.1845,-81.7117,Mar-JuniperS,Marion,Juniper Springs-1,1,LW,River/Stream
Mar-JuniperS-2,29.206,-81.6848,Mar-JuniperS,Marion,Juniper Springs-2,1,LW,River/Stream
Mar-JuniperS-3,29.2135,-81.6547,Mar-JuniperS,Marion,Juniper Springs-3,1,LW,River/Stream
Mar-Kerr-1,29.3459,-81.7758,Mar-Kerr,Marion,Kerr,1,LW,Lake
Mar-Kerr-2,29.3533,-81.7882,Mar-Kerr,Marion,Kerr,2,LW,Lake
Mar-Kerr-3,29.353,-81.8003,Mar-Kerr,Marion,Kerr,3,LW,Lake
Mar-King-1,29.2105,-81.9139,Mar-King,Marion,King,1,LW,Lake
Mar-King-2,29.2109,-81.9129,Mar-King,Marion,King,2,LW,Lake
Mar-King-3,29.2114,-81.9118,Mar-King,Marion,King,3,LW,Lake
Mar-Lillian-1,29.0622,-82.0527,Mar-Lillian,Marion,Lillian,1,LW,Lake
Mar-Lillian-2,29.062,-82.0529,Mar-Lillian,Marion,Lillian,2,LW,Lake
Mar-Lillian-3,29.0622,-82.0531,Mar-Lillian,Marion,Lillian,3,LW,Lake
Mar-LittleKe-1,29.339,-81.7414,Mar-LittleKe,Marion,Little Kerr,1,LW,Lake
Mar-LittleKe-2,29.3618,-81.7448,Mar-LittleKe,Marion,Little Kerr,2,LW,Lake
Mar-LittleKe-3,29.367,-81.7504,Mar-LittleKe,Marion,Little Kerr,3,LW,Lake
Mar-LittleWe-1,29.0165,-81.9758,Mar-LittleWe,Marion,Little Weir,1,LW,Lake
Mar-LittleWe-2,29.017,-81.9819,Mar-LittleWe,Marion,Little Weir,2,LW,Lake
Mar-LittleWe-3,29.0203,-81.9759,Mar-LittleWe,Marion,Little Weir,3,LW,Lake
Mar-Lou-1,29.2336,-81.8509,Mar-Lou,Marion,Lou,1,LW,Lake
Mar-Lou-2,29.2326,-81.8541,Mar-Lou,Marion,Lou,2,LW,Lake
Mar-Lou-3,29.2332,-81.8571,Mar-Lou,Marion,Lou,3,LW,Lake
Mar-Mary-1,29.0783,-81.8272,Mar-Mary,Marion,Mary,1,LW,Lake
Mar-Mary-2,29.0762,-81.8293,Mar-Mary,Marion,Mary,2,LW,Lake
Mar-Mary-3,29.0743,-81.8312,Mar-Mary,Marion,Mary,3,LW,Lake
Mar-MilesKal-1,29.4783,-81.9822,Mar-MilesKal,Marion,Miles Kale,1,LW,Lake
Mar-MilesKal-2,29.4776,-81.983,Mar-MilesKal,Marion,Miles Kale,2,LW,Lake
Mar-MilesKal-3,29.4771,-81.9835,Mar-MilesKal,Marion,Miles Kale,3,LW,Lake
Mar-MillDam-1,29.1791,-81.8356,Mar-MillDam,Marion,Mill Dam,1,LW,Lake
Mar-MillDam-2,29.1801,-81.838,Mar-MillDam,Marion,Mill Dam,2,LW,Lake
Mar-MillDam-3,29.1804,-81.8396,Mar-MillDam,Marion,Mill Dam,3,LW,Lake
Mar-Mill Pond-1,29.0039,-82.0961,Mar-Mill Pond,Marion,Mill Pond,1,LW,Lake
Mar-Mill Pond-2,29.0046,-82.0955,Mar-Mill Pond,Marion,Mill Pond,2,LW,Lake
Mar-Mill Pond-3,29.0053,-82.0947,Mar-Mill Pond,Marion,Mill Pond,3,LW,Lake
Mar-North-1,29.1629,-81.8709,Mar-North,Marion,North,1,LW,Lake
Mar-North-2,29.1668,-81.8769,Mar-North,Marion,North,2,LW,Lake
Mar-North-3,29.1631,-81.8788,Mar-North,Marion,North,3,LW,Lake
Mar-Ock-River-1,29.201,-81.9952,Mar-Ock-River,Marion,Ocklawaha River-1,1,LW,River/Stream
Mar-Ock-Riv-Gor,29.2889,-81.9264,Mar-Ock-Riv-Gor,Marion,Ocklawaha River-Gores,1,LW,River/Stream
Mar-Ock-Riv-MBS,29.0789,-81.8814,Mar-Ock-Riv-MBS,Marion,Ocklawaha River-MBS,1,LW,River/Stream
Mar-Owens-1,29.1788,-81.8781,Mar-Owens,Marion,Owens,1,LW,Lake
Mar-Owens-2,29.1813,-81.8779,Mar-Owens,Marion,Owens,2,LW,Lake
Mar-Owens-3,29.1827,-81.8764,Mar-Owens,Marion,Owens,3,LW,Lake
Mar-Pegram-1,29.471,-81.9884,Mar-Pegram,Marion,Pegram,1,LW,Lake
Mar-Pegram-2,29.4701,-81.9858,Mar-Pegram,Marion,Pegram,2,LW,Lake
Mar-Pegram-3,29.4723,-81.9842,Mar-Pegram,Marion,Pegram,3,LW,Lake
Mar-Pendarvis-1,29.0724,-81.8848,Mar-Pendarvis,Marion,Pendarvis,1,LW,Lake
Mar-Pendarvis-2,29.0708,-81.8847,Mar-Pendarvis,Marion,Pendarvis,2,LW,Lake
Mar-Pendarvis-3,29.0694,-81.8846,Mar-Pendarvis,Marion,Pendarvis,3,LW,Lake
Mar-Ra-River-1,29.103,-82.437,Mar-Ra-River,Marion,Rainbow River-1,1,LW,River/Stream
Mar-Ra-River-2,29.0873,-82.4288,Mar-Ra-River,Marion,Rainbow River-2,1,LW,River/Stream
Mar-Ra-River-2A,29.0773,-82.4274,Mar-Ra-River-2A,Marion,Rainbow River-2A,1,LW,River/Stream
Mar-Ra-River-3,29.05,-82.4478,Mar-Ra-River,Marion,Rainbow River-3,1,LW,River/Stream
Mar-Shoesole-1,29.1259,-81.9118,Mar-Shoesole,Marion,Shoesole,1,LW,Lake
Mar-Shoesole-2,29.1257,-81.9105,Mar-Shoesole,Marion,Shoesole,2,LW,Lake
Mar-Shoesole-3,29.1254,-81.9086,Mar-Shoesole,Marion,Shoesole,3,LW,Lake
Mar-SiverGlen-1,29.2452,-81.6435,Mar-SiverGlen,Marion,Silver Glen,1,LW,Spring Run
Mar-SiverGlen-2,29.2445,-81.6431,Mar-SiverGlen,Marion,Silver Glen,2,LW,Spring Run
Mar-SiverGlen-3,29.2456,-81.6403,Mar-SiverGlen,Marion,Silver Glen,3,LW,Spring Run
Mar-Si-River-1,29.2162,-82.053,Mar-Si-River,Marion,Silver River-1,1,LW,River/Stream
Mar-Si-River-2,29.2147,-82.0515,Mar-Si-River,Marion,Silver River-2,1,LW,River/Stream
Mar-Si-River-3,29.2137,-82.0375,Mar-Si-River,Marion,Silver River-3,1,LW,River/Stream
Mar-Si-River-4,29.2089,-82.0342,Mar-Si-River,Marion,Silver River-4,1,LW,River/Stream
Mar-Si-River-5,29.2123,-81.9882,Mar-Si-River,Marion,Silver River-5,1,LW,River/Stream
Mar-Si-River-6,29.2033,-82.0167,Mar-Si-River,Marion,Silver River-6,1,LW,River/Stream
Mar-Si-River-7,29.2106,-81.9914,Mar-Si-River,Marion,Silver River-7,1,LW,River/Stream
Mar-Smith-1,29.0601,-81.9925,Mar-Smith,Marion,Smith,1,LW,Lake
Mar-Smith-2,29.0639,-81.989,Mar-Smith,Marion,Smith,2,LW,Lake
Mar-Smith-3,29.0647,-81.9919,Mar-Smith,Marion,Smith,3,LW,Lake
Mar-SunsetHa-1,28.998,-81.9598,Mar-SunsetHa,Marion,Sunset Harbor,1,LW,Lake
Mar-SunsetHa-2,28.9938,-81.9698,Mar-SunsetHa,Marion,Sunset Harbor,2,LW,Lake
Mar-SunsetHa-3,28.9966,-81.9758,Mar-SunsetHa,Marion,Sunset Harbor,3,LW,Lake
Mar-TabaccoSpring-1,29.4285,-81.9239,Mar-TabaccoSpring,Marion,Tabacco Patch Spring-1,1,LW,Spring Boil
Mar-Tiger-1,29.1313,-82.5149,Mar-Tiger,Marion,Tiger,1,LW,Lake
Mar-Tiger-2,29.1318,-82.5191,Mar-Tiger,Marion,Tiger,2,LW,Lake
Mar-Tiger-3,29.1301,-82.5179,Mar-Tiger,Marion,Tiger,3,LW,Lake
Mar-Tomahawk-1,29.1336,-81.9076,Mar-Tomahawk,Marion,Tomahawk,1,LW,Lake
Mar-Tomahawk-2,29.1336,-81.9058,Mar-Tomahawk,Marion,Tomahawk,2,LW,Lake
Mar-Tomahawk-3,29.1336,-81.904,Mar-Tomahawk,Marion,Tomahawk,3,LW,Lake
Mar-Weir-1,29.0288,-81.9266,Mar-Weir,Marion,Weir,1,LW,Lake
Mar-Weir-2,29.0209,-81.9364,Mar-Weir,Marion,Weir,2,LW,Lake
Mar-Weir-3,29.0125,-81.9439,Mar-Weir,Marion,Weir,3,LW,Lake
Mar-e River-1-1,29.0511,-82.4763,Mar-e River-1,Marion,Withlacoochee River-1,1,LW,River/Stream
Mar-e River-2-1,29.0525,-82.4786,Mar-e River-2,Marion,Withlacoochee River-2,1,LW,River/Stream
Mar-e River-3-1,29.0518,-82.4831,Mar-e River-3,Marion,Withlacoochee River-3,1,LW,River/Stream
Mar-Wi-unnellon,29.0465,-82.4648,Mar-Wi-unnellon,Marion,Withlacoochee River-Dunnellon,1,LW,River/Stream
Mrt-Lamay-1,27.1386,-80.2257,Mrt-Lamay,Martin,Lamay,1,LW,Lake
Mrt-Lamay-2,27.1373,-80.2252,Mrt-Lamay,Martin,Lamay,2,LW,Lake
Mrt-Lamay-3,27.1359,-80.2246,Mrt-Lamay,Martin,Lamay,3,LW,Lake
Mia-AquaBowl-1,25.9189,-80.1639,Mia-AquaBowl,Miami-Dade,Aqua Bowl,1,LW,Lake
Mia-AquaBowl-2,25.9194,-80.1618,Mia-AquaBowl,Miami-Dade,Aqua Bowl,2,LW,Lake
Mia-AquaBowl-3,25.92,-80.1611,Mia-AquaBowl,Miami-Dade,Aqua Bowl,3,LW,Lake
Mia-ArchCree-1,25.9013,-80.1628,Mia-ArchCree,Miami-Dade,Arch Creek,1,LW,Lake
Mia-ArchCree-2,25.901,-80.163,Mia-ArchCree,Miami-Dade,Arch Creek,2,LW,Lake
Mia-ArchCree-3,25.9008,-80.1629,Mia-ArchCree,Miami-Dade,Arch Creek,3,LW,Lake
Mia-Bi-errine-1,25.5917,-80.3,Mia-Bi-errine,Miami-Dade,Biscayne Perrine-1,1,LW,Estuary
Mia-Bi-errine-2,25.6,-80.3,Mia-Bi-errine,Miami-Dade,Biscayne Perrine-2,1,LW,Estuary
Mia-Bi-errine-3,25.6083,-80.3,Mia-Bi-errine,Miami-Dade,Biscayne Perrine-3,1,LW,Estuary
Mia-Bi-scayne-1,25.6248,-80.283,Mia-Bi-scayne,Miami-Dade,Biscayne-1,1,LW,Estuary
Mia-Bi-scayne-2,25.6159,-80.2906,Mia-Bi-scayne,Miami-Dade,Biscayne-2,1,LW,Estuary
Mia-Bi-scayne-3,25.6132,-80.2968,Mia-Bi-scayne,Miami-Dade,Biscayne-3,1,LW,Estuary
Mia-Bonita1-1,25.6366,-80.394,Mia-Bonita1,Miami-Dade,Bonita 1,1,LW,Lake
Mia-Bonita1-2,25.6367,-80.3924,Mia-Bonita1,Miami-Dade,Bonita 1,2,LW,Lake
Mia-Bonita1-3,25.6368,-80.3908,Mia-Bonita1,Miami-Dade,Bonita 1,3,LW,Lake
Dad-Chara-1,25.6373,-80.34,Dad-Chara,Miami-Dade,Chara,1,LW,Lake
Dad-Chara-2,25.6376,-80.3408,Dad-Chara,Miami-Dade,Chara,2,LW,Lake
Dad-Chara-3,25.6384,-80.3412,Dad-Chara,Miami-Dade,Chara,3,LW,Lake
Mia-Colonial-1,25.6187,-80.3709,Mia-Colonial,Miami-Dade,Colonial,1,LW,Lake
Mia-Colonial-2,25.6166,-80.3708,Mia-Colonial,Miami-Dade,Colonial,2,LW,Lake
Mia-Colonial-3,25.6165,-80.3715,Mia-Colonial,Miami-Dade,Colonial,3,LW,Lake
Mia-Crossings-1,25.6601,-80.4113,Mia-Crossings,Miami-Dade,Crossings,1,LW,Lake
Mia-Crossings-2,25.6607,-80.41,Mia-Crossings,Miami-Dade,Crossings,2,LW,Lake
Mia-Crossings-3,25.6609,-80.4086,Mia-Crossings,Miami-Dade,Crossings,3,LW,Lake
Mia-DevonAir-1,25.6599,-80.3957,Mia-DevonAir,Miami-Dade,Devon Aire,1,LW,Lake
Mia-DevonAir-2,25.6584,-80.3964,Mia-DevonAir,Miami-Dade,Devon Aire,2,LW,Lake
Mia-DevonAir-3,25.657,-80.3956,Mia-DevonAir,Miami-Dade,Devon Aire,3,LW,Lake
Mia-E-1,25.6417,-80.3453,Mia-E,Miami-Dade,E,1,LW,Lake
Mia-E-2,25.6392,-80.3478,Mia-E,Miami-Dade,E,2,LW,Lake
Mia-E-3,25.6377,-80.3481,Mia-E,Miami-Dade,E,3,LW,Lake
Dad-Esplanade-1,25.9446,-80.3281,Dad-Esplanade,Miami-Dade,Esplanade,1,LW,Lake
Dad-Esplanade-2,25.9451,-80.328,Dad-Esplanade,Miami-Dade,Esplanade,2,LW,Lake
Dad-Esplanade-3,25.9451,-80.3281,Dad-Esplanade,Miami-Dade,Esplanade,3,LW,Lake
Mia-Feeder-1,25.7295,-80.3212,Mia-Feeder,Miami-Dade,Feeder,1,LW,Lake
Mia-Feeder-2,25.7287,-80.321,Mia-Feeder,Miami-Dade,Feeder,2,LW,Lake
Mia-Feeder-3,25.7278,-80.3211,Mia-Feeder,Miami-Dade,Feeder,3,LW,Lake
Mia-Fiorentin-1,25.6753,-80.2809,Mia-Fiorentin,Miami-Dade,Fiorentino,1,LW,Lake
Mia-Fiorentin-2,25.692,-80.2803,Mia-Fiorentin,Miami-Dade,Fiorentino,2,LW,Lake
Mia-Fiorentin-3,25.6925,-81.2802,Mia-Fiorentin,Miami-Dade,Fiorentino,3,LW,Lake
Mia-FIUNP-1,25.756,-80.3798,Mia-FIUNP,Miami-Dade,FIU Nature Preserve,1,LW,Lake
Mia-FIUNP-2,25.7559,-80.3797,Mia-FIUNP,Miami-Dade,FIU Nature Preserve,2,LW,Lake
Mia-FIUNP-3,25.7556,-80.3797,Mia-FIUNP,Miami-Dade,FIU Nature Preserve,3,LW,Lake
Mia-Glade-1,25.6761,-80.2722,Mia-Glade,Miami-Dade,Glade,1,LW,Lake
Mia-Glade-2,25.6759,-80.2726,Mia-Glade,Miami-Dade,Glade,2,LW,Lake
Mia-Glade-3,25.6756,-80.2729,Mia-Glade,Miami-Dade,Glade,3,LW,Lake
Mia-GMSC-1,25.7888,-80.3478,Mia-GMSC,Miami-Dade,GMSC,1,LW,Lake
Mia-GMSC-2,25.7932,-80.3508,Mia-GMSC,Miami-Dade,GMSC,2,LW,Lake
Mia-GMSC-3,25.7883,-80.3441,Mia-GMSC,Miami-Dade,GMSC,3,LW,Lake
Mia-Hammock1-1,25.6889,-80.2406,Mia-Hammock1,Miami-Dade,Hammock 1,1,LW,Lake
Mia-Hammock1-2,25.6883,-80.2746,Mia-Hammock1,Miami-Dade,Hammock 1,2,LW,Lake
Mia-Hammock1-3,25.6875,-80.2742,Mia-Hammock1,Miami-Dade,Hammock 1,3,LW,Lake
Mia-Hammock2-1,25.6875,-80.2824,Mia-Hammock2,Miami-Dade,Hammock 2,1,LW,Lake
Mia-Hammock2-2,25.6878,-80.2807,Mia-Hammock2,Miami-Dade,Hammock 2,2,LW,Lake
Mia-Hammock2-3,25.6881,-80.2788,Mia-Hammock2,Miami-Dade,Hammock 2,3,LW,Lake
Mia-Highland-1,25.9719,-80.1594,Mia-Highland,Miami-Dade,Highland,1,LW,Lake
Mia-Highland-2,25.9723,-80.1589,Mia-Highland,Miami-Dade,Highland,2,LW,Lake
Mia-Highland-3,25.9726,-80.1583,Mia-Highland,Miami-Dade,Highland,3,LW,Lake
Mia-Highland-4,25.9696,-80.1557,Mia-Highland,Miami-Dade,Highland,4,LW,Lake
Mia-Highland-5,25.9683,-80.1574,Mia-Highland,Miami-Dade,Highland,5,LW,Lake
Mia-IvesDairy-1,25.9649,-81.193,Mia-IvesDairy,Miami-Dade,Ives Dairy,1,LW,Lake
Mia-IvesDairy-2,25.9615,-80.1942,Mia-IvesDairy,Miami-Dade,Ives Dairy,2,LW,Lake
Mia-IvesDairy-3,25.9612,-80.191,Mia-IvesDairy,Miami-Dade,Ives Dairy,3,LW,Lake
Mia-LagoLuna-1,25.6395,-80.4112,Mia-LagoLuna,Miami-Dade,Lago Luna,1,LW,Lake
Mia-LagoLuna-2,25.6377,-80.4111,Mia-LagoLuna,Miami-Dade,Lago Luna,2,LW,Lake
Mia-LagoLuna-3,25.636,-80.4111,Mia-LagoLuna,Miami-Dade,Lago Luna,3,LW,Lake
Mia-LagoSol-1,25.6405,-80.4013,Mia-LagoSol,Miami-Dade,Lago Sol,1,LW,Lake
Mia-LagoSol-2,25.6381,-80.4011,Mia-LagoSol,Miami-Dade,Lago Sol,2,LW,Lake
Mia-LagoSol-3,25.6357,-80.4011,Mia-LagoSol,Miami-Dade,Lago Sol,3,LW,Lake
Mia-Lakeridge-1,25.7242,-80.3088,Mia-Lakeridge,Miami-Dade,Lakeridge,1,LW,Lake
Mia-Lakeridge-2,25.7229,-80.3088,Mia-Lakeridge,Miami-Dade,Lakeridge,2,LW,Lake
Mia-Lakeridge-3,25.7216,-80.3087,Mia-Lakeridge,Miami-Dade,Lakeridge,3,LW,Lake
Mia-Lindgren-1,25.6624,-80.4018,Mia-Lindgren,Miami-Dade,Lindgren,1,LW,Lake
Mia-Lindgren-2,25.6607,-80.4017,Mia-Lindgren,Miami-Dade,Lindgren,2,LW,Lake
Mia-Lindgren-3,25.6597,-80.4033,Mia-Lindgren,Miami-Dade,Lindgren,3,LW,Lake
Mia-LucyRedl-1,25.441,-80.4918,Mia-LucyRedl,Miami-Dade,Lucy Redland,1,LW,Lake
Mia-LucyRedl-2,25.441,-80.4922,Mia-LucyRedl,Miami-Dade,Lucy Redland,2,LW,Lake
Mia-LucyRedl-3,25.4411,-80.4924,Mia-LucyRedl,Miami-Dade,Lucy Redland,3,LW,Lake
Mia-Mitchell-1,25.904,-80.2265,Mia-Mitchell,Miami-Dade,Mitchell,1,LW,Lake
Mia-Mitchell-2,25.9022,-80.2262,Mia-Mitchell,Miami-Dade,Mitchell,2,LW,Lake
Mia-Mitchell-3,25.9034,-80.2245,Mia-Mitchell,Miami-Dade,Mitchell,3,LW,Lake
Mia-NorthBas-1,25.8344,-80.2991,Mia-NorthBas,Miami-Dade,North Bass,1,LW,Lake
Mia-NorthBas-2,25.8343,-80.3001,Mia-NorthBas,Miami-Dade,North Bass,2,LW,Lake
Mia-NorthBas-3,25.8344,-80.3008,Mia-NorthBas,Miami-Dade,North Bass,3,LW,Lake
Mia-Oakland-1,25.6594,-80.3736,Mia-Oakland,Miami-Dade,Oakland,1,LW,Lake
Mia-Oakland-2,25.6594,-80.3729,Mia-Oakland,Miami-Dade,Oakland,2,LW,Lake
Mia-Oakland-3,25.6595,-80.3722,Mia-Oakland,Miami-Dade,Oakland,3,LW,Lake
Mia-Pandanas-1,25.6789,-80.2721,Mia-Pandanas,Miami-Dade,Pandanas,1,LW,Lake
Mia-Pandanas-2,25.6794,-80.2719,Mia-Pandanas,Miami-Dade,Pandanas,2,LW,Lake
Mia-Pandanas-3,25.6799,-80.2716,Mia-Pandanas,Miami-Dade,Pandanas,3,LW,Lake
Mia-Pavillion-1,25.7234,-80.3222,Mia-Pavillion,Miami-Dade,Pavillion 12,1,LW,Lake
Mia-Pavillion-2,25.7232,-80.321,Mia-Pavillion,Miami-Dade,Pavillion 12,2,LW,Lake
Mia-Pavillion-3,25.7231,-80.3202,Mia-Pavillion,Miami-Dade,Pavillion 12,3,LW,Lake
Mia-Persch-1,25.8182,-80.2889,Mia-Persch,Miami-Dade,Persch,1,LW,Lake
Mia-Persch-2,25.8184,-80.3,Mia-Persch,Miami-Dade,Persch,2,LW,Lake
Mia-Persch-3,25.8183,-80.284,Mia-Persch,Miami-Dade,Persch,3,LW,Lake
Mia-Pineland-1,25.6768,-80.3782,Mia-Pineland,Miami-Dade,Pineland,1,LW,Lake
Mia-Pineland-2,25.6773,-80.3782,Mia-Pineland,Miami-Dade,Pineland,2,LW,Lake
Mia-Pineland-3,25.6775,-80.3782,Mia-Pineland,Miami-Dade,Pineland,3,LW,Lake
Mia-Ri-South-1,25.7466,-80.2019,Mia-Ri-South,Miami-Dade,Rickenbacker Causeway South-1,1,LW,Estuary
Mia-Ri-South-2,25.745,-80.1994,Mia-Ri-South,Miami-Dade,Rickenbacker Causeway South-2,1,LW,Estuary
Mia-Ri-South-3,25.7448,-80.1954,Mia-Ri-South,Miami-Dade,Rickenbacker Causeway South-3,1,LW,Estuary
Dad-Royal-1,25.6626,-80.2784,Dad-Royal,Miami-Dade,Royal,1,LW,Lake
Dad-Royal-2,25.663,-80.2783,Dad-Royal,Miami-Dade,Royal,2,LW,Lake
Dad-Royal-3,25.6634,-80.2782,Dad-Royal,Miami-Dade,Royal,3,LW,Lake
Mia-Saga-1,25.5809,-80.3201,Mia-Saga,Miami-Dade,Saga,1,LW,Lake
Mia-Saga-2,25.5782,-80.3216,Mia-Saga,Miami-Dade,Saga,2,LW,Lake
Mia-Saga-3,25.5791,-80.3249,Mia-Saga,Miami-Dade,Saga,3,LW,Lake
Mia-Saga-4,25.5811,-80.3243,Mia-Saga,Miami-Dade,Saga,4,LW,Lake
Mia-Singapore-1,25.9521,-80.3204,Mia-Singapore,Miami-Dade,Singapore,1,LW,Lake
Mia-Singapore-2,25.9511,-80.3204,Mia-Singapore,Miami-Dade,Singapore,2,LW,Lake
Mia-Singapore-3,25.9502,-80.3204,Mia-Singapore,Miami-Dade,Singapore,3,LW,Lake
Mia-Sky-1,25.9533,-80.1588,Mia-Sky,Miami-Dade,Sky,1,LW,Lake
Mia-Sky-2,25.954,-80.1598,Mia-Sky,Miami-Dade,Sky,2,LW,Lake
Mia-Sky-3,25.9554,-80.1601,Mia-Sky,Miami-Dade,Sky,3,LW,Lake
Mia-SnapperC-1,25.6887,-80.3436,Mia-SnapperC,Miami-Dade,Snapper Creek Park,1,LW,Lake
Mia-SnapperC-2,25.6894,-80.3436,Mia-SnapperC,Miami-Dade,Snapper Creek Park,2,LW,Lake
Mia-SnapperC-3,25.6899,-80.3436,Mia-SnapperC,Miami-Dade,Snapper Creek Park,3,LW,Lake
Mia-SnookPon-1,25.7589,-80.196,Mia-SnookPon,Miami-Dade,Snook Pond,1,LW,Lake
Mia-SnookPon-2,25.7589,-80.196,Mia-SnookPon,Miami-Dade,Snook Pond,2,LW,Lake
Mia-SnookPon-3,25.7588,-80.196,Mia-SnookPon,Miami-Dade,Snook Pond,3,LW,Lake
Mia-Sunrise-1,25.7236,-80.2994,Mia-Sunrise,Miami-Dade,Sunrise,1,LW,Lake
Mia-Sunrise-2,25.7231,-80.2994,Mia-Sunrise,Miami-Dade,Sunrise,2,LW,Lake
Mia-Sunrise-3,25.7228,-80.2997,Mia-Sunrise,Miami-Dade,Sunrise,3,LW,Lake
Mia-WhisperP-1,25.5866,-80.3389,Mia-WhisperP,Miami-Dade,Whispering Pines,1,LW,Lake
Mia-WhisperP-2,25.5868,-80.3372,Mia-WhisperP,Miami-Dade,Whispering Pines,2,LW,Lake
Mia-WhisperP-3,25.5871,-80.3358,Mia-WhisperP,Miami-Dade,Whispering Pines,3,LW,Lake
Mon-Bl-Canal-1,25.1653,-80.3839,Mon-Bl-Canal,Monroe,Blackwater Canal-1,1,LW,Estuary
Mon-Bl-Canal-2,25.1663,-80.3823,Mon-Bl-Canal,Monroe,Blackwater Canal-2,1,LW,Estuary
Mon-Bl-Canal-3,25.1663,-80.3841,Mon-Bl-Canal,Monroe,Blackwater Canal-3,1,LW,Estuary
Mon-Bl-Sound-1,25.1603,-80.3983,Mon-Bl-Sound,Monroe,Blackwater Sound-1,1,LW,Estuary
Mon-Bl-Sound-2,25.1651,-80.4127,Mon-Bl-Sound,Monroe,Blackwater Sound-2,1,LW,Estuary
Mon-Bl-Sound-3,25.1723,-80.4289,Mon-Bl-Sound,Monroe,Blackwater Sound-3,1,LW,Estuary
Mon-CuR-C21,24.6688,-81.5204,Mon-CuR-C21,Monroe,Cudjoe Regional-C21,1,LW,Estuary
Mon-CuR-C22,24.6779,-81.5221,Mon-CuR-C22,Monroe,Cudjoe Regional-C22,1,LW,Estuary
Mon-CuR-C24,24.6755,-81.5159,Mon-CuR-C24,Monroe,Cudjoe Regional-C24,1,LW,Estuary
Mon-CuR-C25,24.6729,-81.5004,Mon-CuR-C25,Monroe,Cudjoe Regional-C25,1,LW,Estuary
Mon-CuR-C26,24.6907,-81.4894,Mon-CuR-C26,Monroe,Cudjoe Regional-C26,1,LW,Estuary
Mon-CuR-CK1,24.6801,-81.4968,Mon-CuR-CK1,Monroe,Cudjoe Regional-CK1,1,LW,Estuary
Mon-CuR-CK14,24.6635,-81.4706,Mon-CuR-CK14,Monroe,Cudjoe Regional-CK14,1,LW,Estuary
Mon-CuR-CK2,24.6793,-81.5077,Mon-CuR-CK2,Monroe,Cudjoe Regional-CK2,1,LW,Estuary
Mon-CuR-CK3,24.6779,-81.512,Mon-CuR-CK3,Monroe,Cudjoe Regional-CK3,1,LW,Estuary
Mon-CuR-CK8,24.6616,-81.4927,Mon-CuR-CK8,Monroe,Cudjoe Regional-CK8,1,LW,Estuary
Mon-Cu-Cudjoe-1,24.6822,-81.5376,Mon-Cu-Cudjoe,Monroe,Cudjoe-1,1,LW,Estuary
Mon-Cu-Cudjo-10,24.6581,-81.5053,Mon-Cu-Cudjo,Monroe,Cudjoe-10,1,LW,Estuary
Mon-Cu-Cudjo-11,24.6637,-81.5031,Mon-Cu-Cudjo,Monroe,Cudjoe-11,1,LW,Estuary
Mon-Cu-Cudjo-12,24.6552,-81.5055,Mon-Cu-Cudjo,Monroe,Cudjoe-12,1,LW,Estuary
Mon-Cu-Cudjo-13,24.6621,-81.5053,Mon-Cu-Cudjo,Monroe,Cudjoe-13,1,LW,Estuary
Mon-Cu-Cudjoe-2,24.6477,-81.509,Mon-Cu-Cudjoe,Monroe,Cudjoe-2,1,LW,Estuary
Mon-Cu-Cudjoe-3,24.6634,-81.5149,Mon-Cu-Cudjoe,Monroe,Cudjoe-3,1,LW,Estuary
Mon-Cu-Cudjoe-4,24.66,-81.51,Mon-Cu-Cudjoe,Monroe,Cudjoe-4,1,LW,Estuary
Mon-Cu-Cudjoe-5,24.6597,-81.5067,Mon-Cu-Cudjoe,Monroe,Cudjoe-5,1,LW,Estuary
Mon-Cu-Cudjoe-6,24.6636,-81.5067,Mon-Cu-Cudjoe,Monroe,Cudjoe-6,1,LW,Estuary
Mon-Cu-Cudjoe-7,24.656,-81.5059,Mon-Cu-Cudjoe,Monroe,Cudjoe-7,1,LW,Estuary
Mon-Cu-Cudjoe-8,24.6597,-81.5075,Mon-Cu-Cudjoe,Monroe,Cudjoe-8,1,LW,Estuary
Mon-Cu-Cudjoe-9,24.6643,-81.5043,Mon-Cu-Cudjoe,Monroe,Cudjoe-9,1,LW,Estuary
Mon-Desbiens-1,24.5746,-81.7483,Mon-Desbiens,Monroe,Desbiens,1,LW,Lake
Mon-Desbiens-2,24.5746,-81.7483,Mon-Desbiens,Monroe,Desbiens,2,LW,Lake
Mon-Desbiens-3,24.5746,-81.7483,Mon-Desbiens,Monroe,Desbiens,3,LW,Lake
Mon-Do-Dove-1,25.0282,-80.4991,Mon-Do-Dove,Monroe,Dove-1,1,LW,Estuary
Mon-Do-Dove-2,25.0282,-80.5004,Mon-Do-Dove,Monroe,Dove-2,1,LW,Estuary
Mon-Do-Dove-3,25.0281,-80.5027,Mon-Do-Dove,Monroe,Dove-3,1,LW,Estuary
Mon-Ha-Canal-1,25.0243,-80.4973,Mon-Ha-Canal,Monroe,Harry Harris Park Canal-1,1,LW,Estuary
Mon-Ha-Canal-2,25.0241,-80.4963,Mon-Ha-Canal,Monroe,Harry Harris Park Canal-2,1,LW,Estuary
Mon-Ha-Canal-3,25.0227,-80.4961,Mon-Ha-Canal,Monroe,Harry Harris Park Canal-3,1,LW,Estuary
Mon-KeyW-Pd-1,24.5495,-81.784,Mon-KeyW-Pd,Monroe,Key West Pond,1,LW,Lake
Mon-KeyW-Pd-2,24.5495,-81.7837,Mon-KeyW-Pd,Monroe,Key West Pond,2,LW,Lake
Mon-Marathon-1,24.7172,-81.0975,Mon-Marathon,Monroe,Marathon-1,1,LW,Estuary
Mon-Marathon-2,24.7224,-81.0997,Mon-Marathon,Monroe,Marathon-2,1,LW,Estuary
Mon-Marathon-3,24.7333,-81.1016,Mon-Marathon,Monroe,Marathon-3,1,LW,Estuary
Mon-Northside-1,24.5732,-81.7489,Mon-Northside,Monroe,Northside,1,LW,Lake
Mon-Northside-2,24.5734,-81.7487,Mon-Northside,Monroe,Northside,2,LW,Lake
Mon-Oc-Shore-1,25.0134,-80.5115,Mon-Oc-Shore,Monroe,Ocean Shore-1,1,LW,Estuary
Mon-Oc-Shore-2,24.9767,-80.5163,Mon-Oc-Shore,Monroe,Ocean Shore-2,1,LW,Estuary
Mon-Oc-Shore-3,24.9609,-80.5395,Mon-Oc-Shore,Monroe,Ocean Shore-3,1,LW,Estuary
Mon-Pi-hannel-1,24.6754,-81.373,Mon-Pi-hannel,Monroe,Pine Channel-1,1,LW,Estuary
Mon-Pi-hannel-2,24.6762,-81.3893,Mon-Pi-hannel,Monroe,Pine Channel-2,1,LW,Estuary
Mon-Pi-hannel-3,24.6722,-81.3841,Mon-Pi-hannel,Monroe,Pine Channel-3,1,LW,Estuary
Mon-Pi-hannel-4,24.6652,-81.3835,Mon-Pi-hannel,Monroe,Pine Channel-4,1,LW,Estuary
Mon-Ra-odKey-1,24.6595,-81.4067,Mon-Ra-odKey,Monroe,Ramrod Key-1,1,LW,Estuary
Mon-Ra-odKey-10,24.6577,-81.4042,Mon-Ra-odKey,Monroe,Ramrod Key-10,1,LW,Estuary
Mon-Ra-odKey-11,24.6575,-81.4048,Mon-Ra-odKey,Monroe,Ramrod Key-11,1,LW,Estuary
Mon-Ra-odKey-2,24.6622,-81.406,Mon-Ra-odKey,Monroe,Ramrod Key-2,1,LW,Estuary
Mon-Ra-odKey-3,24.6482,-81.4077,Mon-Ra-odKey,Monroe,Ramrod Key-3,1,LW,Estuary
Mon-Ra-odKey-4,24.6568,-81.4013,Mon-Ra-odKey,Monroe,Ramrod Key-4,1,LW,Estuary
Mon-Ra-odKey-5,24.6495,-81.4008,Mon-Ra-odKey,Monroe,Ramrod Key-5,1,LW,Estuary
Mon-Ra-odKey-6,24.63,-81.3943,Mon-Ra-odKey,Monroe,Ramrod Key-6,1,LW,Estuary
Mon-Ramrod Ke-1,24.6613,-81.4053,Mon-Ramrod Ke,Monroe,Ramrod Key-7,1,LW,Estuary
Mon-Ra-odKey-8,24.6198,-81.4072,Mon-Ra-odKey,Monroe,Ramrod Key-8,1,LW,Estuary
Mon-Ra-odKey-9,24.6133,-81.3948,Mon-Ra-odKey,Monroe,Ramrod Key-9,1,LW,Estuary
Mon-StockIs-1,24.5662,-81.7316,Mon-StockIs,Monroe,Stock Island-1,1,LW,Estuary
Mon-StockIs-2,24.5676,-81.7355,Mon-StockIs,Monroe,Stock Island-2,1,LW,Estuary
Mon-StockIs-3,24.5653,-81.7351,Mon-StockIs,Monroe,Stock Island-3,1,LW,Estuary
Mon-StockIs-4,24.5615,-81.7352,Mon-StockIs,Monroe,Stock Island-4,1,LW,Estuary
Mon-Su-loafA-1,24.646,-81.5635,Mon-Su-loafA,Monroe,Sugarloaf A-1,1,LW,Estuary
Mon-Su-loafA-2,24.646,-81.5635,Mon-Su-loafA,Monroe,Sugarloaf A-2,1,LW,Estuary
Mon-Su-loafA-3,24.6458,-81.5651,Mon-Su-loafA,Monroe,Sugarloaf A-3,1,LW,Estuary
Mon-Su-loafB-1,24.6319,-81.5477,Mon-Su-loafB,Monroe,Sugarloaf B-1,1,LW,Estuary
Mon-Su-loafB-2,24.6323,-81.5482,Mon-Su-loafB,Monroe,Sugarloaf B-2,1,LW,Estuary
Mon-Su-loafB-3,24.6336,-81.5467,Mon-Su-loafB,Monroe,Sugarloaf B-3,1,LW,Estuary
Mon-Su-loafC-1,24.6302,-81.5491,Mon-Su-loafC,Monroe,Sugarloaf C-1,1,LW,Estuary
Mon-Su-loafC-2,24.6295,-81.5499,Mon-Su-loafC,Monroe,Sugarloaf C-2,1,LW,Estuary
Mon-Su-loafC-3,24.6289,-81.5507,Mon-Su-loafC,Monroe,Sugarloaf C-3,1,LW,Estuary
Mon-Su-loafD-1,24.6433,-81.5619,Mon-Su-loafD,Monroe,Sugarloaf D-1,1,LW,Estuary
Mon-Su-loafD-2,24.6429,-81.5624,Mon-Su-loafD,Monroe,Sugarloaf D-2,1,LW,Estuary
Mon-Su-loafD-3,24.6418,-81.5638,Mon-Su-loafD,Monroe,Sugarloaf D-3,1,LW,Estuary
Mon-Su-loafE-1,24.6426,-81.5681,Mon-Su-loafE,Monroe,Sugarloaf E-1,1,LW,Estuary
Mon-Su-loafE-2,24.6422,-81.5678,Mon-Su-loafE,Monroe,Sugarloaf E-2,1,LW,Estuary
Mon-Su-loafE-3,24.6418,-81.5675,Mon-Su-loafE,Monroe,Sugarloaf E-3,1,LW,Estuary
Mon-Su-loafF-1,24.637,-81.5653,Mon-Su-loafF,Monroe,Sugarloaf F-1,1,LW,Estuary
Mon-Su-loafF-2,24.6371,-81.5644,Mon-Su-loafF,Monroe,Sugarloaf F-2,1,LW,Estuary
Mon-Su-loafF-3,24.6371,-81.5636,Mon-Su-loafF,Monroe,Sugarloaf F-3,1,LW,Estuary
Mon-Su-loafG-1,24.6769,-81.5859,Mon-Su-loafG,Monroe,Sugarloaf G-1,1,LW,Estuary
Mon-Su-loafG-2,24.6724,-81.5821,Mon-Su-loafG,Monroe,Sugarloaf G-2,1,LW,Estuary
Mon-Su-loafG-3,24.6568,-81.5795,Mon-Su-loafG,Monroe,Sugarloaf G-3,1,LW,Estuary
Mon-Su-loafH-1,24.6562,-81.5685,Mon-Su-loafH,Monroe,Sugarloaf H-1,1,LW,Estuary
Mon-Su-loafH-2,24.6511,-81.5658,Mon-Su-loafH,Monroe,Sugarloaf H-2,1,LW,Estuary
Mon-Su-loafH-3,24.5663,-81.5597,Mon-Su-loafH,Monroe,Sugarloaf H-3,1,LW,Estuary
Mon-Su-loafJ-1,24.6351,-81.5593,Mon-Su-loafJ,Monroe,Sugarloaf J-1,1,LW,Estuary
Mon-Su-loafJ-2,24.6316,-81.5571,Mon-Su-loafJ,Monroe,Sugarloaf J-2,1,LW,Estuary
Mon-Su-loafJ-3,24.6299,-81.5542,Mon-Su-loafJ,Monroe,Sugarloaf J-3,1,LW,Estuary
Mon-Su-loafK-1,24.6458,-81.5509,Mon-Su-loafK,Monroe,Sugarloaf K-1,1,LW,Estuary
Mon-Su-loafK-2,24.6396,-81.545,Mon-Su-loafK,Monroe,Sugarloaf K-2,1,LW,Estuary
Mon-Su-loafK-3,24.6332,-81.5199,Mon-Su-loafK,Monroe,Sugarloaf K-3,1,LW,Estuary
Mon-Su-loafL-1,24.6323,-81.506,Mon-Su-loafL,Monroe,Sugarloaf L-1,1,LW,Estuary
Mon-Su-loafL-2,24.6213,-81.5103,Mon-Su-loafL,Monroe,Sugarloaf L-2,1,LW,Estuary
Mon-Su-loafL-3,24.6092,-81.5113,Mon-Su-loafL,Monroe,Sugarloaf L-3,1,LW,Estuary
Mon-Su-loafM-1,24.6322,-81.5475,Mon-Su-loafM,Monroe,Sugarloaf M-1,1,LW,Estuary
Mon-Su-loafN-1,24.6379,-81.5674,Mon-Su-loafN,Monroe,Sugarloaf N-1,1,LW,Estuary
Mon-Su-loafO-2,24.6431,-81.5611,Mon-Su-loafO,Monroe,Sugarloaf O-2,1,LW,Estuary
Mon-Ta-Basin-1,25.1153,-80.4273,Mon-Ta-Basin,Monroe,Tarpon Basin-1,1,LW,Estuary
Mon-Ta-Basin-2,25.123,-80.4266,Mon-Ta-Basin,Monroe,Tarpon Basin-2,1,LW,Estuary
Mon-Ta-Basin-3,25.1287,-80.4224,Mon-Ta-Basin,Monroe,Tarpon Basin-3,1,LW,Estuary
Mon-Ta-ernier-1,25.0162,-80.4863,Mon-Ta-ernier,Monroe,Tavernier-1,1,LW,Estuary
Mon-ernier-10-1,24.9913,-80.4195,Mon-ernier-10,Monroe,Tavernier-10,1,LW,Estuary
Mon-Ta-ernier-2,25.011,-80.477,Mon-Ta-ernier,Monroe,Tavernier-2,1,LW,Estuary
Mon-Ta-ernier-3,25.0053,-80.467,Mon-Ta-ernier,Monroe,Tavernier-3,1,LW,Estuary
Mon-vernier-4-1,25.0253,-80.457,Mon-vernier-4,Monroe,Tavernier-4,1,LW,Estuary
Mon-vernier-5-1,25.0052,-80.4564,Mon-vernier-5,Monroe,Tavernier-5,1,LW,Estuary
Mon-vernier-6-1,25.0022,-80.4491,Mon-vernier-6,Monroe,Tavernier-6,1,LW,Estuary
Mon-vernier-7-1,24.9995,-80.4417,Mon-vernier-7,Monroe,Tavernier-7,1,LW,Estuary
Mon-vernier-8-1,24.9967,-80.4344,Mon-vernier-8,Monroe,Tavernier-8,1,LW,Estuary
Mon-vernier-9-1,24.9943,-80.4269,Mon-vernier-9,Monroe,Tavernier-9,1,LW,Estuary
Mon-TomsH-1-1,24.7728,-80.9143,Mon-TomsH-1,Monroe,Tom's Harbor-1,1,LW,Estuary
Mon-TomsH-2-1,24.7687,-80.9195,Mon-TomsH-2,Monroe,Tom's Harbor-2,1,LW,Estuary
Mon-TomsH-3-1,25.7669,-80.9122,Mon-TomsH-3,Monroe,Tom's Harbor-3,1,LW,Estuary
Nas-EastNass-2,30.6131,-81.5217,Nas-EastNass,Nassau,East Nassau,2,LW,Lake
Nas-OceanViewPd-1,30.6597,-81.4341,Nas-OceanViewPd,Nassau,Ocean View Pond,1,LW,Stormwater Pond
Oka-CB-Bass-1,30.4566,-86.6181,Oka-CB-Bass,Okaloosa,Bass,1,LW,Lake
Oka-CB-Bass-2,30.4536,-86.6141,Oka-CB-Bass,Okaloosa,Bass,2,LW,Lake
Oka-CB-BoltoC-1,30.5091,-86.447,Oka-CB-BoltoC,Okaloosa,CBA Bolton Canal-1,1,LW,Special
Oka-CB-CTP-1,30.4009,-86.5131,Oka-CB-CTP,Okaloosa,CBA CTP-1,1,LW,Estuary
Oka-CB-CTP-2,30.4003,-86.5133,Oka-CB-CTP,Okaloosa,CBA CTP-2,1,LW,Estuary
Oka-CB-CTP-3,30.4001,-86.5135,Oka-CB-CTP,Okaloosa,CBA CTP-3,1,LW,Estuary
Oka-CB-CTP-4,30.4011,-86.5133,Oka-CB-CTP,Okaloosa,CBA CTP-4,1,LW,Estuary
Oka-CB-CTP-5,30.4005,-86.5138,Oka-CB-CTP,Okaloosa,CBA CTP-5,1,LW,Estuary
Oka-CB-CTP-6,30.4002,-86.5138,Oka-CB-CTP,Okaloosa,CBA CTP-6,1,LW,Estuary
Oka-CB-Destin-1,30.4149,-86.4938,Oka-CB-Destin,Okaloosa,CBA Destin-1,1,LW,Estuary
Oka-CB-estin-11,30.3955,-86.5158,Oka-CB-estin,Okaloosa,CBA Destin-11,1,LW,Estuary
Oka-CB-estin-12,30.416,-86.4248,Oka-CB-estin,Okaloosa,CBA Destin-12,1,LW,Estuary
Oka-CB-estin-13,30.4015,-86.398,Oka-CB-estin,Okaloosa,CBA Destin-13,1,LW,Estuary
Oka- Destin-2-1,30.4031,-86.4542,Oka- Destin-2,Okaloosa,CBA Destin-2,1,LW,Estuary
Oka-CB-Destin-3,30.4004,-86.4486,Oka-CB-Destin,Okaloosa,CBA Destin-3,1,LW,Estuary
Oka-CB-Destin-4,30.4088,-86.4314,Oka-CB-Destin,Okaloosa,CBA Destin-4,1,LW,Estuary
Oka-n Beach-1-1,30.433,-86.6275,Oka-n Beach-1,Okaloosa,CBA Ft. Walton Beach-1,1,LW,Estuary
Oka-CB-Beach-10,30.389,-86.4923,Oka-CB-Beach,Okaloosa,CBA Ft. Walton Beach-10,1,LW,Estuary
Oka-CB-Beach-11,30.4158,-86.5849,Oka-CB-Beach,Okaloosa,CBA Ft. Walton Beach-11,1,LW,Estuary
Oka-CB-Beach-12,30.4023,-86.5947,Oka-CB-Beach,Okaloosa,CBA Ft. Walton Beach-12,1,LW,Estuary
Oka-CB-Beach-13,30.4008,-86.5622,Oka-CB-Beach,Okaloosa,CBA Ft. Walton Beach-13,1,LW,Estuary
Oka-CB-Beach-14,30.4543,-86.53,Oka-CB-Beach,Okaloosa,CBA Ft. Walton Beach-14,1,LW,Estuary
Oka-CB-Beach-15,30.4312,-86.5679,Oka-CB-Beach,Okaloosa,CBA Ft. Walton Beach-15,1,LW,Estuary
Oka-CB-Beach-16,30.4291,-86.6146,Oka-CB-Beach,Okaloosa,CBA Ft. Walton Beach-16,1,LW,Estuary
Oka-CB-Beach-17,30.4252,-86.6092,Oka-CB-Beach,Okaloosa,CBA Ft. Walton Beach-17,1,LW,Estuary
Oka-CB-Beach-18,30.4503,-86.6009,Oka-CB-Beach,Okaloosa,CBA Ft. Walton Beach-18,1,LW,Estuary
Oka-CB-Beach-19,30.4162,-86.5343,Oka-CB-Beach,Okaloosa,CBA Ft. Walton Beach-19,1,LW,Estuary
Oka-CB-Beach-2,30.4271,-86.5989,Oka-CB-Beach,Okaloosa,CBA Ft. Walton Beach-2,1,LW,Estuary
Oka-CB-Beach-3,30.4467,-86.5889,Oka-CB-Beach,Okaloosa,CBA Ft. Walton Beach-3,1,LW,Estuary
Oka-CB-Beach-4,30.4016,-86.5831,Oka-CB-Beach,Okaloosa,CBA Ft. Walton Beach-4,1,LW,Estuary
Oka-n Beach-5-1,30.401,-86.6037,Oka-n Beach-5,Okaloosa,CBA Ft. Walton Beach-5,1,LW,Estuary
Oka-CB-Beach-6,30.399,-86.5501,Oka-CB-Beach,Okaloosa,CBA Ft. Walton Beach-6,1,LW,Estuary
Oka-CB-Beach-7,30.434,-86.5424,Oka-CB-Beach,Okaloosa,CBA Ft. Walton Beach-7,1,LW,Estuary
Oka-CB-Beach-8,30.3938,-86.5248,Oka-CB-Beach,Okaloosa,CBA Ft. Walton Beach-8,1,LW,Estuary
Oka-CB-Beach-9,30.3907,-86.5046,Oka-CB-Beach,Okaloosa,CBA Ft. Walton Beach-9,1,LW,Estuary
Oka-CBA-GAP-1-1,30.4281,-86.6675,Oka-CBA-GAP-1,Okaloosa,CBA GAP-1,1,LW,River/Stream
Oka-CBA-GAP-2-1,30.4319,-86.6489,Oka-CBA-GAP-2,Okaloosa,CBA GAP-2,1,LW,River/Stream
Oka-CBA-GAP-3-1,30.4327,-86.6401,Oka-CBA-GAP-3,Okaloosa,CBA GAP-3,1,LW,River/Stream
Oka-CB-GM-10-1,30.2333,-86.5083,Oka-CB-GM-10,Okaloosa,CBA Gulf of Mexico-10,1,LW,Estuary
Oka-CB-GM-2-1,30.3667,-86.5083,Oka-CB-GM-2,Okaloosa,CBA Gulf of Mexico-2,1,LW,Estuary
Oka-CB-GM-4-1,30.3333,-86.5083,Oka-CB-GM-4,Okaloosa,CBA Gulf of Mexico-4,1,LW,Estuary
Oka-CB-GM-6-1,30.3,-86.5083,Oka-CB-GM-6,Okaloosa,CBA Gulf of Mexico-6,1,LW,Estuary
Oka-CB-GM-8-1,30.2667,-86.5083,Oka-CB-GM-8,Okaloosa,CBA Gulf of Mexico-8,1,LW,Estuary
Oka-CB-KiddB-1,30.4263,-86.6119,Oka-CB-KiddB,Okaloosa,CBA Kidd Bayou-1,1,LW,Estuary
Oka-CB-KiddB-2,30.4243,-86.6131,Oka-CB-KiddB,Okaloosa,CBA Kidd Bayou-2,1,LW,Estuary
Oka-CB-eville-1,30.5035,-86.4328,Oka-CB-eville,Okaloosa,CBA Niceville-1,1,LW,Estuary
Oka-eville-10-1,30.5195,-86.4972,Oka-eville-10,Okaloosa,CBA Niceville-10,1,LW,Estuary
Oka-CB-ville-11,30.473,-86.4403,Oka-CB-ville,Okaloosa,CBA Niceville-11,1,LW,Estuary
Oka-CB-ville-12,30.4396,-86.4369,Oka-CB-ville,Okaloosa,CBA Niceville-12,1,LW,Estuary
Oka-CB-ville-13,30.4854,-86.4811,Oka-CB-ville,Okaloosa,CBA Niceville-13,1,LW,Estuary
Oka-CB-ville-14,30.4807,-86.4622,Oka-CB-ville,Okaloosa,CBA Niceville-14,1,LW,Estuary
Oka-ceville-2-1,30.5073,-86.4527,Oka-ceville-2,Okaloosa,CBA Niceville-2,1,LW,Estuary
Oka-CB-eville-3,30.4853,-86.4529,Oka-CB-eville,Okaloosa,CBA Niceville-3,1,LW,Estuary
Oka-CB-eville-4,30.462,-86.4338,Oka-CB-eville,Okaloosa,CBA Niceville-4,1,LW,Estuary
Oka-CB-eville-5,30.4361,-86.4253,Oka-CB-eville,Okaloosa,CBA Niceville-5,1,LW,Estuary
Oka-CB-eville-6,30.4436,-86.4714,Oka-CB-eville,Okaloosa,CBA Niceville-6,1,LW,Estuary
Oka-ceville-7-1,30.492,-86.481,Oka-ceville-7,Okaloosa,CBA Niceville-7,1,LW,Estuary
Oka-ceville-8-1,30.5022,-86.4927,Oka-ceville-8,Okaloosa,CBA Niceville-8,1,LW,Estuary
Oka-CB-eville-9,30.5104,-86.484,Oka-CB-eville,Okaloosa,CBA Niceville-9,1,LW,Estuary
Oka-CBA-OKA-4-1,30.3821,-86.5384,Oka-CBA-OKA-4,Okaloosa,CBA OKA-4,1,LW,Estuary
Oka-CBA-OKA-5-1,30.3797,-86.5161,Oka-CBA-OKA-5,Okaloosa,CBA OKA-5,1,LW,Estuary
Oka-CBA-OKA-6-1,30.3766,-86.4875,Oka-CBA-OKA-6,Okaloosa,CBA OKA-6,1,LW,Estuary
Oka-CBA-OKA-7-1,30.3524,-86.4968,Oka-CBA-OKA-7,Okaloosa,CBA OKA-7,1,LW,Estuary
Oka-CBA-OKA-8-1,30.3244,-86.5376,Oka-CBA-OKA-8,Okaloosa,CBA OKA-8,1,LW,Estuary
Oka-CB-SanRoS-1,30.4039,-86.6316,Oka-CB-SanRoS,Okaloosa,CBA Santa Rosa Sound-1,1,LW,Estuary
Oka-CB-SanRoS-2,30.403,-86.6169,Oka-CB-SanRoS,Okaloosa,CBA Santa Rosa Sound-2,1,LW,Estuary
Oka-CB-SanRoS-3,30.4018,-86.608,Oka-CB-SanRoS,Okaloosa,CBA Santa Rosa Sound-3,1,LW,Estuary
Oka-CB-ShoalR-1,30.696,-86.5763,Oka-CB-ShoalR,Okaloosa,CBA Shoal River-1,1,LW,River/Stream
Oka-CB-ShoalR-2,30.6959,-86.5742,Oka-CB-ShoalR,Okaloosa,CBA Shoal River-2,1,LW,River/Stream
Oka-CB-ShoalR-3,30.6968,-86.5716,Oka-CB-ShoalR,Okaloosa,CBA Shoal River-3,1,LW,River/Stream
Oka-CBA-TKY-1-1,30.5313,-86.5063,Oka-CBA-TKY-1,Okaloosa,CBA TKY-1,1,LW,River/Stream
Oka-CBA-TKY-2-1,30.5305,-86.5058,Oka-CBA-TKY-2,Okaloosa,CBA TKY-2,1,LW,River/Stream
Oka-CBA-TKY-3-1,30.5239,-86.4992,Oka-CBA-TKY-3,Okaloosa,CBA TKY-3,1,LW,River/Stream
Oka-Coleman-1,30.4021,-86.4784,Oka-Coleman,Okaloosa,Coleman,1,LW,Lake
Oka-Coleman-2,30.4021,-86.4797,Oka-Coleman,Okaloosa,Coleman,2,LW,Lake
Oka-Coleman-3,30.4036,-86.4798,Oka-Coleman,Okaloosa,Coleman,3,LW,Lake
Oka-CB-Earl-1-1,30.4203,-86.59,Oka-CB-Earl-1,Okaloosa,Earl,1,LW,Lake
Oka-CB-Earl-2-1,30.4206,-86.5917,Oka-CB-Earl-2,Okaloosa,Earl,2,LW,Lake
Oka-CB-Earl-3-1,30.4197,-86.593,Oka-CB-Earl-3,Okaloosa,Earl,3,LW,Lake
Oka-CB-Earl-4-1,30.4163,-86.5922,Oka-CB-Earl-4,Okaloosa,Earl,4,LW,Lake
Oka-Grass-1,30.4661,-86.4253,Oka-Grass,Okaloosa,Grass,1,LW,Lake
Oka-Grass-2,30.4644,-86.4293,Oka-Grass,Okaloosa,Grass,2,LW,Lake
Oka-Hurricane-1,30.9423,-86.751,Oka-Hurricane,Okaloosa,Hurricane,1,LW,Lake
Oka-Hurricane-2,30.9405,-86.757,Oka-Hurricane,Okaloosa,Hurricane,2,LW,Lake
Oka-Hurricane-3,30.9381,-86.7631,Oka-Hurricane,Okaloosa,Hurricane,3,LW,Lake
Oka-Hurricane-4,30.9373,-86.7539,Oka-Hurricane,Okaloosa,Hurricane,4,LW,Lake
Oka-Karick-1,30.8934,-86.6413,Oka-Karick,Okaloosa,Karick,1,LW,Lake
Oka-Karick-2,30.8954,-86.6432,Oka-Karick,Okaloosa,Karick,2,LW,Lake
Oka-Karick-3,30.8973,-86.6447,Oka-Karick,Okaloosa,Karick,3,LW,Lake
Oka-Kell-Aire-1,30.4033,-86.4823,Oka-Kell-Aire,Okaloosa,Kell-Aire,1,LW,Lake
Oka-Kell-Aire-2,30.4045,-86.4825,Oka-Kell-Aire,Okaloosa,Kell-Aire,2,LW,Lake
Oka-Kell-Aire-3,30.4042,-86.4815,Oka-Kell-Aire,Okaloosa,Kell-Aire,3,LW,Lake
Oka-Quail-1,30.3916,-86.4698,Oka-Quail,Okaloosa,Quail,1,LW,Lake
Oka-Quail-2,30.3915,-86.4691,Oka-Quail,Okaloosa,Quail,2,LW,Lake
Oka-Quail-3,30.3914,-86.4688,Oka-Quail,Okaloosa,Quail,3,LW,Lake
Oka-Roberts-1,30.5413,-86.4702,Oka-Roberts,Okaloosa,Roberts,1,LW,Lake
Oka-Roberts-2,30.5384,-86.4695,Oka-Roberts,Okaloosa,Roberts,2,LW,Lake
Oka-Roberts-3,30.536,-86.4683,Oka-Roberts,Okaloosa,Roberts,3,LW,Lake
Oka-Spring-1,30.4002,-86.4892,Oka-Spring,Okaloosa,Spring,1,LW,Lake
Oka-Spring-2,30.4011,-86.4892,Oka-Spring,Okaloosa,Spring,2,LW,Lake
Oka-Spring-3,30.4017,-86.4892,Oka-Spring,Okaloosa,Spring,3,LW,Lake
Oka-SwiftCr-1-1,30.5312,-86.4667,Oka-SwiftCr-1,Okaloosa,Swift Creek-1,1,LW,River/Stream
Oka-SwiftC-1A-1,30.5312,-86.4667,Oka-SwiftC-1A,Okaloosa,Swift Creek-1A,1,LW,River/Stream
Oka-SwiftCr-2-1,30.5262,-86.4654,Oka-SwiftCr-2,Okaloosa,Swift Creek-2,1,LW,River/Stream
Oka-SwiftC-2A-1,30.5262,-86.4654,Oka-SwiftC-2A,Okaloosa,Swift Creek-2A,1,LW,River/Stream
Oka-SwiftCr-3-1,30.5135,-86.4541,Oka-SwiftCr-3,Okaloosa,Swift Creek-3,1,LW,River/Stream
Oka-SwiftCr-4-1,30.5109,-86.453,Oka-SwiftCr-4,Okaloosa,Swift Creek-4,1,LW,River/Stream
Ora-Adair-1,28.5604,-81.3928,Ora-Adair,Orange,Adair,1,LW,Lake
Ora-Adair-2,28.56,-81.3914,Ora-Adair,Orange,Adair,2,LW,Lake
Ora-Adair-3,28.5589,-81.3893,Ora-Adair,Orange,Adair,3,LW,Lake
Ora-Angelina-1,28.7633,-81.6382,Ora-Angelina,Orange,Angelina,1,LW,Lake
Ora-Angelina-2,28.7636,-81.6378,Ora-Angelina,Orange,Angelina,2,LW,Lake
Ora-Angelina-3,28.7641,-81.6382,Ora-Angelina,Orange,Angelina,3,LW,Lake
Ora-Apopka-1,28.6655,-81.6302,Ora-Apopka,Orange,Apopka,1,LW,Lake
Ora-Apopka-2,28.6198,-81.6302,Ora-Apopka,Orange,Apopka,2,LW,Lake
Ora-Apopka-3,28.5803,-81.6302,Ora-Apopka,Orange,Apopka,3,LW,Lake
Ora-ApopkaS-1,28.5787,-81.592,Ora-ApopkaS,Orange,Apopka South,1,LW,Lake
Ora-ApopkaS-2,28.5782,-81.6027,Ora-ApopkaS,Orange,Apopka South,2,LW,Lake
Ora-ApopkaS-3,28.5785,-81.613,Ora-ApopkaS,Orange,Apopka South,3,LW,Lake
Ora-Arnold-1,28.5303,-81.3413,Ora-Arnold,Orange,Arnold,1,LW,Lake
Ora-Arnold-2,28.529,-81.34,Ora-Arnold,Orange,Arnold,2,LW,Lake
Ora-Arnold-3,28.5312,-81.3424,Ora-Arnold,Orange,Arnold,3,LW,Lake
Ora-Asbury-1,28.6082,-81.4099,Ora-Asbury,Orange,Asbury,1,LW,Lake
Ora-Asbury-2,28.6084,-81.4103,Ora-Asbury,Orange,Asbury,2,LW,Lake
Ora-Asbury-3,28.6081,-81.4106,Ora-Asbury,Orange,Asbury,3,LW,Lake
Ora-Avalon-1,28.5139,-81.6404,Ora-Avalon,Orange,Avalon,1,LW,Lake
Ora-Avalon-2,28.5125,-81.6421,Ora-Avalon,Orange,Avalon,2,LW,Lake
Ora-Avalon-3,28.5058,-81.6496,Ora-Avalon,Orange,Avalon,3,LW,Lake
Ora-Avalon-4,28.5065,-81.6466,Ora-Avalon,Orange,Avalon,4,LW,Lake
Ora-AvalonEast-1,28.5131,-81.6344,Ora-AvalonEast,Orange,Avalon East,1,LW,Lake
Ora-AvalonEast-2,28.5125,-81.6318,Ora-AvalonEast,Orange,Avalon East,2,LW,Lake
Ora-Baldwin-1,28.5744,-81.324,Ora-Baldwin,Orange,Baldwin,1,LW,Lake
Ora-Baldwin-2,28.574,-81.3218,Ora-Baldwin,Orange,Baldwin,2,LW,Lake
Ora-Baldwin-3,28.5714,-81.3205,Ora-Baldwin,Orange,Baldwin,3,LW,Lake
Ora-Barton-1,28.5502,-81.3182,Ora-Barton,Orange,Barton,1,LW,Lake
Ora-Barton-2,28.5502,-81.3139,Ora-Barton,Orange,Barton,2,LW,Lake
Ora-Barton-3,28.5531,-81.3157,Ora-Barton,Orange,Barton,3,LW,Lake
Ora-Bay-1,28.5907,-81.4235,Ora-Bay,Orange,Bay,1,LW,Lake
Ora-Bay-2,28.5907,-81.4189,Ora-Bay,Orange,Bay,2,LW,Lake
Ora-Bay-3,28.5907,-81.42,Ora-Bay,Orange,Bay,3,LW,Lake
Ora-Bell-1,28.6089,-81.3779,Ora-Bell,Orange,Bell,1,LW,Lake
Ora-Bell-2,28.6117,-81.378,Ora-Bell,Orange,Bell,2,LW,Lake
Ora-Bell-3,28.6103,-81.3797,Ora-Bell,Orange,Bell,3,LW,Lake
Ora-Bennett-1,28.5532,-81.5334,Ora-Bennett,Orange,Bennett,1,LW,Lake
Ora-Bennett-2,28.5542,-81.5343,Ora-Bennett,Orange,Bennett,2,LW,Lake
Ora-Bennett-3,28.5524,-81.5356,Ora-Bennett,Orange,Bennett,3,LW,Lake
Ora-Bessie-1,28.4913,-81.5243,Ora-Bessie,Orange,Bessie,1,LW,Lake
Ora-Bessie-2,28.4883,-81.5273,Ora-Bessie,Orange,Bessie,2,LW,Lake
Ora-Bessie-3,28.4848,-81.5278,Ora-Bessie,Orange,Bessie,3,LW,Lake
Ora-BigSand-1,28.4345,-81.4951,Ora-BigSand,Orange,Big Sand,1,LW,Lake
Ora-BigSand-2,28.4346,-81.4898,Ora-BigSand,Orange,Big Sand,2,LW,Lake
Ora-BigSand-3,28.4345,-81.4849,Ora-BigSand,Orange,Big Sand,3,LW,Lake
Ora-BigSand-4,28.439167,-81.485194,Ora-BigSand,Orange,Big Sand,4,LW,Lake
Ora-BigSand-5,28.41,-81.486556,Ora-BigSand,Orange,Big Sand,5,LW,Lake
Ora-BigSandB-1,28.4286,-81.499,Ora-BigSandB,Orange,Big Sand Bay,1,LW,Lake
Ora-BigSandB-2,28.4263,-81.4981,Ora-BigSandB,Orange,Big Sand Bay,2,LW,Lake
Ora-BigSandB-3,28.4247,-81.4976,Ora-BigSandB,Orange,Big Sand Bay,3,LW,Lake
Ora-Black-1,28.5299,-81.6049,Ora-Black,Orange,Black,1,LW,Lake
Ora-Black-2,28.5272,-81.6015,Ora-Black,Orange,Black,2,LW,Lake
Ora-Black-3,28.5237,-81.6006,Ora-Black,Orange,Black,3,LW,Lake
Ora-Blanche-1,28.4775,-81.5164,Ora-Blanche,Orange,Blanche,1,LW,Lake
Ora-Blanche-2,28.4811,-81.5163,Ora-Blanche,Orange,Blanche,2,LW,Lake
Ora-Blanche-3,28.483,-81.5163,Ora-Blanche,Orange,Blanche,3,LW,Lake
Ora-Blue-1,28.6592,-81.4685,Ora-Blue,Orange,Blue,1,LW,Lake
Ora-Blue-2,28.6581,-81.4679,Ora-Blue,Orange,Blue,2,LW,Lake
Ora-Blue-3,28.6569,-81.4677,Ora-Blue,Orange,Blue,3,LW,Lake
Ora-Boers-1,28.5298,-81.5149,Ora-Boers,Orange,Boers,1,LW,Lake
Ora-Boers-2,28.5298,-81.5142,Ora-Boers,Orange,Boers,2,LW,Lake
Ora-Boers-3,28.5298,-81.5135,Ora-Boers,Orange,Boers,3,LW,Lake
Ora-Burkett-1,28.6131,-81.2684,Ora-Burkett,Orange,Burkett,1,LW,Lake
Ora-Burkett-2,28.6098,-81.2682,Ora-Burkett,Orange,Burkett,2,LW,Lake
Ora-Burkett-3,28.608,-81.2675,Ora-Burkett,Orange,Burkett,3,LW,Lake
Ora-Butler-1,28.4936,-81.5485,Ora-Butler,Orange,Butler,1,LW,Lake
Ora-Butler-2,28.4891,-81.5589,Ora-Butler,Orange,Butler,2,LW,Lake
Ora-Butler-3,28.4854,-81.5469,Ora-Butler,Orange,Butler,3,LW,Lake
Ora-Butler-Wet-1,28.4764,-81.5605,Ora-Butler-Wet,Orange,Butler Wetland,1,LW,Lake
Ora-C-1,28.5313,-81.3202,Ora-C,Orange,C,1,LW,Lake
Ora-C-2,28.5312,-81.3197,Ora-C,Orange,C,2,LW,Lake
Ora-C-3,28.5312,-81.3192,Ora-C,Orange,C,3,LW,Lake
Ora-Cane-1,28.484,-81.4728,Ora-Cane,Orange,Cane,1,LW,Lake
Ora-Cane-2,28.484,-81.4701,Ora-Cane,Orange,Cane,2,LW,Lake
Ora-Cane-3,28.484,-81.4754,Ora-Cane,Orange,Cane,3,LW,Lake
Ora-Carlton-1,28.7546,-81.6589,Ora-Carlton,Orange,Carlton,1,LW,Lake
Ora-Carlton-2,28.7596,-81.6599,Ora-Carlton,Orange,Carlton,2,LW,Lake
Ora-Carlton-3,28.7648,-81.6576,Ora-Carlton,Orange,Carlton,3,LW,Lake
Ora-CayDee-1,28.5638,-81.3459,Ora-CayDee,Orange,Cay Dee,1,LW,Lake
Ora-CayDee-2,28.5646,-81.3451,Ora-CayDee,Orange,Cay Dee,2,LW,Lake
Ora-CayDee-3,28.5659,-81.3443,Ora-CayDee,Orange,Cay Dee,3,LW,Lake
Ora-CayDeeN-1,28.5659,-81.3443,Ora-CayDeeN,Orange,Cay Dee North,1,LW,Lake
Ora-CayDeeN-2,28.566,-81.3439,Ora-CayDeeN,Orange,Cay Dee North,2,LW,Lake
Ora-CayDeeN-3,28.5657,-81.3447,Ora-CayDeeN,Orange,Cay Dee North,3,LW,Lake
Ora-CayDeeS-1,28.5642,-81.3456,Ora-CayDeeS,Orange,Cay Dee South,1,LW,Lake
Ora-CayDeeS-2,28.5642,-81.3462,Ora-CayDeeS,Orange,Cay Dee South,2,LW,Lake
Ora-CayDeeS-3,28.5642,-81.345,Ora-CayDeeS,Orange,Cay Dee South,3,LW,Lake
Ora-CedForCr-1,28.5445,-81.1767,Ora-CedForCr,Orange,Cedar Forest Circle,1,LW,Lake
Ora-CedForCr-2,28.545,-81.1767,Ora-CedForCr,Orange,Cedar Forest Circle,2,LW,Lake
Ora-CedForCr-3,28.5454,-81.1767,Ora-CedForCr,Orange,Cedar Forest Circle,3,LW,Lake
Ora-CharityN-1,28.638,-81.3811,Ora-CharityN,Orange,Charity North,1,LW,Lake
Ora-CharityN-2,28.6383,-81.3794,Ora-CharityN,Orange,Charity North,2,LW,Lake
Ora-CharityN-3,28.6384,-81.378,Ora-CharityN,Orange,Charity North,3,LW,Lake
Ora-Chase-1,28.471800000000002,-81.5208,Ora-Chase,Orange,Chase,1,LW,Lake
Ora-Chase-2,28.4748,-81.5221,Ora-Chase,Orange,Chase,2,LW,Lake
Ora-Chase-3,28.478,-81.5233,Ora-Chase,Orange,Chase,3,LW,Lake
Ora-Chaudoin-1,28.7715,-81.5694,Ora-Chaudoin,Orange,Chaudoin,1,LW,Lake
Ora-Chaudoin-2,28.7707,-81.57,Ora-Chaudoin,Orange,Chaudoin,2,LW,Lake
Ora-Chaudoin-3,28.7699,-81.5701,Ora-Chaudoin,Orange,Chaudoin,3,LW,Lake
Ora-Cherokee-1,28.5327,-81.3707,Ora-Cherokee,Orange,Cherokee,1,LW,Lake
Ora-Cherokee-2,28.5345,-81.371,Ora-Cherokee,Orange,Cherokee,2,LW,Lake
Ora-Cherokee-3,28.5331,-81.3717,Ora-Cherokee,Orange,Cherokee,3,LW,Lake
Ora-Christie-1,28.4414,-81.4067,Ora-Christie,Orange,Christie,1,LW,Lake
Ora-Christie-2,28.4405,-81.4067,Ora-Christie,Orange,Christie,2,LW,Lake
Ora-Christie-3,28.4398,-81.4068,Ora-Christie,Orange,Christie,3,LW,Lake
Ora-Claire-1,28.6082,-81.2025,Ora-Claire,Orange,Claire,1,LW,Lake
Ora-Claire-2,28.6092,-81.203,Ora-Claire,Orange,Claire,2,LW,Lake
Ora-Claire-3,28.6102,-81.2033,Ora-Claire,Orange,Claire,3,LW,Lake
Ora-Clear-1,28.525,-81.4108,Ora-Clear,Orange,Clear,1,LW,Lake
Ora-Clear-2,28.5219,-81.4134,Ora-Clear,Orange,Clear,2,LW,Lake
Ora-Clear-3,28.5176,-81.4087,Ora-Clear,Orange,Clear,3,LW,Lake
Ora-Como-1,28.5358,-81.3522,Ora-Como,Orange,Como,1,LW,Lake
Ora-Como-2,28.5361,-81.3518,Ora-Como,Orange,Como,2,LW,Lake
Ora-Como-3,28.5355,-81.3521,Ora-Como,Orange,Como,3,LW,Lake
Ora-Concord-1,28.5567,-81.387200000000007,Ora-Concord,Orange,Concord,1,LW,Lake
Ora-Concord-2,28.5566,-81.3853,Ora-Concord,Orange,Concord,2,LW,Lake
Ora-Concord-3,28.5566,-81.3832,Ora-Concord,Orange,Concord,3,LW,Lake
Ora-ConwayNo-1,28.4676,-81.3514,Ora-ConwayNo,Orange,Conway North,1,LW,Lake
Ora-ConwayNo-2,28.4712,-81.3499,Ora-ConwayNo,Orange,Conway North,2,LW,Lake
Ora-ConwayNo-3,28.4779,-81.3479,Ora-ConwayNo,Orange,Conway North,3,LW,Lake
Ora-ConwaySo-1,28.4569,-81.3428,Ora-ConwaySo,Orange,Conway South,1,LW,Lake
Ora-ConwaySo-2,28.4587,-81.3466,Ora-ConwaySo,Orange,Conway South,2,LW,Lake
Ora-ConwaySo-3,28.4603,-81.3497,Ora-ConwaySo,Orange,Conway South,3,LW,Lake
Ora-Copeland-1,28.5263,-81.3739,Ora-Copeland,Orange,Copeland,1,LW,Lake
Ora-Copeland-2,28.5284,-81.3744,Ora-Copeland,Orange,Copeland,2,LW,Lake
Ora-Copeland-3,28.5279,-81.3753,Ora-Copeland,Orange,Copeland,3,LW,Lake
Ora-Crescent-1,28.5092,-81.5593,Ora-Crescent,Orange,Crescent,1,LW,Lake
Ora-Crescent-2,28.508,-81.5618,Ora-Crescent,Orange,Crescent,2,LW,Lake
Ora-Crescent-3,28.5098,-81.5632,Ora-Crescent,Orange,Crescent,3,LW,Lake
Ora-Crystal-1,28.5169,-81.3576,Ora-Crystal,Orange,Crystal,1,LW,Lake
Ora-Crystal-2,28.5161,-81.3576,Ora-Crystal,Orange,Crystal,2,LW,Lake
Ora-Crystal-3,28.5157,-81.3571,Ora-Crystal,Orange,Crystal,3,LW,Lake
Ora-Cypress-1,28.4781,-81.5643,Ora-Cypress,Orange,Cypress,1,LW,Lake
Ora-Cypress-2,28.4811,-81.567,Ora-Cypress,Orange,Cypress,2,LW,Lake
Ora-Cypress-3,28.4803,-81.5703,Ora-Cypress,Orange,Cypress,3,LW,Lake
Ora-CypressSo-1,28.48,-81.5673,Ora-CypressSo,Orange,Cypress South,1,LW,Lake
Ora-CypressSo-2,28.4794,-81.5663,Ora-CypressSo,Orange,Cypress South,2,LW,Lake
Ora-CypressSo-3,28.4787,-81.565,Ora-CypressSo,Orange,Cypress South,3,LW,Lake
Ora-Daniel-1,28.5825,-81.4008,Ora-Daniel,Orange,Daniel,1,LW,Lake
Ora-Daniel-2,28.5823,-81.4013,Ora-Daniel,Orange,Daniel,2,LW,Lake
Ora-Daniel-3,28.5817,-81.4006,Ora-Daniel,Orange,Daniel,3,LW,Lake
Ora-Davis-1,28.5314,-81.3677,Ora-Davis,Orange,Davis,1,LW,Lake
Ora-Davis-2,28.5308,-81.3664,Ora-Davis,Orange,Davis,2,LW,Lake
Ora-Davis-3,28.532,-81.3658,Ora-Davis,Orange,Davis,3,LW,Lake
Ora-Dot-1,28.5517,-81.3867,Ora-Dot,Orange,Dot,1,LW,Lake
Ora-Dot-2,28.5521,-81.3867,Ora-Dot,Orange,Dot,2,LW,Lake
Ora-Dot-3,28.5525,-81.3867,Ora-Dot,Orange,Dot,3,LW,Lake
Ora-Douglas-1,28.583,-81.2551,Ora-Douglas,Orange,Douglas,1,LW,Lake
Ora-Douglas-2,28.5824,-81.2553,Ora-Douglas,Orange,Douglas,2,LW,Lake
Ora-Douglas-3,28.5817,-81.2553,Ora-Douglas,Orange,Douglas,3,LW,Lake
Ora-Down-1,28.5014,-81.5206,Ora-Down,Orange,Down,1,LW,Lake
Ora-Down-2,28.5054,-81.5282,Ora-Down,Orange,Down,2,LW,Lake
Ora-Down-3,28.5119,-81.5336,Ora-Down,Orange,Down,3,LW,Lake
Ora-Downey-1,28.5676,-81.2423,Ora-Downey,Orange,Downey,1,LW,Lake
Ora-Downey-2,28.5675,-81.2412,Ora-Downey,Orange,Downey,2,LW,Lake
Ora-Downey-3,28.5674,-81.2401,Ora-Downey,Orange,Downey,3,LW,Lake
Ora-Drawdy-1,28.5897,-81.125,Ora-Drawdy,Orange,Drawdy,1,LW,Lake
Ora-Drawdy-2,28.5919,-81.1251,Ora-Drawdy,Orange,Drawdy,2,LW,Lake
Ora-Drawdy-3,28.5947,-81.1239,Ora-Drawdy,Orange,Drawdy,3,LW,Lake
Ora-Dream-1,28.684,-81.5125,Ora-Dream,Orange,Dream,1,LW,Lake
Ora-Dream-2,28.684,-81.5116,Ora-Dream,Orange,Dream,2,LW,Lake
Ora-Dream-3,28.684,-81.5106,Ora-Dream,Orange,Dream,3,LW,Lake
Ora-Druid-1,28.5599,-81.3503,Ora-Druid,Orange,Druid,1,LW,Lake
Ora-Druid-2,28.5606,-81.3498,Ora-Druid,Orange,Druid,2,LW,Lake
Ora-Druid-3,28.5612,-81.3492,Ora-Druid,Orange,Druid,3,LW,Lake
Ora-East-1,28.3796,-81.1952,Ora-East,Orange,East,1,LW,Lake
Ora-East-2,28.3811,-81.1954,Ora-East,Orange,East,2,LW,Lake
Ora-East-3,28.3823,-81.1952,Ora-East,Orange,East,3,LW,Lake
Ora-Eola-1,28.5365,-81.3739,Ora-Eola,Orange,Eola,1,LW,Lake
Ora-Eola-2,28.536,-81.3729,Ora-Eola,Orange,Eola,2,LW,Lake
Ora-Eola-3,28.5442,-81.3739,Ora-Eola,Orange,Eola,3,LW,Lake
Ora-Estelle-1,28.5744,-81.3682,Ora-Estelle,Orange,Estelle,1,LW,Lake
Ora-Estelle-2,28.575,-81.3667,Ora-Estelle,Orange,Estelle,2,LW,Lake
Ora-Estelle-3,28.5926,-81.3654,Ora-Estelle,Orange,Estelle,3,LW,Lake
Ora-EstelleE-1,28.5737,-81.3634,Ora-EstelleE,Orange,Estelle East,1,LW,Lake
Ora-EstelleE-2,28.5751,-81.3634,Ora-EstelleE,Orange,Estelle East,2,LW,Lake
Ora-EstelleE-3,28.5764,-81.3634,Ora-EstelleE,Orange,Estelle East,3,LW,Lake
Ora-Eulalia-1,28.6191,-81.3726,Ora-Eulalia,Orange,Eulalia,1,LW,Lake
Ora-Eulalia-2,28.6192,-81.3721,Ora-Eulalia,Orange,Eulalia,2,LW,Lake
Ora-Eulalia-3,28.6193,-81.3716,Ora-Eulalia,Orange,Eulalia,3,LW,Lake
Ora-Eve-1,28.6299,-81.4244,Ora-Eve,Orange,Eve,1,LW,Lake
Ora-Eve-2,28.6301,-81.4251,Ora-Eve,Orange,Eve,2,LW,Lake
Ora-Eve-3,28.6299,-81.4258,Ora-Eve,Orange,Eve,3,LW,Lake
Ora-Fairview-1,28.5951,-81.4111,Ora-Fairview,Orange,Fairview,1,LW,Lake
Ora-Fairview-2,28.5937,-81.4056,Ora-Fairview,Orange,Fairview,2,LW,Lake
Ora-Fairview-3,28.5914,-81.4003,Ora-Fairview,Orange,Fairview,3,LW,Lake
Ora-Fairview-4,28.5877,-81.4078,Ora-Fairview,Orange,Fairview,4,LW,Lake
Ora-FairviewSo-1,28.5848,-81.4067,Ora-FairviewSo,Orange,Fairview South,1,LW,Lake
Ora-FairviewSo-2,28.5832,-81.4065,Ora-FairviewSo,Orange,Fairview South,2,LW,Lake
Ora-FairviewSo-3,28.5815,-81.4063,Ora-FairviewSo,Orange,Fairview South,3,LW,Lake
Ora-Farrar-1,28.5086,-81.3204,Ora-Farrar,Orange,Farrar,1,LW,Lake
Ora-Farrar-2,28.5084,-81.3211,Ora-Farrar,Orange,Farrar,2,LW,Lake
Ora-Farrar-3,28.5085,-81.3218,Ora-Farrar,Orange,Farrar,3,LW,Lake
Ora-Fischer-1,28.5396,-81.5195,Ora-Fischer,Orange,Fischer,1,LW,Lake
Ora-Fischer-2,28.5391,-81.5182,Ora-Fischer,Orange,Fischer,2,LW,Lake
Ora-Fischer-3,28.5387,-81.5171,Ora-Fischer,Orange,Fischer,3,LW,Lake
Ora-Fish-1,28.411,-81.5137,Ora-Fish,Orange,Fish,1,LW,Lake
Ora-Fish-2,28.4096,-81.5132,Ora-Fish,Orange,Fish,2,LW,Lake
Ora-Fish-3,28.4085,-81.5126,Ora-Fish,Orange,Fish,3,LW,Lake
Ora-FloraVist-1,28.3708,-81.4509,Ora-FloraVist,Orange,Flora Vista,1,LW,Lake
Ora-FloraVist-2,28.3654,-81.4488,Ora-FloraVist,Orange,Flora Vista,2,LW,Lake
Ora-FloraVist-3,28.3615,-81.4477,Ora-FloraVist,Orange,Flora Vista,3,LW,Lake
Ora-Floy-1,28.4842,-81.482,Ora-Floy,Orange,Floy,1,LW,Lake
Ora-Floy-2,28.4843,-81.4817,Ora-Floy,Orange,Floy,2,LW,Lake
Ora-Floy-3,28.4844,-81.4813,Ora-Floy,Orange,Floy,3,LW,Lake
Ora-Formosa-1,28.5685,-81.3706,Ora-Formosa,Orange,Formosa,1,LW,Lake
Ora-Formosa-2,28.5684,-81.3688,Ora-Formosa,Orange,Formosa,2,LW,Lake
Ora-Formosa-3,28.5686,-81.3668,Ora-Formosa,Orange,Formosa,3,LW,Lake
Ora-Fredrica-1,28.51,-81.3065,Ora-Fredrica,Orange,Fredrica,1,LW,Lake
Ora-Fredrica-2,28.5082,-81.3073,Ora-Fredrica,Orange,Fredrica,2,LW,Lake
Ora-Fredrica-3,28.5063,-81.307,Ora-Fredrica,Orange,Fredrica,3,LW,Lake
Ora-Gatlin-1,28.493,-81.3679,Ora-Gatlin,Orange,Gatlin,1,LW,Lake
Ora-Gatlin-2,28.4914,-81.3681,Ora-Gatlin,Orange,Gatlin,2,LW,Lake
Ora-Gatlin-3,28.4889,-81.3682,Ora-Gatlin,Orange,Gatlin,3,LW,Lake
Ora-Gear-1,28.5557,-81.3319,Ora-Gear,Orange,Gear,1,LW,Lake
Ora-Gear-2,28.5561,-81.3312,Ora-Gear,Orange,Gear,2,LW,Lake
Ora-Gear-3,28.5566,-81.3307,Ora-Gear,Orange,Gear,3,LW,Lake
Ora-Gem-1,28.6135,-81.369,Ora-Gem,Orange,Gem,1,LW,Lake
Ora-Gem-2,28.613,-81.3687,Ora-Gem,Orange,Gem,2,LW,Lake
Ora-Gem-3,28.6126,-81.3683,Ora-Gem,Orange,Gem,3,LW,Lake
Ora-George-1,28.5007,-81.3225,Ora-George,Orange,George,1,LW,Lake
Ora-George-2,28.5009,-81.3196,Ora-George,Orange,George,2,LW,Lake
Ora-George-3,28.5016,-81.3171,Ora-George,Orange,George,3,LW,Lake
Ora-Georgia-1,28.6034,-81.2463,Ora-Georgia,Orange,Georgia,1,LW,Lake
Ora-Georgia-2,28.6063,-81.2467,Ora-Georgia,Orange,Georgia,2,LW,Lake
Ora-Georgia-3,28.6098,-81.2481,Ora-Georgia,Orange,Georgia,3,LW,Lake
Ora-Giles-1,28.5305,-81.3356,Ora-Giles,Orange,Giles,1,LW,Lake
Ora-Giles-2,28.5311,-81.3332,Ora-Giles,Orange,Giles,2,LW,Lake
Ora-Giles-3,28.5296,-81.3326,Ora-Giles,Orange,Giles,3,LW,Lake
Ora-Greenwood-1,28.5348,-81.3604,Ora-Greenwood,Orange,Greenwood,1,LW,Lake
Ora-Greenwood-2,28.534,-81.3602,Ora-Greenwood,Orange,Greenwood,2,LW,Lake
Ora-Greenwood-3,28.5341,-81.3598,Ora-Greenwood,Orange,Greenwood,3,LW,Lake
Ora-Hancock-1,28.4631,-81.6109,Ora-Hancock,Orange,Hancock,1,LW,Lake
Ora-Hancock-2,28.4639,-81.6198,Ora-Hancock,Orange,Hancock,2,LW,Lake
Ora-Hancock-3,28.4712,-81.6239,Ora-Hancock,Orange,Hancock,3,LW,Lake
Ora-Hart-1,28.3704,-81.2173,Ora-Hart,Orange,Hart,1,LW,Lake
Ora-Hart-2,28.3794,-81.2114,Ora-Hart,Orange,Hart,2,LW,Lake
Ora-Hart-3,28.3901,-81.2117,Ora-Hart,Orange,Hart,3,LW,Lake
Ora-Hiawassee-1,28.5238,-81.4804,Ora-Hiawassee,Orange,Hiawassee,1,LW,Lake
Ora-Hiawassee-2,28.5271,-81.4806,Ora-Hiawassee,Orange,Hiawassee,2,LW,Lake
Ora-Hiawassee-3,28.5302,-81.482,Ora-Hiawassee,Orange,Hiawassee,3,LW,Lake
Ora-Hickorynu-1,28.417,-81.6396,Ora-Hickorynu,Orange,Hickorynut,1,LW,Lake
Ora-Hickorynu-2,28.4255,-81.6426,Ora-Hickorynu,Orange,Hickorynut,2,LW,Lake
Ora-Hickorynu-3,28.4322,-81.6441,Ora-Hickorynu,Orange,Hickorynut,3,LW,Lake
Ora-HickoryS-1,28.4282,-81.6503,Ora-HickoryS,Orange,Hickorynut South,1,LW,Lake
Ora-HickoryS-2,28.4256,-81.6473,Ora-HickoryS,Orange,Hickorynut South,2,LW,Lake
Ora-Highland-1,28.5592,-81.3682,Ora-Highland,Orange,Highland,1,LW,Lake
Ora-Highland-2,28.5601,-81.3707,Ora-Highland,Orange,Highland,2,LW,Lake
Ora-Highland-3,28.5596,-81.3727,Ora-Highland,Orange,Highland,3,LW,Lake
Ora-Hill-1,28.6356,-81.4394,Ora-Hill,Orange,Hill,1,LW,Lake
Ora-Hill-2,28.6365,-81.4377,Ora-Hill,Orange,Hill,2,LW,Lake
Ora-Hill-3,28.6375,-81.4363,Ora-Hill,Orange,Hill,3,LW,Lake
Ora-Holden-1,28.501,-81.3952,Ora-Holden,Orange,Holden,1,LW,Lake
Ora-Holden-2,28.5039,-81.3874,Ora-Holden,Orange,Holden,2,LW,Lake
Ora-Holden-3,28.5097,-81.386,Ora-Holden,Orange,Holden,3,LW,Lake
Ora-Holden-Can-1,28.5024,-81.3938,Ora-Holden-Can,Orange,Holden Canal-1,1,LW,Lake
Ora-Hope-1,28.6403,-81.3713,Ora-Hope,Orange,Hope,1,LW,Lake
Ora-Hope-2,28.6386,-81.3728,Ora-Hope,Orange,Hope,2,LW,Lake
Ora-Hope-3,28.6389,-81.3742,Ora-Hope,Orange,Hope,3,LW,Lake
Ora-Horseshoe-1,28.5963,-81.4705,Ora-Horseshoe,Orange,Horseshoe,1,LW,Lake
Ora-Horseshoe-2,28.5957,-81.4715,Ora-Horseshoe,Orange,Horseshoe,2,LW,Lake
Ora-Horseshoe-3,28.595,-81.4727,Ora-Horseshoe,Orange,Horseshoe,3,LW,Lake
Ora-Hourglass-1,28.523,-81.357,Ora-Hourglass,Orange,Hourglass,1,LW,Lake
Ora-Hourglass-2,28.5222,-81.357,Ora-Hourglass,Orange,Hourglass,2,LW,Lake
Ora-Hourglass-3,28.5208,-81.357,Ora-Hourglass,Orange,Hourglass,3,LW,Lake
Ora-HowellCR-1-1,28.5858,-81.3567,Ora-HowellCR-1,Orange,Howell Creek-1,1,LW,River/Stream
Ora-HowellCR-2-1,28.585,-81.3572,Ora-HowellCR-2,Orange,Howell Creek-2,1,LW,River/Stream
Ora-HowellCR-3-1,28.5831,-81.3572,Ora-HowellCR-3,Orange,Howell Creek-3,1,LW,River/Stream
Ora-Hubbert-1,28.3479,-81.6368,Ora-Hubbert,Orange,Hubbert,1,LW,Lake
Ora-Hubbert-2,28.3504,-81.6353,Ora-Hubbert,Orange,Hubbert,2,LW,Lake
Ora-Hubbert-3,28.3516,-81.6364,Ora-Hubbert,Orange,Hubbert,3,LW,Lake
Ora-Huckleber-1,28.4346,-81.6102,Ora-Huckleber,Orange,Huckleberry,1,LW,Lake
Ora-Huckleber-2,28.4346,-81.6126,Ora-Huckleber,Orange,Huckleberry,2,LW,Lake
Ora-Irma-1,28.5937,-81.2631,Ora-Irma,Orange,Irma,1,LW,Lake
Ora-Irma-2,28.5906,-81.267,Ora-Irma,Orange,Irma,2,LW,Lake
Ora-Irma-3,28.5896,-81.2701,Ora-Irma,Orange,Irma,3,LW,Lake
Ora-Irma-4,28.5886,-81.2639,Ora-Irma,Orange,Irma,4,LW,Lake
Ora-Isleworth-1,28.4719,-81.5305,Ora-Isleworth,Orange,Isleworth,1,LW,Lake
Ora-Isleworth-2,28.4716,-81.5279,Ora-Isleworth,Orange,Isleworth,2,LW,Lake
Ora-Isleworth-3,28.4736,-81.5279,Ora-Isleworth,Orange,Isleworth,3,LW,Lake
Ora-IvanhoeE-1,28.5652,-81.3751,Ora-IvanhoeE,Orange,Ivanhoe East,1,LW,Lake
Ora-IvanhoeE-2,28.5636,-81.3752,Ora-IvanhoeE,Orange,Ivanhoe East,2,LW,Lake
Ora-IvanhoeE-3,28.5612,-81.3769,Ora-IvanhoeE,Orange,Ivanhoe East,3,LW,Lake
Ora-IvanhoeM-1,28.5635,-81.3795,Ora-IvanhoeM,Orange,Ivanhoe Middle,1,LW,Lake
Ora-IvanhoeM-2,28.5621,-81.3807,Ora-IvanhoeM,Orange,Ivanhoe Middle,2,LW,Lake
Ora-IvanhoeM-3,28.5611,-81.3823,Ora-IvanhoeM,Orange,Ivanhoe Middle,3,LW,Lake
Ora-IvanhoeNW-1,28.5674,-81.3858,Ora-IvanhoeNW,Orange,Ivanhoe Northwest,1,LW,Lake
Ora-IvanhoeNW-2,28.5668,-81.3857,Ora-IvanhoeNW,Orange,Ivanhoe Northwest,2,LW,Lake
Ora-IvanhoeNW-3,28.5663,-81.3858,Ora-IvanhoeNW,Orange,Ivanhoe Northwest,3,LW,Lake
Ora-IvanhoeW-1,28.5655,-81.3804,Ora-IvanhoeW,Orange,Ivanhoe West,1,LW,Lake
Ora-IvanhoeW-2,28.5651,-81.3831,Ora-IvanhoeW,Orange,Ivanhoe West,2,LW,Lake
Ora-IvanhoeW-3,28.5643,-81.3844,Ora-IvanhoeW,Orange,Ivanhoe West,3,LW,Lake
Ora-Jackson-1,28.6237,-81.38,Ora-Jackson,Orange,Jackson,1,LW,Lake
Ora-Jackson-2,28.6242,-81.3808,Ora-Jackson,Orange,Jackson,2,LW,Lake
Ora-Jackson-3,28.6247,-81.3823,Ora-Jackson,Orange,Jackson,3,LW,Lake
Ora-Jessamine-1,28.4832,-81.3846,Ora-Jessamine,Orange,Jessamine,1,LW,Lake
Ora-Jessamine-2,28.4811,-81.3861,Ora-Jessamine,Orange,Jessamine,2,LW,Lake
Ora-Jessamine-3,28.4791,-81.387,Ora-Jessamine,Orange,Jessamine,3,LW,Lake
Ora-JessaminN-1,28.4898,-81.3821,Ora-JessaminN,Orange,Jessamine North,1,LW,Lake
Ora-JessaminN-2,28.4882,-81.3809,Ora-JessaminN,Orange,Jessamine North,2,LW,Lake
Ora-JessaminN-3,28.4868,-81.3807,Ora-JessaminN,Orange,Jessamine North,3,LW,Lake
Ora-JessaminS-1,28.4767,-81.3894,Ora-JessaminS,Orange,Jessamine South,1,LW,Lake
Ora-JessaminS-2,28.4759,-81.3903,Ora-JessaminS,Orange,Jessamine South,2,LW,Lake
Ora-JessaminS-3,28.4748,-81.391,Ora-JessaminS,Orange,Jessamine South,3,LW,Lake
Ora-Johio-1,28.5773,-81.5104,Ora-Johio,Orange,Johio,1,LW,Lake
Ora-Johio-2,28.5775,-81.5113,Ora-Johio,Orange,Johio,2,LW,Lake
Ora-Johio-3,28.5776,-81.5127,Ora-Johio,Orange,Johio,3,LW,Lake
Ora-John's-1,28.5415,-81.6324,Ora-John's,Orange,John's,1,LW,Lake
Ora-John's-2,28.5353,-81.6406,Ora-John's,Orange,John's,2,LW,Lake
Ora-John's-3,28.5299,-81.658,Ora-John's,Orange,John's,3,LW,Lake
Ora-John's-4,28.5252,-81.6711,Ora-John's,Orange,John's,4,LW,Lake
Ora-John's-5,28.5372,-81.6809,Ora-John's,Orange,John's,5,LW,Lake
Ora-John's-6,28.5408,-81.6491,Ora-John's,Orange,John's,6,LW,Lake
Ora-Killarney-1,28.6021,-81.3807,Ora-Killarney,Orange,Killarney,1,LW,Lake
Ora-Killarney-2,28.5991,-81.375,Ora-Killarney,Orange,Killarney,2,LW,Lake
Ora-Killarney-3,28.5979,-81.3702,Ora-Killarney,Orange,Killarney,3,LW,Lake
Ora-LaGrange-1,28.5076,-81.3438,Ora-LaGrange,Orange,La Grange,1,LW,Lake
Ora-LaGrange-2,28.5078,-81.3421,Ora-LaGrange,Orange,La Grange,2,LW,Lake
Ora-LaGrange-3,28.5082,-81.3411,Ora-LaGrange,Orange,La Grange,3,LW,Lake
Ora-Lancaster-1,28.5259,-81.3631,Ora-Lancaster,Orange,Lancaster,1,LW,Lake
Ora-Lancaster-2,28.525,-81.3664,Ora-Lancaster,Orange,Lancaster,2,LW,Lake
Ora-Lancaster-3,28.5225,-81.3667,Ora-Lancaster,Orange,Lancaster,3,LW,Lake
Ora-Lawne-1,28.5587,-81.4375,Ora-Lawne,Orange,Lawne,1,LW,Lake
Ora-Lawne-2,28.5622,-81.4378,Ora-Lawne,Orange,Lawne,2,LW,Lake
Ora-Lawne-3,28.5671,-81.438,Ora-Lawne,Orange,Lawne,3,LW,Lake
Ora-Lawsona-1,28.5402,-81.3636,Ora-Lawsona,Orange,Lawsona,1,LW,Lake
Ora-Lawsona-2,28.541,-81.3643,Ora-Lawsona,Orange,Lawsona,2,LW,Lake
Ora-Lawsona-3,28.5417,-81.3645,Ora-Lawsona,Orange,Lawsona,3,LW,Lake
Ora-Lee-1,28.59,-81.2069,Ora-Lee,Orange,Lee,1,LW,Lake
Ora-Lee-2,28.5907,-81.207,Ora-Lee,Orange,Lee,2,LW,Lake
Ora-Lee-3,28.5917,-81.2015,Ora-Lee,Orange,Lee,3,LW,Lake
Ora-LittleCo-1,28.481,-81.3633,Ora-LittleCo,Orange,Little Conway,1,LW,Lake
Ora-LittleCo-2,28.4865,-81.359,Ora-LittleCo,Orange,Little Conway,2,LW,Lake
Ora-LittleCo-3,28.4883,-81.3573,Ora-LittleCo,Orange,Little Conway,3,LW,Lake
Ora-LittleDo-1,28.5083,-81.5389,Ora-LittleDo,Orange,Little Down,1,LW,Lake
Ora-LittleDo-2,28.5085,-81.54,Ora-LittleDo,Orange,Little Down,2,LW,Lake
Ora-LittleDo-3,28.5088,-81.5411,Ora-LittleDo,Orange,Little Down,3,LW,Lake
Ora-LitEcon-1-1,28.5819,-81.2325,Ora-LitEcon-1,Orange,Little Econ-1,1,LW,River/Stream
Ora-LitEcon-2-1,28.5816,-81.2336,Ora-LitEcon-2,Orange,Little Econ-2,1,LW,River/Stream
Ora-LitEcon-3-1,28.5813,-81.2349,Ora-LitEcon-3,Orange,Little Econ-3,1,LW,River/Stream
Ora-LittleFa-1,28.5924,-81.3896,Ora-LittleFa,Orange,Little Fairview,1,LW,Lake
Ora-LittleFa-2,28.5899,-81.389,Ora-LittleFa,Orange,Little Fairview,2,LW,Lake
Ora-LittleFa-3,28.5938,-81.3879,Ora-LittleFa,Orange,Little Fairview,3,LW,Lake
Ora-LittleHi-1,28.4326,-81.649,Ora-LittleHi,Orange,Little Hickorynut,1,LW,Lake
Ora-LittleHi-2,28.4311,-81.649,Ora-LittleHi,Orange,Little Hickorynut,2,LW,Lake
Ora-LittleHi-3,28.4299,-81.6483,Ora-LittleHi,Orange,Little Hickorynut,3,LW,Lake
Ora-LittlePh-1,28.5978,-81.4399,Ora-LittlePh,Orange,Little Pheasant,1,LW,Lake
Ora-LittlePh-2,28.5985,-81.4401,Ora-LittlePh,Orange,Little Pheasant,2,LW,Lake
Ora-LittlePh-3,28.5993,-81.4402,Ora-LittlePh,Orange,Little Pheasant,3,LW,Lake
Ora-LittleSawyer-1,28.4713,-81.5741,Ora-LittleSawyer,Orange,Little Sawyer,1,LW,Lake
Ora-LittleSawyer-2,28.473,-81.5749,Ora-LittleSawyer,Orange,Little Sawyer,2,LW,Lake
Ora-LittleSawyer-3,28.4755,-81.576,Ora-LittleSawyer,Orange,Little Sawyer,3,LW,Lake
Ora-LittleWaB-1,28.5015,-81.54,Ora-LittleWaB,Orange,Little Wauseon Bay,1,LW,Lake
Ora-LittleWaB-2,28.5028,-81.5406,Ora-LittleWaB,Orange,Little Wauseon Bay,2,LW,Lake
Ora-LittleWaB-3,28.5036,-81.5412,Ora-LittleWaB,Orange,Little Wauseon Bay,3,LW,Lake
Ora-Lockhart-1,28.6236,-81.4331,Ora-Lockhart,Orange,Lockhart,1,LW,Lake
Ora-Lockhart-2,28.6234,-81.4317,Ora-Lockhart,Orange,Lockhart,2,LW,Lake
Ora-Lockhart-3,28.6218,-81.4328,Ora-Lockhart,Orange,Lockhart,3,LW,Lake
Ora-LornaDoo-1,28.5415,-81.4042,Ora-LornaDoo,Orange,Lorna Doone,1,LW,Lake
Ora-LornaDoo-2,28.5417,-81.4033,Ora-LornaDoo,Orange,Lorna Doone,2,LW,Lake
Ora-LornaDoo-3,28.5419,-81.4024,Ora-LornaDoo,Orange,Lorna Doone,3,LW,Lake
Ora-LostCove-1,28.4519,-81.502,Ora-LostCove,Orange,Lost Cove,1,LW,Lake
Ora-LostCove-2,28.4516,-81.5021,Ora-LostCove,Orange,Lost Cove,2,LW,Lake
Ora-LostCove-3,28.4514,-81.5023,Ora-LostCove,Orange,Lost Cove,3,LW,Lake
Ora-Louise-1,28.4775,-81.531,Ora-Louise,Orange,Louise,1,LW,Lake
Ora-Louise-2,28.4772,-81.5351,Ora-Louise,Orange,Louise,2,LW,Lake
Ora-Louise-3,28.4768,-81.5389,Ora-Louise,Orange,Louise,3,LW,Lake
Ora-Love-1,28.6341,-81.3841,Ora-Love,Orange,Love,1,LW,Lake
Ora-Love-2,28.6342,-81.3835,Ora-Love,Orange,Love,2,LW,Lake
Ora-Love-3,28.6351,-81.3846,Ora-Love,Orange,Love,3,LW,Lake
Ora-LucerneE-1,28.5358,-81.3773,Ora-LucerneE,Orange,Lucerne East,1,LW,Lake
Ora-LucerneE-2,28.5353,-81.3765,Ora-LucerneE,Orange,Lucerne East,2,LW,Lake
Ora-LucerneE-3,28.5347,-81.376,Ora-LucerneE,Orange,Lucerne East,3,LW,Lake
Ora-LucerneW-1,28.5348,-81.3784,Ora-LucerneW,Orange,Lucerne West,1,LW,Lake
Ora-LucerneW-2,28.5349,-81.3792,Ora-LucerneW,Orange,Lucerne West,2,LW,Lake
Ora-LucerneW-3,28.5342,-81.3775,Ora-LucerneW,Orange,Lucerne West,3,LW,Lake
Ora-Lucien-1,28.6262,-81.3894,Ora-Lucien,Orange,Lucien,1,LW,Lake
Ora-Lucien-2,28.6267,-81.3917,Ora-Lucien,Orange,Lucien,2,LW,Lake
Ora-Lucien-3,28.6273,-81.3894,Ora-Lucien,Orange,Lucien,3,LW,Lake
Ora-Lucy-1,28.5721,-81.4952,Ora-Lucy,Orange,Lucy,1,LW,Lake
Ora-Lucy-2,28.574,-81.497,Ora-Lucy,Orange,Lucy,2,LW,Lake
Ora-Lucy-3,28.5751,-81.4976,Ora-Lucy,Orange,Lucy,3,LW,Lake
Ora-Lurna-1,28.5231,-81.3744,Ora-Lurna,Orange,Lurna,1,LW,Lake
Ora-Lurna-2,28.5226,-81.3744,Ora-Lurna,Orange,Lurna,2,LW,Lake
Ora-Lurna-3,28.5226,-81.3738,Ora-Lurna,Orange,Lurna,3,LW,Lake
Ora-Maggiore-1,28.738,-81.6063,Ora-Maggiore,Orange,Maggiore,1,LW,Lake
Ora-Maggiore-2,28.7361,-81.6068,Ora-Maggiore,Orange,Maggiore,2,LW,Lake
Ora-Maggiore-3,28.7363,-81.6036,Ora-Maggiore,Orange,Maggiore,3,LW,Lake
Ora-Maitland-1,28.6207,-81.3571,Ora-Maitland,Orange,Maitland,1,LW,Lake
Ora-Maitland-2,28.6168,-81.3525,Ora-Maitland,Orange,Maitland,2,LW,Lake
Ora-Maitland-3,28.6126,-81.3461,Ora-Maitland,Orange,Maitland,3,LW,Lake
Ora-Mann-1,28.5407,-81.4267,Ora-Mann,Orange,Mann,1,LW,Lake
Ora-Mann-2,28.5372,-81.4267,Ora-Mann,Orange,Mann,2,LW,Lake
Ora-Mann-3,28.5332,-81.4274,Ora-Mann,Orange,Mann,3,LW,Lake
Ora-Margaret-1,28.5023,-81.3464,Ora-Margaret,Orange,Margaret,1,LW,Lake
Ora-Margaret-2,28.5018,-81.3471,Ora-Margaret,Orange,Margaret,2,LW,Lake
Ora-Margaret-3,28.5015,-81.3478,Ora-Margaret,Orange,Margaret,3,LW,Lake
Ora-Marsha-1,28.4765,-81.4798,Ora-Marsha,Orange,Marsha,1,LW,Lake
Ora-Marsha-2,28.4772,-81.4809,Ora-Marsha,Orange,Marsha,2,LW,Lake
Ora-Marsha-3,28.4783,-81.4828,Ora-Marsha,Orange,Marsha,3,LW,Lake
Ora-Marshall-1,28.6766,-81.5309,Ora-Marshall,Orange,Marshall,1,LW,Lake
Ora-Marshall-2,28.6777,-81.5333,Ora-Marshall,Orange,Marshall,2,LW,Lake
Ora-Marshall-3,28.6775,-81.5346,Ora-Marshall,Orange,Marshall,3,LW,Lake
Ora-Martha-1,28.6103,-81.2726,Ora-Martha,Orange,Martha,1,LW,Lake
Ora-Martha-2,28.6084,-81.2724,Ora-Martha,Orange,Martha,2,LW,Lake
Ora-Martha-3,28.6069,-81.2718,Ora-Martha,Orange,Martha,3,LW,Lake
Ora-MaryJane-1,28.3737,-81.1768,Ora-MaryJane,Orange,Mary Jane,1,LW,Lake
Ora-MaryJane-2,28.3678,-81.1798,Ora-MaryJane,Orange,Mary Jane,2,LW,Lake
Ora-MaryJane-3,28.3602,-81.179,Ora-MaryJane,Orange,Mary Jane,3,LW,Lake
Ora-MaryJess-1,28.4767,-81.3759,Ora-MaryJess,Orange,Mary Jess,1,LW,Lake
Ora-MaryJess-2,28.4763,-81.3779,Ora-MaryJess,Orange,Mary Jess,2,LW,Lake
Ora-MaryJess-3,28.4753,-81.3793,Ora-MaryJess,Orange,Mary Jess,3,LW,Lake
Ora-MetroWes-1,28.5318,-81.4708,Ora-MetroWes,Orange,Metro West,1,LW,Lake
Ora-MetroWes-2,28.5303,-81.4699,Ora-MetroWes,Orange,Metro West,2,LW,Lake
Ora-MetroWes-3,28.5288,-81.4696,Ora-MetroWes,Orange,Metro West,3,LW,Lake
Ora-Minnehaha-1,28.6324,-81.3528,Ora-Minnehaha,Orange,Minnehaha,1,LW,Lake
Ora-Minnehaha-2,28.6315,-81.3556,Ora-Minnehaha,Orange,Minnehaha,2,LW,Lake
Ora-Minnehaha-3,28.6296,-81.3574,Ora-Minnehaha,Orange,Minnehaha,3,LW,Lake
Ora-Mira-1,28.5992,-81.2719,Ora-Mira,Orange,Mira,1,LW,Lake
Ora-Mira-2,28.5978,-81.272,Ora-Mira,Orange,Mira,2,LW,Lake
Ora-Mira-3,28.5965,-81.2728,Ora-Mira,Orange,Mira,3,LW,Lake
Ora-Mizell-1,28.591,-81.3374,Ora-Mizell,Orange,Mizell,1,LW,Lake
Ora-Mizell-2,28.5932,-81.3381,Ora-Mizell,Orange,Mizell,2,LW,Lake
Ora-Mizell-3,28.5963,-81.3386,Ora-Mizell,Orange,Mizell,3,LW,Lake
Ora-Moxie-1,28.5818,-81.5348,Ora-Moxie,Orange,Moxie,1,LW,Lake
Ora-Moxie-2,28.5813,-81.5351,Ora-Moxie,Orange,Moxie,2,LW,Lake
Ora-Moxie-3,28.5808,-81.5357,Ora-Moxie,Orange,Moxie,3,LW,Lake
Ora-Nan-1,28.6063,-81.2813,Ora-Nan,Orange,Nan,1,LW,Lake
Ora-Nan-2,28.6075,-81.281,Ora-Nan,Orange,Nan,2,LW,Lake
Ora-Nan-3,28.6086,-81.2802,Ora-Nan,Orange,Nan,3,LW,Lake
Ora-NorthLot-1,28.5527,-81.5098,Ora-NorthLot,Orange,North Lotta,1,LW,Lake
Ora-NorthLot-2,28.5528,-81.5109,Ora-NorthLot,Orange,North Lotta,2,LW,Lake
Ora-NorthLot-3,28.5527,-81.5121,Ora-NorthLot,Orange,North Lotta,3,LW,Lake
Ora-Odell-1,28.4846,-81.4773,Ora-Odell,Orange,O'Dell,1,LW,Lake
Ora-Odell-2,28.4847,-81.4777,Ora-Odell,Orange,O'Dell,2,LW,Lake
Ora-Odell-3,28.485,-81.4779,Ora-Odell,Orange,O'Dell,3,LW,Lake
Ora-Ola-1,28.7553,-81.625,Ora-Ola,Orange,Ola,1,LW,Lake
Ora-Ola-2,28.7545,-81.6322,Ora-Ola,Orange,Ola,2,LW,Lake
Ora-Ola-3,28.7543,-81.6357,Ora-Ola,Orange,Ola,3,LW,Lake
Ora-Olive-1,28.5394,-81.3675,Ora-Olive,Orange,Olive,1,LW,Lake
Ora-Olive-2,28.5398,-81.3673,Ora-Olive,Orange,Olive,2,LW,Lake
Ora-Olive-3,28.5394,-81.367,Ora-Olive,Orange,Olive,3,LW,Lake
Ora-Olivia-1,28.5247,-81.5201,Ora-Olivia,Orange,Olivia,1,LW,Lake
Ora-Olivia-2,28.5235,-81.5187,Ora-Olivia,Orange,Olivia,2,LW,Lake
Ora-Olivia-3,28.5221,-81.5178,Ora-Olivia,Orange,Olivia,3,LW,Lake
Ora-Olympia-1,28.5649,-81.5231,Ora-Olympia,Orange,Olympia,1,LW,Lake
Ora-Olympia-2,28.5682,-81.5226,Ora-Olympia,Orange,Olympia,2,LW,Lake
Ora-Olympia-3,28.5712,-81.5253,Ora-Olympia,Orange,Olympia,3,LW,Lake
Ora-Orlando-1,28.5998,-81.4267,Ora-Orlando,Orange,Orlando,1,LW,Lake
Ora-Orlando-2,28.5975,-81.4332,Ora-Orlando,Orange,Orlando,2,LW,Lake
Ora-Orlando-3,28.5943,-81.434,Ora-Orlando,Orange,Orlando,3,LW,Lake
Ora-Osceola-1,28.599794,-81.3446,Ora-Osceola,Orange,Osceola,1,LW,Lake
Ora-Osceola-2,28.6044,-81.341,Ora-Osceola,Orange,Osceola,2,LW,Lake
Ora-Osceola-3,28.6037,-81.3361,Ora-Osceola,Orange,Osceola,3,LW,Lake
Ora-Pamela-1,28.5196,-81.4631,Ora-Pamela,Orange,Pamela,1,LW,Lake
Ora-Pamela-2,28.521,-81.4624,Ora-Pamela,Orange,Pamela,2,LW,Lake
Ora-Pamela-3,28.5217,-81.4617,Ora-Pamela,Orange,Pamela,3,LW,Lake
Ora-Park-1,28.6158,-81.3724,Ora-Park,Orange,Park,1,LW,Lake
Ora-Park-2,28.6156,-81.3709,Ora-Park,Orange,Park,2,LW,Lake
Ora-Park-3,28.6153,-81.3697,Ora-Park,Orange,Park,3,LW,Lake
Ora-Peach-1,28.5845,-81.5308,Ora-Peach,Orange,Peach,1,LW,Lake
Ora-Peach-2,28.584,-81.5314,Ora-Peach,Orange,Peach,2,LW,Lake
Ora-Peach-3,28.5834,-81.532,Ora-Peach,Orange,Peach,3,LW,Lake
Ora-Pearl-1,28.6029,-81.267,Ora-Pearl,Orange,Pearl,1,LW,Lake
Ora-Pearl-2,28.6044,-81.265,Ora-Pearl,Orange,Pearl,2,LW,Lake
Ora-Pearl-3,28.6052,-81.2627,Ora-Pearl,Orange,Pearl,3,LW,Lake
Ora-Pineloch-1,28.5093,-81.3689,Ora-Pineloch,Orange,Pineloch,1,LW,Lake
Ora-Pineloch-2,28.508,-81.3672,Ora-Pineloch,Orange,Pineloch,2,LW,Lake
Ora-Pineloch-3,28.5058,-81.3643,Ora-Pineloch,Orange,Pineloch,3,LW,Lake
Ora-Pocket-1,28.4233,-81.5145,Ora-Pocket,Orange,Pocket,1,LW,Lake
Ora-Pocket-2,28.4205,-81.5134,Ora-Pocket,Orange,Pocket,2,LW,Lake
Ora-Pocket-3,28.4182,-81.5114,Ora-Pocket,Orange,Pocket,3,LW,Lake
Ora-Porter-1,28.5104,-81.3249,Ora-Porter,Orange,Porter,1,LW,Lake
Ora-Porter-2,28.5111,-81.3244,Ora-Porter,Orange,Porter,2,LW,Lake
Ora-Porter-3,28.5121,-81.3232,Ora-Porter,Orange,Porter,3,LW,Lake
Ora-Prairie-1,28.596800000000002,-81.5103,Ora-Prairie,Orange,Prairie,1,LW,Lake
Ora-Prairie-2,28.5928,-81.5076,Ora-Prairie,Orange,Prairie,2,LW,Lake
Ora-Prairie-3,28.5933,-81.5123,Ora-Prairie,Orange,Prairie,3,LW,Lake
Ora-Price-1,28.6008,-81.1753,Ora-Price,Orange,Price,1,LW,Lake
Ora-Price-2,28.5977,-81.1749,Ora-Price,Orange,Price,2,LW,Lake
Ora-Price-3,28.5938,-81.176,Ora-Price,Orange,Price,3,LW,Lake
Ora-Primavist-1,28.5635,-81.5352,Ora-Primavist,Orange,Primavista,1,LW,Lake
Ora-Primavist-2,28.5639,-81.5368,Ora-Primavist,Orange,Primavista,2,LW,Lake
Ora-Primavist-3,28.5646,-81.5388,Ora-Primavist,Orange,Primavista,3,LW,Lake
Ora-Rabama-1,28.5214,-81.3282,Ora-Rabama,Orange,Rabama,1,LW,Lake
Ora-Rabama-2,28.5208,-81.3287,Ora-Rabama,Orange,Rabama,2,LW,Lake
Ora-Rabama-3,28.5202,-81.3293,Ora-Rabama,Orange,Rabama,3,LW,Lake
Ora-Richmond-1,28.511,-81.4337,Ora-Richmond,Orange,Richmond,1,LW,Lake
Ora-Richmond-2,28.5124,-81.4345,Ora-Richmond,Orange,Richmond,2,LW,Lake
Ora-Richmond-3,28.5137,-81.4352,Ora-Richmond,Orange,Richmond,3,LW,Lake
Ora-Rock-1,28.5485,-81.4012,Ora-Rock,Orange,Rock,1,LW,Lake
Ora-Rock-2,28.547,-81.4014,Ora-Rock,Orange,Rock,2,LW,Lake
Ora-Rock-3,28.5456,-81.4024,Ora-Rock,Orange,Rock,3,LW,Lake
Ora-Rose-1,28.5345,-81.5029,Ora-Rose,Orange,Rose,1,LW,Lake
Ora-Rose-2,28.5377,-81.5056,Ora-Rose,Orange,Rose,2,LW,Lake
Ora-Rose-3,28.5398,-81.5062,Ora-Rose,Orange,Rose,3,LW,Lake
Ora-RoseHill-1,28.5566,-81.5062,Ora-RoseHill,Orange,Rose Hill,1,LW,Lake
Ora-RoseHill-2,28.5574,-81.5062,Ora-RoseHill,Orange,Rose Hill,2,LW,Lake
Ora-Rouse-1,28.5737,-81.213,Ora-Rouse,Orange,Rouse,1,LW,Lake
Ora-Rouse-2,28.5724,-81.2116,Ora-Rouse,Orange,Rouse,2,LW,Lake
Ora-Rouse-3,28.5737,-81.2118,Ora-Rouse,Orange,Rouse,3,LW,Lake
Ora-Rowena-1,28.5705,-81.3625,Ora-Rowena,Orange,Rowena,1,LW,Lake
Ora-Rowena-2,28.5707,-81.3594,Ora-Rowena,Orange,Rowena,2,LW,Lake
Ora-Rowena-3,28.5709,-81.3575,Ora-Rowena,Orange,Rowena,3,LW,Lake
Ora-SanSusan-1,28.5392,-81.4647,Ora-SanSusan,Orange,San Susan,1,LW,Lake
Ora-SanSusan-2,28.5398,-81.4655,Ora-SanSusan,Orange,San Susan,2,LW,Lake
Ora-SanSusan-3,28.5405,-81.4662,Ora-SanSusan,Orange,San Susan,3,LW,Lake
Ora-Sandy-1,28.4589,-81.4644,Ora-Sandy,Orange,Sandy,1,LW,Lake
Ora-Sandy-2,28.4602,-81.4652,Ora-Sandy,Orange,Sandy,2,LW,Lake
Ora-Sandy-3,28.4595,-81.4662,Ora-Sandy,Orange,Sandy,3,LW,Lake
Ora-Santiago-1,28.5336,-81.3185,Ora-Santiago,Orange,Santiago,1,LW,Lake
Ora-Santiago-2,28.533,-81.3182,Ora-Santiago,Orange,Santiago,2,LW,Lake
Ora-Santiago-3,28.5333,-81.3177,Ora-Santiago,Orange,Santiago,3,LW,Lake
Ora-Sarah-1,28.5861,-81.4026,Ora-Sarah,Orange,Sarah,1,LW,Lake
Ora-Sarah-2,28.5853,-81.4025,Ora-Sarah,Orange,Sarah,2,LW,Lake
Ora-Sarah-3,28.5846,-81.4024,Ora-Sarah,Orange,Sarah,3,LW,Lake
Ora-Sawyer-1,28.4715,-81.5704,Ora-Sawyer,Orange,Sawyer,1,LW,Lake
Ora-Sawyer-2,28.4691,-81.5679,Ora-Sawyer,Orange,Sawyer,2,LW,Lake
Ora-Sawyer-3,28.4669,-81.5652,Ora-Sawyer,Orange,Sawyer,3,LW,Lake
Ora-Serene-1,28.4407,-81.5012,Ora-Serene,Orange,Serene,1,LW,Lake
Ora-Serene-2,28.4419,-81.5002,Ora-Serene,Orange,Serene,2,LW,Lake
Ora-Serene-3,28.4437,-81.4993,Ora-Serene,Orange,Serene,3,LW,Lake
Ora-Shannon-1,28.5641,-81.3413,Ora-Shannon,Orange,Shannon,1,LW,Lake
Ora-Shannon-2,28.5646,-81.3412,Ora-Shannon,Orange,Shannon,2,LW,Lake
Ora-Shannon-3,28.5654,-81.3412,Ora-Shannon,Orange,Shannon,3,LW,Lake
Ora-Sheen-1,28.4361,-81.5144,Ora-Sheen,Orange,Sheen,1,LW,Lake
Ora-Sheen-2,28.4285,-81.5165,Ora-Sheen,Orange,Sheen,2,LW,Lake
Ora-Sheen-3,28.436,-81.5225,Ora-Sheen,Orange,Sheen,3,LW,Lake
Ora-Sheppard-1,28.682,-81.5449,Ora-Sheppard,Orange,Sheppard,1,LW,Lake
Ora-Sheppard-2,28.6821,-81.5437,Ora-Sheppard,Orange,Sheppard,2,LW,Lake
Ora-Sheppard-3,28.6822,-81.5424,Ora-Sheppard,Orange,Sheppard,3,LW,Lake
Ora-Silver-1,28.5767,-81.3955,Ora-Silver,Orange,Silver,1,LW,Lake
Ora-Silver-2,28.5784,-81.3965,Ora-Silver,Orange,Silver,2,LW,Lake
Ora-Silver-3,28.5805,-81.3975,Ora-Silver,Orange,Silver,3,LW,Lake
Ora-Sloat-1,28.4455,-81.5104,Ora-Sloat,Orange,Sloat,1,LW,Lake
Ora-Sloat-2,28.445,-81.5086,Ora-Sloat,Orange,Sloat,2,LW,Lake
Ora-Sloat-3,28.4445,-81.507,Ora-Sloat,Orange,Sloat,3,LW,Lake
Ora-Smith-1,28.3537,-81.6347,Ora-Smith,Orange,Smith,1,LW,Lake
Ora-Smith-2,28.3537,-81.6351,Ora-Smith,Orange,Smith,2,LW,Lake
Ora-Smith-3,28.3537,-81.6357,Ora-Smith,Orange,Smith,3,LW,Lake
Ora-SouthLot-1,28.5504,-81.5132,Ora-SouthLot,Orange,South Lotta,1,LW,Lake
Ora-SouthLot-2,28.5492,-81.5123,Ora-SouthLot,Orange,South Lotta,2,LW,Lake
Ora-SouthLot-3,28.5509,-81.5106,Ora-SouthLot,Orange,South Lotta,3,LW,Lake
Ora-Speer-1,28.4826,-81.5968,Ora-Speer,Orange,Speer,1,LW,Lake
Ora-Speer-2,28.4791,-81.5986,Ora-Speer,Orange,Speer,2,LW,Lake
Ora-Speer-3,28.4757,-81.6001,Ora-Speer,Orange,Speer,3,LW,Lake
Ora-Spier-1,28.57867,-81.32821,Ora-Spier,Orange,Spier,1,LW,Lake
Ora-Spier-2,28.57811,-81.32984,Ora-Spier,Orange,Spier,2,LW,Lake
Ora-Spier-3,28.57771,-81.33132,Ora-Spier,Orange,Spier,3,LW,Lake
Ora-Spring-1,28.5556,-81.3997,Ora-Spring,Orange,Spring,1,LW,Lake
Ora-Spring-2,28.5569,-81.399,Ora-Spring,Orange,Spring,2,LW,Lake
Ora-Spring-3,28.5573,-81.3969,Ora-Spring,Orange,Spring,3,LW,Lake
Ora-Spring2-1,28.5815,-81.5216,Ora-Spring2,Orange,Spring 2,1,LW,Lake
Ora-Spring2-2,28.5816,-81.52,Ora-Spring2,Orange,Spring 2,2,LW,Lake
Ora-Spring2-3,28.5819,-81.5182,Ora-Spring2,Orange,Spring 2,3,LW,Lake
Ora-Stanley-1,28.579,-81.5009,Ora-Stanley,Orange,Stanley,1,LW,Lake
Ora-Stanley-2,28.5811,-81.5008,Ora-Stanley,Orange,Stanley,2,LW,Lake
Ora-Stanley-3,28.5818,-81.5025,Ora-Stanley,Orange,Stanley,3,LW,Lake
Ora-Starke-1,28.5722,-81.5332,Ora-Starke,Orange,Starke,1,LW,Lake
Ora-Starke-2,28.5742,-81.5371,Ora-Starke,Orange,Starke,2,LW,Lake
Ora-Starke-3,28.57,-81.539,Ora-Starke,Orange,Starke,3,LW,Lake
Ora-Sue-1,28.5796,-81.3548,Ora-Sue,Orange,Sue,1,LW,Lake
Ora-Sue-2,28.5735,-81.3522,Ora-Sue,Orange,Sue,2,LW,Lake
Ora-Sue-3,28.5772,-81.3569,Ora-Sue,Orange,Sue,3,LW,Lake
Ora-Susannah-1,28.5639,-81.3234,Ora-Susannah,Orange,Susannah,1,LW,Lake
Ora-Susannah-2,28.5624,-81.3232,Ora-Susannah,Orange,Susannah,2,LW,Lake
Ora-Susannah-3,28.5604,-81.3249,Ora-Susannah,Orange,Susannah,3,LW,Lake
Ora-Sybelia-1,28.623,-81.3771,Ora-Sybelia,Orange,Sybelia,1,LW,Lake
Ora-Sybelia-2,28.6255,-81.3764,Ora-Sybelia,Orange,Sybelia,2,LW,Lake
Ora-Sybelia-3,28.6276,-81.3706,Ora-Sybelia,Orange,Sybelia,3,LW,Lake
Ora-Tennessee-1,28.5099,-81.3318,Ora-Tennessee,Orange,Tennessee,1,LW,Lake
Ora-Tennessee-2,28.511,-81.3319,Ora-Tennessee,Orange,Tennessee,2,LW,Lake
Ora-Tennessee-3,28.5101,-81.3329,Ora-Tennessee,Orange,Tennessee,3,LW,Lake
Ora-Terrace-1,28.5213,-81.3462,Ora-Terrace,Orange,Terrace,1,LW,Lake
Ora-Terrace-2,28.5209,-81.3462,Ora-Terrace,Orange,Terrace,2,LW,Lake
Ora-Terrace-3,28.5205,-81.3462,Ora-Terrace,Orange,Terrace,3,LW,Lake
Ora-Theresa-1,28.5607,-81.3395,Ora-Theresa,Orange,Theresa,1,LW,Lake
Ora-Theresa-2,28.5607,-81.3395,Ora-Theresa,Orange,Theresa,2,LW,Lake
Ora-Tibet-1,28.4616,-81.5229,Ora-Tibet,Orange,Tibet,1,LW,Lake
Ora-Tibet-2,28.4561,-81.5224,Ora-Tibet,Orange,Tibet,2,LW,Lake
Ora-Tibet-3,28.4488,-81.5228,Ora-Tibet,Orange,Tibet,3,LW,Lake
Ora-Tilden-1,28.5213,-81.5937,Ora-Tilden,Orange,Tilden,1,LW,Lake
Ora-Tilden-2,28.5195,-81.5933,Ora-Tilden,Orange,Tilden,2,LW,Lake
Ora-Tilden-3,28.5176,-81.5936,Ora-Tilden,Orange,Tilden,3,LW,Lake
Ora-TimberRi-1,28.5617,-81.2835,Ora-TimberRi,Orange,Timber River Pond,1,LW,Lake
Ora-TimberRi-2,28.5629,-81.2835,Ora-TimberRi,Orange,Timber River Pond,2,LW,Lake
Ora-TimberRi-3,28.5638,-81.2836,Ora-TimberRi,Orange,Timber River Pond,3,LW,Lake
Ora-Tucker-1,28.4468,-81.5041,Ora-Tucker,Orange,Tucker,1,LW,Lake
Ora-Tucker-2,28.4457,-81.5042,Ora-Tucker,Orange,Tucker,2,LW,Lake
Ora-Tucker-3,28.4447,-81.5043,Ora-Tucker,Orange,Tucker,3,LW,Lake
Ora-Underhill-1,28.5413,-81.3347,Ora-Underhill,Orange,Underhill,1,LW,Lake
Ora-Underhill-2,28.5397,-81.336,Ora-Underhill,Orange,Underhill,2,LW,Lake
Ora-Underhill-3,28.5377,-81.3374,Ora-Underhill,Orange,Underhill,3,LW,Lake
Ora-Underhill-4,28.5364,-81.3394,Ora-Underhill,Orange,Underhill,4,LW,Lake
Ora-Virginia-1,28.5919,-81.3438,Ora-Virginia,Orange,Virginia,1,LW,Lake
Ora-Virginia-2,28.5858,-81.3413,Ora-Virginia,Orange,Virginia,2,LW,Lake
Ora-Virginia-3,28.5885,-81.3504,Ora-Virginia,Orange,Virginia,3,LW,Lake
Ora-Wade-1,28.5166,-81.3679,Ora-Wade,Orange,Wade,1,LW,Lake
Ora-Wade-2,28.5161,-81.3678,Ora-Wade,Orange,Wade,2,LW,Lake
Ora-Wade-3,28.5159,-81.3672,Ora-Wade,Orange,Wade,3,LW,Lake
Ora-Walker-1,28.5248,-81.4239,Ora-Walker,Orange,Walker,1,LW,Lake
Ora-Walker-2,28.5246,-81.4231,Ora-Walker,Orange,Walker,2,LW,Lake
Ora-Walker-3,28.5247,-81.4221,Ora-Walker,Orange,Walker,3,LW,Lake
Ora-Waumpi-1,28.6314,-81.3293,Ora-Waumpi,Orange,Waumpi,1,LW,Lake
Ora-Waumpi-2,28.6322,-81.3301,Ora-Waumpi,Orange,Waumpi,2,LW,Lake
Ora-Waumpi-3,28.6329,-81.3305,Ora-Waumpi,Orange,Waumpi,3,LW,Lake
Ora-Waunatta-1,28.6016,-81.2776,Ora-Waunatta,Orange,Waunatta,1,LW,Lake
Ora-Waunatta-2,28.6033,-81.2778,Ora-Waunatta,Orange,Waunatta,2,LW,Lake
Ora-Waunatta-3,28.6007,-81.282,Ora-Waunatta,Orange,Waunatta,3,LW,Lake
Ora-WauseonB-1,28.5037,-81.5446,Ora-WauseonB,Orange,Wauseon Bay,1,LW,Lake
Ora-WauseonB-2,28.5022,-81.5455,Ora-WauseonB,Orange,Wauseon Bay,2,LW,Lake
Ora-WauseonB-3,28.5007,-81.5476,Ora-WauseonB,Orange,Wauseon Bay,3,LW,Lake
Ora-Weldona-1,28.5303,-81.36,Ora-Weldona,Orange,Weldona,1,LW,Lake
Ora-Weldona-2,28.5294,-81.3607,Ora-Weldona,Orange,Weldona,2,LW,Lake
Ora-Weldona-3,28.5285,-81.3611,Ora-Weldona,Orange,Weldona,3,LW,Lake
Ora-West-1,28.3569,-81.6354,Ora-West,Orange,West,1,LW,Lake
Ora-West-2,28.3573,-81.6354,Ora-West,Orange,West,2,LW,Lake
Ora-West-3,28.3577,-81.6355,Ora-West,Orange,West,3,LW,Lake
Ora-Whitney-1,28.521278,-81.555379,Ora-Whitney,Orange,Whitney,1,LW,Lake
Ora-Whitney-2,28.521825,-81.552922,Ora-Whitney,Orange,Whitney,2,LW,Lake
Ora-Whitney-3,28.522501,-81.551152,Ora-Whitney,Orange,Whitney,3,LW,Lake
Ora-Whippwill-1,28.3829,-81.2377,Ora-Whippwill,Orange,Whippoorwill,1,LW,Lake
Ora-Whippwill-2,28.3861,-81.2359,Ora-Whippwill,Orange,Whippoorwill,2,LW,Lake
Ora-Whippwill-3,28.3923,-81.2335,Ora-Whippwill,Orange,Whippoorwill,3,LW,Lake
Ora-WilliamD-1,28.4834,-81.5702,Ora-WilliamD,Orange,William Davis,1,LW,Lake
Ora-WilliamD-2,28.4849,-81.5708,Ora-WilliamD,Orange,William Davis,2,LW,Lake
Ora-WilliamD-3,28.4858,-81.5721,Ora-WilliamD,Orange,William Davis,3,LW,Lake
Ora-Willis-1,28.3959,-81.4766,Ora-Willis,Orange,Willis,1,LW,Lake
Ora-Willis-2,28.3982,-81.478,Ora-Willis,Orange,Willis,2,LW,Lake
Ora-Willis-3,28.4006,-81.479,Ora-Willis,Orange,Willis,3,LW,Lake
Ora-Willisari-1,28.5076,-81.3618,Ora-Willisari,Orange,Willisaria,1,LW,Lake
Ora-Willisari-2,28.5081,-81.3611,Ora-Willisari,Orange,Willisaria,2,LW,Lake
Ora-Willisari-3,28.5085,-81.3605,Ora-Willisari,Orange,Willisaria,3,LW,Lake
Ora-Winyah-1,28.5791,-81.3689,Ora-Winyah,Orange,Winyah,1,LW,Lake
Ora-Winyah-2,28.5784,-81.3684,Ora-Winyah,Orange,Winyah,2,LW,Lake
Ora-Winyah-3,28.5778,-81.3678,Ora-Winyah,Orange,Winyah,3,LW,Lake
Ora-Wise-1,28.3592,-81.63,Ora-Wise,Orange,Wise,1,LW,Lake
Ora-Wise-2,28.3588,-81.6308,Ora-Wise,Orange,Wise,2,LW,Lake
Ora-Wise-3,28.3586,-81.6299,Ora-Wise,Orange,Wise,3,LW,Lake
Osc-Ajay-1,28.3373,-81.2233,Osc-Ajay,Osceola,Ajay,1,LW,Lake
Osc-Ajay-2,28.3402,-81.2229,Osc-Ajay,Osceola,Ajay,2,LW,Lake
Osc-Ajay-3,28.3431,-81.2225,Osc-Ajay,Osceola,Ajay,3,LW,Lake
Osc-Alligator-1,28.235,-81.1995,Osc-Alligator,Osceola,Alligator,1,LW,Lake
Osc-Alligator-2,28.2305,-81.1988,Osc-Alligator,Osceola,Alligator,2,LW,Lake
Osc-Alligator-3,28.2263,-81.1987,Osc-Alligator,Osceola,Alligator,3,LW,Lake
Osc-Alligator-4,28.2078,-81.2152,Osc-Alligator,Osceola,Alligator,4,LW,Lake
Osc-Alligator-5,28.1965,-81.2245,Osc-Alligator,Osceola,Alligator,5,LW,Lake
Osc-AlligatorCan-1-1,28.2017,-81.2353,Osc-AlligatorCan-1,Osceola,Alligator Canal-1,1,LW,Lake
Osc-AlligatorCan-2-1,28.2017,-81.2329,Osc-AlligatorCan-2,Osceola,Alligator Canal-2,1,LW,Lake
Osc-AlligatorCan-3-1,28.2236,-81.18935,Osc-AlligatorCan-3,Osceola,Alligator Canal-3,1,LW,Lake
Osc-Bay-1,28.2289,-81.1683,Osc-Bay,Osceola,Bay,1,LW,Lake
Osc-Bay-2,28.2304,-81.1636,Osc-Bay,Osceola,Bay,2,LW,Lake
Osc-Bay-3,28.231,-81.1597,Osc-Bay,Osceola,Bay,3,LW,Lake
Osc-Bellalago-1,28.1847,-81.4155,Osc-Bellalago,Osceola,Bellalago,1,LW,Lake
Osc-Bellalago-2,28.1895,-81.4268,Osc-Bellalago,Osceola,Bellalago,2,LW,Lake
Osc-Bellalago-3,28.1797,-81.4277,Osc-Bellalago,Osceola,Bellalago,3,LW,Lake
Osc-BoggyC-1,28.3327,-81.3118,Osc-BoggyC,Osceola,Boggy Cove,1,LW,Lake
Osc-BoggyC-2,28.3307,-81.3118,Osc-BoggyC,Osceola,Boggy Cove,2,LW,Lake
Osc-BoggyC-3,28.3278,-81.3129,Osc-BoggyC,Osceola,Boggy Cove,3,LW,Lake
Osc-Brick-1,28.1747,-81.198,Osc-Brick,Osceola,Brick,1,LW,Lake
Osc-Brick-2,28.1673,-81.1912,Osc-Brick,Osceola,Brick,2,LW,Lake
Osc-Brick-3,28.1634,-81.2009,Osc-Brick,Osceola,Brick,3,LW,Lake
Osc-Buck-1,28.2062,-81.1476,Osc-Buck,Osceola,Buck,1,LW,Lake
Osc-Buck-2,28.2078,-81.1511,Osc-Buck,Osceola,Buck,2,LW,Lake
Osc-Buck-3,28.2085,-81.156,Osc-Buck,Osceola,Buck,3,LW,Lake
Osc-Cat-1,28.2025,-81.1257,Osc-Cat,Osceola,Cat,1,LW,Lake
Osc-Cat-2,28.2069,-81.1252,Osc-Cat,Osceola,Cat,2,LW,Lake
Osc-Cat-3,28.213,-81.1273,Osc-Cat,Osceola,Cat,3,LW,Lake
Osc-Cecile-1,28.3283,-81.4748,Osc-Cecile,Osceola,Cecile,1,LW,Lake
Osc-Cecile-2,28.328,-81.4778,Osc-Cecile,Osceola,Cecile,2,LW,Lake
Osc-Cecile-3,28.3286,-81.4808,Osc-Cecile,Osceola,Cecile,3,LW,Lake
Osc-Center-1,28.2831,-81.1902,Osc-Center,Osceola,Center,1,LW,Lake
Osc-Center-2,28.2799,-81.1896,Osc-Center,Osceola,Center,2,LW,Lake
Osc-Center-3,28.275,-81.188,Osc-Center,Osceola,Center,3,LW,Lake
Osc-Center-4,28.2755,-81.1941,Osc-Center,Osceola,Center,4,LW,Lake
Osc-ChisholmP-1,28.2796,-81.2533,Osc-ChisholmP,Osceola,Chisholm Park,1,LW,Lake
Osc-ChisholmP-2,28.2797,-81.2532,Osc-ChisholmP,Osceola,Chisholm Park,2,LW,Lake
Osc-ChisholmP-3,28.2798,-81.253,Osc-ChisholmP,Osceola,Chisholm Park,3,LW,Lake
Osc-CivicCenP-1,28.2929,-81.402,Osc-CivicCenP,Osceola,Civic Center Pond,1,LW,Lake
Osc-CivicCenP-2,28.2923,-81.4014,Osc-CivicCenP,Osceola,Civic Center Pond,2,LW,Lake
Osc-CivicCenP-3,28.2915,-81.4004,Osc-CivicCenP,Osceola,Civic Center Pond,3,LW,Lake
Osc-Coon-1,28.269,-81.1828,Osc-Coon,Osceola,Coon,1,LW,Lake
Osc-Coon-2,28.267,-81.1832,Osc-Coon,Osceola,Coon,2,LW,Lake
Osc-Coon-3,28.2645,-81.1834,Osc-Coon,Osceola,Coon,3,LW,Lake
Osc-Cypress-1,28.0818,-81.3086,Osc-Cypress,Osceola,Cypress,1,LW,Lake
Osc-Cypress-2,28.0757,-81.3231,Osc-Cypress,Osceola,Cypress,2,LW,Lake
Osc-Cypress-3,28.0684,-81.3342,Osc-Cypress,Osceola,Cypress,3,LW,Lake
Osc-CypressE-2,28.0778,-81.3267,Osc-CypressE,Osceola,Cypress East,2,LW,Lake
Osc-Fells Cov-1,28.3331,-81.2503,Osc-Fells Cov,Osceola,Fells Cove,1,LW,Lake
Osc-Fells Cov-2,28.3314,-81.2466,Osc-Fells Cov,Osceola,Fells Cove,2,LW,Lake
Osc-Fells Cov-3,28.3303,-81.2437,Osc-Fells Cov,Osceola,Fells Cove,3,LW,Lake
Osc-Fish-1,28.2645,-81.3393,Osc-Fish,Osceola,Fish,1,LW,Lake
Osc-Fish-2,28.2694,-81.3432,Osc-Fish,Osceola,Fish,2,LW,Lake
Osc-Fish-3,28.2732,-81.3486,Osc-Fish,Osceola,Fish,3,LW,Lake
Osc-Gentry-1,28.1488,-81.2304,Osc-Gentry,Osceola,Gentry,1,LW,Lake
Osc-Gentry-2,28.1407,-81.2438,Osc-Gentry,Osceola,Gentry,2,LW,Lake
Osc-Gentry-3,28.1299,-81.2558,Osc-Gentry,Osceola,Gentry,3,LW,Lake
Osc-GobletsC-1,28.2339,-81.3512,Osc-GobletsC,Osceola,Goblet's Cove,1,LW,Lake
Osc-GobletsC-2,28.2378,-81.3605,Osc-GobletsC,Osceola,Goblet's Cove,2,LW,Lake
Osc-GobletsC-3,28.2412,-81.3678,Osc-GobletsC,Osceola,Goblet's Cove,3,LW,Lake
Osc-HarEs-RP-1,28.2034,-81.1453,Osc-HarEs-RP,Osceola,Harmony Estates-Retention Pond,1,LW,Lake
Osc-HarEs-RP-2,28.2036,-81.1343,Osc-HarEs-RP,Osceola,Harmony Estates-Retention Pond,2,LW,Lake
Osc-Hatchineh-1,28.0067,-81.387200000000007,Osc-Hatchineh,Osceola,Hatchineha,1,LW,Lake
Osc-Hatchineh-2,28.0302,-81.4237,Osc-Hatchineh,Osceola,Hatchineha,2,LW,Lake
Osc-Hatchineh-3,28.0474,-81.4478,Osc-Hatchineh,Osceola,Hatchineha,3,LW,Lake
Osc-Hatchineh-4,28.0143,-81.3709,Osc-Hatchineh,Osceola,Hatchineha,4,LW,Lake
Osc-Hinden-1,28.3225,-81.23,Osc-Hinden,Osceola,Hinden,1,LW,Lake
Osc-Hinden-2,28.3231,-81.2271,Osc-Hinden,Osceola,Hinden,2,LW,Lake
Osc-Hinden-3,28.3233,-81.2243,Osc-Hinden,Osceola,Hinden,3,LW,Lake
Osc-Hole #2 P-1,28.2,-81.156,Osc-Hole #2 P,Osceola,Hole #2 Pond,1,LW,Lake
Osc-Hole #2 P-2,28.2001,-81.1563,Osc-Hole #2 P,Osceola,Hole #2 Pond,2,LW,Lake
Osc-House of -1,28.2037,-81.1511,Osc-House of ,Osceola,House of Dreams,1,LW,Lake
Osc-House of -2,28.2037,-81.152,Osc-House of ,Osceola,House of Dreams,2,LW,Lake
Osc-House of -3,28.2037,-81.1511,Osc-House of ,Osceola,House of Dreams,3,LW,Lake
Osc-Jackson-1,27.9155,-81.1552,Osc-Jackson,Osceola,Jackson,1,LW,Lake
Osc-Jackson-2,27.9078,-81.1657,Osc-Jackson,Osceola,Jackson,2,LW,Lake
Osc-Jackson-3,27.8983,-81.1649,Osc-Jackson,Osceola,Jackson,3,LW,Lake
Osc-Kissimmee-1,27.9441,-81.3097,Osc-Kissimmee,Osceola,Kissimmee,1,LW,Lake
Osc-Kissimmee-2,27.9101,-81.2996,Osc-Kissimmee,Osceola,Kissimmee,2,LW,Lake
Osc-Kissimmee-3,27.8957,-81.2557,Osc-Kissimmee,Osceola,Kissimmee,3,LW,Lake
Osc-Laurel-1,28.1788,-81.4814,Osc-Laurel,Osceola,Laurel,1,LW,Lake
Osc-Laurel-2,28.1781,-81.4823,Osc-Laurel,Osceola,Laurel,2,LW,Lake
Osc-Laurel-3,28.1777,-81.4829,Osc-Laurel,Osceola,Laurel,3,LW,Lake
Osc-LiveOak-1,28.2341,-81.2407,Osc-LiveOak,Osceola,Live Oak,1,LW,Lake
Osc-LiveOak-2,28.2321,-81.2356,Osc-LiveOak,Osceola,Live Oak,2,LW,Lake
Osc-LiveOak-3,28.228,-81.229,Osc-LiveOak,Osceola,Live Oak,3,LW,Lake
Osc-Lizzie-1,28.2515,-81.1871,Osc-Lizzie,Osceola,Lizzie,1,LW,Lake
Osc-Lizzie-2,28.2442,-81.1849,Osc-Lizzie,Osceola,Lizzie,2,LW,Lake
Osc-Lizzie-3,28.2391,-81.1824,Osc-Lizzie,Osceola,Lizzie,3,LW,Lake
Osc-Marian-1,27.8824,-81.1117,Osc-Marian,Osceola,Marian,1,LW,Lake
Osc-Marian-2,27.8755,-81.0787,Osc-Marian,Osceola,Marian,2,LW,Lake
Osc-Marian-3,27.8668,-81.0482,Osc-Marian,Osceola,Marian,3,LW,Lake
Osc-MillSl-1-1,28.3075,-81.3857,Osc-MillSl-1,Osceola,Mill Slough-1,1,LW,River/Stream
Osc-MillSl-2-1,28.3062,-81.3856,Osc-MillSl-2,Osceola,Mill Slough-2,1,LW,River/Stream
Osc-MillSl-3-1,28.3047,-81.3856,Osc-MillSl-3,Osceola,Mill Slough-3,1,LW,River/Stream
Osc-OHP-CVB-1,28.295,-81.3638,Osc-OHP-CVB,Osceola,OHP-CVB,1,LW,Lake
Osc-OHP-CVB-2,28.295,-81.3638,Osc-OHP-CVB,Osceola,OHP-CVB,2,LW,Lake
Osc-OHP-EP-1,28.2959,-81.3624,Osc-OHP-EP,Osceola,OHP-Entrance Pond,1,LW,Lake
Osc-OHP-EP-2,28.2959,-81.3623,Osc-OHP-EP,Osceola,OHP-Entrance Pond,2,LW,Lake
Osc-OHP-MaryB-1,28.3004,-81.3719,Osc-OHP-MaryB,Osceola,OHP-Mary Beth,1,LW,Lake
Osc-OHP-MaryB-2,28.3001,-81.3722,Osc-OHP-MaryB,Osceola,OHP-Mary Beth,2,LW,Lake
Osc-OHP-MaryB-3,28.2996,-81.3727,Osc-OHP-MaryB,Osceola,OHP-Mary Beth,3,LW,Lake
Osc-OHP-SP-1,28.2982,-81.3626,Osc-OHP-SP,Osceola,OHP-Stadium Pond,1,LW,Lake
Osc-OHP-SP-2,28.2978,-81.362,Osc-OHP-SP,Osceola,OHP-Stadium Pond,2,LW,Lake
Osc-OHP-SP-3,28.2968,-81.3617,Osc-OHP-SP,Osceola,OHP-Stadium Pond,3,LW,Lake
Osc-Runnymead-1,28.2614,-81.2551,Osc-Runnymead,Osceola,Runnymeade,1,LW,Lake
Osc-Runnymead-2,28.2571,-81.2576,Osc-Runnymead,Osceola,Runnymeade,2,LW,Lake
Osc-Runnymead-3,28.2573,-81.2516,Osc-Runnymead,Osceola,Runnymeade,3,LW,Lake
Osc-ShgleCr-1-1,28.2666,-81.408,Osc-ShgleCr-1,Osceola,Shingle Creek-1,1,LW,River/Stream
Osc-ShgleCr-2-1,28.2684,-81.4164,Osc-ShgleCr-2,Osceola,Shingle Creek-2,1,LW,River/Stream
Osc-ShgleCr-3-1,28.2681,-81.4249,Osc-ShgleCr-3,Osceola,Shingle Creek-3,1,LW,River/Stream
Osc-ShgleCr-4-1,28.3165,-81.4522,Osc-ShgleCr-4,Osceola,Shingle Creek-4,1,LW,River/Stream
Osc-ShgleCr-5-1,28.3042,-81.4512,Osc-ShgleCr-5,Osceola,Shingle Creek-5,1,LW,River/Stream
Osc-ShgleCr-6-1,28.2987,-81.4508,Osc-ShgleCr-6,Osceola,Shingle Creek-6,1,LW,River/Stream
Osc-Tohopekal-1,28.271,-81.3968,Osc-Tohopekal,Osceola,Tohopekaliga,1,LW,Lake
Osc-Tohopekal-2,28.2458,-81.3912,Osc-Tohopekal,Osceola,Tohopekaliga,2,LW,Lake
Osc-Tohopekal-3,28.2095,-81.3988,Osc-Tohopekal,Osceola,Tohopekaliga,3,LW,Lake
Osc-Tohopekal-4,28.175,-81.3637,Osc-Tohopekal,Osceola,Tohopekaliga,4,LW,Lake
Osc-TohopekaE-1,28.2673,-81.2913,Osc-TohopekaE,Osceola,Tohopekaliga East,1,LW,Lake
Osc-TohopekaE-2,28.2925,-81.2857,Osc-TohopekaE,Osceola,Tohopekaliga East,2,LW,Lake
Osc-TohopekaE-3,28.3162,-81.2842,Osc-TohopekaE,Osceola,Tohopekaliga East,3,LW,Lake
Osc-TohopekaM-1,28.1761,-81.3791,Osc-TohopekaM,Osceola,Tohopekaliga-Middle,1,LW,Lake
Osc-TohopekaM-2,28.2207,-81.3946,Osc-TohopekaM,Osceola,Tohopekaliga-Middle,2,LW,Lake
Osc-TohopekaM-3,28.1865,-81.385,Osc-TohopekaM,Osceola,Tohopekaliga-Middle,3,LW,Lake
Osc-TohopekaN-1,28.2906,-81.3967,Osc-TohopekaN,Osceola,Tohopekaliga-North,1,LW,Lake
Osc-TohopekaN-2,28.2809,-81.4008,Osc-TohopekaN,Osceola,Tohopekaliga-North,2,LW,Lake
Osc-TohopekaN-3,28.2671,-81.4017,Osc-TohopekaN,Osceola,Tohopekaliga-North,3,LW,Lake
Osc-TohopekaS-1,28.1634,-81.3692,Osc-TohopekaS,Osceola,Tohopekaliga-South,1,LW,Lake
Osc-TohopekaS-2,28.1792,-81.3579,Osc-TohopekaS,Osceola,Tohopekaliga-South,2,LW,Lake
Osc-TohopekaS-3,28.1475,-81.3558,Osc-TohopekaS,Osceola,Tohopekaliga-South,3,LW,Lake
Osc-Trout-1,28.2614,-81.1725,Osc-Trout,Osceola,Trout,1,LW,Lake
Osc-Trout-2,28.2589,-81.1681,Osc-Trout,Osceola,Trout,2,LW,Lake
Osc-Trout-3,28.2545,-81.1645,Osc-Trout,Osceola,Trout,3,LW,Lake
Osc-ValenciaB-1,28.3069,-81.384,Osc-ValenciaB,Osceola,Valencia Big,1,LW,Lake
Osc-ValenciaB-2,28.306,-81.384,Osc-ValenciaB,Osceola,Valencia Big,2,LW,Lake
Osc-ValenciaB-3,28.3051,-81.3838,Osc-ValenciaB,Osceola,Valencia Big,3,LW,Lake
Osc-ValenciaS-1,28.3051,-81.3825,Osc-ValenciaS,Osceola,Valencia Small,1,LW,Lake
Osc-ValenciaS-2,28.3048,-81.3823,Osc-ValenciaS,Osceola,Valencia Small,2,LW,Lake
Osc-ValenciaS-3,28.3047,-81.3824,Osc-ValenciaS,Osceola,Valencia Small,3,LW,Lake
Pal-Banyan-1,26.6599,-80.1796,Pal-Banyan,Palm Beach,Banyan,1,LW,Lake
Pal-Banyan-2,26.6566,-80.1789,Pal-Banyan,Palm Beach,Banyan,2,LW,Lake
Pal-Banyan-3,26.6563,-80.1761,Pal-Banyan,Palm Beach,Banyan,3,LW,Lake
Pal-BuenaVid-1,26.6531,-80.1917,Pal-BuenaVid,Palm Beach,Buena Vida,1,LW,Lake
Pal-BuenaVid-2,26.6539,-80.1901,Pal-BuenaVid,Palm Beach,Buena Vida,2,LW,Lake
Pal-BuenaVid-3,26.6531,-80.1888,Pal-BuenaVid,Palm Beach,Buena Vida,3,LW,Lake
Pal-CharlestE-1,26.5708,-80.158,Pal-CharlestE,Palm Beach,Charleston East,1,LW,Lake
Pal-CharlestE-2,26.5689,-80.1567,Pal-CharlestE,Palm Beach,Charleston East,2,LW,Lake
Pal-CharlestE-3,26.5671,-80.1564,Pal-CharlestE,Palm Beach,Charleston East,3,LW,Lake
Pal-CharlestM-1,26.5665,-80.1585,Pal-CharlestM,Palm Beach,Charleston Middle,1,LW,Lake
Pal-CharlestM-2,26.5664,-80.1616,Pal-CharlestM,Palm Beach,Charleston Middle,2,LW,Lake
Pal-CharlestM-3,26.5664,-80.1671,Pal-CharlestM,Palm Beach,Charleston Middle,3,LW,Lake
Pal-CharlestW-1,26.5663,-80.1712,Pal-CharlestW,Palm Beach,Charleston West,1,LW,Lake
Pal-CharlestW-2,26.5682,-80.1713,Pal-CharlestW,Palm Beach,Charleston West,2,LW,Lake
Pal-CharlestW-3,26.57,-80.1718,Pal-CharlestW,Palm Beach,Charleston West,3,LW,Lake
Pal-God's-1,26.7673,-80.3407,Pal-God's,Palm Beach,God's,1,LW,Lake
Pal-God's-2,26.7677,-80.3407,Pal-God's,Palm Beach,God's,2,LW,Lake
Pal-God's-3,26.7679,-80.3406,Pal-God's,Palm Beach,God's,3,LW,Lake
Pal-GreenCay-1,26.4864,-80.1621,Pal-GreenCay,Palm Beach,Green Cay,1,LW,Lake
Pal-GreenCay-2,26.4874,-80.162,Pal-GreenCay,Palm Beach,Green Cay,2,LW,Lake
Pal-GreenCay-3,26.4878,-80.1623,Pal-GreenCay,Palm Beach,Green Cay,3,LW,Lake
Pal-Island-1,26.3694,-80.2256,Pal-Island,Palm Beach,Island,1,LW,Lake
Pal-Island-2,26.3705,-80.2267,Pal-Island,Palm Beach,Island,2,LW,Lake
Pal-Island-3,26.3703,-80.2283,Pal-Island,Palm Beach,Island,3,LW,Lake
Pal-JL-Lake-1,26.931,-80.0913,Pal-JL-Lake,Palm Beach,JL Lake,1,LW,Lake
Pal-JL-Lake-2,26.9238,-80.0883,Pal-JL-Lake,Palm Beach,JL Lake,2,LW,Lake
Pal-JL-Lake-3,26.9187,-80.0841,Pal-JL-Lake,Palm Beach,JL Lake,3,LW,Lake
Pal-Julie-1,26.8926,-80.0959,Pal-Julie,Palm Beach,Julie,1,LW,Lake
Pal-Julie-2,26.8935,-80.0964,Pal-Julie,Palm Beach,Julie,2,LW,Lake
Pal-Julie-3,26.8938,-80.0971,Pal-Julie,Palm Beach,Julie,3,LW,Lake
Pal-Jup-Riv-1-1,26.9484,-80.0821,Pal-Jup-Riv-1,Palm Beach,Jupiter River-1,1,LW,Estuary
Pal-Jup-Riv-2-1,26.9416,-80.0863,Pal-Jup-Riv-2,Palm Beach,Jupiter River-2,1,LW,Estuary
Pal-Jup-Riv-3-1,26.9484,-80.0895,Pal-Jup-Riv-3,Palm Beach,Jupiter River-3,1,LW,Estuary
Pal-Lo-River-10,26.9474,-80.0792,Pal-Lo-River,Palm Beach,Loxahatchee River-10,1,LW,River/Stream
Pal-Lo-River-62,26.9768,-80.1321,Pal-Lo-River,Palm Beach,Loxahatchee River-62,1,LW,River/Stream
Pal-Lo-River-69,26.9372,-80.1764,Pal-Lo-River,Palm Beach,Loxahatchee River-69,1,LW,River/Stream
Pal-Lo-River-72,26.9433,-80.1217,Pal-Lo-River,Palm Beach,Loxahatchee River-72,1,LW,River/Stream
Pal-Moultrie-1,26.5606,-80.1635,Pal-Moultrie,Palm Beach,Moultrie,1,LW,Lake
Pal-Moultrie-2,26.5595,-80.1658,Pal-Moultrie,Palm Beach,Moultrie,2,LW,Lake
Pal-Moultrie-3,26.5587,-80.1659,Pal-Moultrie,Palm Beach,Moultrie,3,LW,Lake
Pal-Osborne-1,26.6136,-80.0764,Pal-Osborne,Palm Beach,Osborne,1,LW,Lake
Pal-Osborne-2,26.6015,-80.0776,Pal-Osborne,Palm Beach,Osborne,2,LW,Lake
Pal-Osborne-3,26.5837,-80.0782,Pal-Osborne,Palm Beach,Osborne,3,LW,Lake
Pal-OsborneCE-1,26.5752,-80.0766,Pal-OsborneCE,Palm Beach,Osborne Canal East,1,LW,Lake
Pal-OsborneCE-2,26.5744,-80.0765,Pal-OsborneCE,Palm Beach,Osborne Canal East,2,LW,Lake
Pal-OsborneCE-3,26.5734,-80.0765,Pal-OsborneCE,Palm Beach,Osborne Canal East,3,LW,Lake
Pal-OsborneCM-1,26.5768,-80.0773,Pal-OsborneCM,Palm Beach,Osborne Canal Middle,1,LW,Lake
Pal-OsborneCM-2,26.5749,-80.0773,Pal-OsborneCM,Palm Beach,Osborne Canal Middle,2,LW,Lake
Pal-OsborneCM-3,26.575,-80.0773,Pal-OsborneCM,Palm Beach,Osborne Canal Middle,3,LW,Lake
Pal-OsborneCW-1,26.5753,-80.0785,Pal-OsborneCW,Palm Beach,Osborne Canal West,1,LW,Lake
Pal-OsborneCW-2,26.5747,-80.0783,Pal-OsborneCW,Palm Beach,Osborne Canal West,2,LW,Lake
Pal-OsborneCW-3,26.5735,-80.078,Pal-OsborneCW,Palm Beach,Osborne Canal West,3,LW,Lake
Pal-Pine-1,26.684,-80.0724,Pal-Pine,Palm Beach,Pine,1,LW,Lake
Pal-Pine-2,26.6821,-80.0722,Pal-Pine,Palm Beach,Pine,2,LW,Lake
Pal-Pine-3,26.6786,-80.0716,Pal-Pine,Palm Beach,Pine,3,LW,Lake
Pal-QuietWat-1,26.6656,-80.176,Pal-QuietWat,Palm Beach,Quiet Waters,1,LW,Lake
Pal-QuietWat-2,26.6648,-80.1777,Pal-QuietWat,Palm Beach,Quiet Waters,2,LW,Lake
Pal-QuietWat-3,26.6634,-80.176,Pal-QuietWat,Palm Beach,Quiet Waters,3,LW,Lake
Pal-Riverwalk-1,26.7189,-80.1572,Pal-Riverwalk,Palm Beach,Riverwalk,1,LW,Lake
Pal-Riverwalk-2,26.7149,-80.1591,Pal-Riverwalk,Palm Beach,Riverwalk,2,LW,Lake
Pal-Riverwalk-3,26.7122,-80.1626,Pal-Riverwalk,Palm Beach,Riverwalk,3,LW,Lake
Pal-Santee-1,26.5585,-80.167,Pal-Santee,Palm Beach,Santee,1,LW,Lake
Pal-Santee-2,26.5584,-80.1698,Pal-Santee,Palm Beach,Santee,2,LW,Lake
Pal-Santee-3,26.5601,-80.1712,Pal-Santee,Palm Beach,Santee,3,LW,Lake
Pal-Silver-1,26.5044,-80.0948,Pal-Silver,Palm Beach,Silver,1,LW,Lake
Pal-Silver-2,26.5044,-80.0919,Pal-Silver,Palm Beach,Silver,2,LW,Lake
Pal-Silver-3,26.5016,-80.0919,Pal-Silver,Palm Beach,Silver,3,LW,Lake
Pal-Silver-4,26.502,-80.0938,Pal-Silver,Palm Beach,Silver,4,LW,Lake
Pal-Wellingto-1,26.665,-80.2495,Pal-Wellingto,Palm Beach,Wellington,1,LW,Lake
Pal-Wellingto-2,26.6602,-80.2478,Pal-Wellingto,Palm Beach,Wellington,2,LW,Lake
Pal-Wellingto-3,26.6556,-80.2431,Pal-Wellingto,Palm Beach,Wellington,3,LW,Lake
Pal-Westwood-1,26.6726,-80.1999,Pal-Westwood,Palm Beach,Westwood,1,LW,Lake
Pal-Westwood-2,26.6755,-80.1977,Pal-Westwood,Palm Beach,Westwood,2,LW,Lake
Pal-Westwood-3,26.6781,-80.1966,Pal-Westwood,Palm Beach,Westwood,3,LW,Lake
Pal-Worth-1,26.7075,-80.0465,Pal-Worth,Palm Beach,Worth,1,LW,Lake
Pal-Worth-2,26.7122,-80.0467,Pal-Worth,Palm Beach,Worth,2,LW,Lake
Pal-Worth-3,26.7224,-80.0467,Pal-Worth,Palm Beach,Worth,3,LW,Lake
Pal-Worth-4-1,26.7652,-80.0449,Pal-Worth-4,Palm Beach,Worth-4,1,LW,Estuary
Pal-Worth-5-1,26.726,-80.0456,Pal-Worth-5,Palm Beach,Worth-5,1,LW,Estuary
Pas-Ann-1,28.179556,-82.58425,Pas-Ann,Pasco,Ann,1,LW,Lake
Pas-Ann-2,28.17816,-82.581556,Pas-Ann,Pasco,Ann,2,LW,Lake
Pas-Ann-3,28.176,-82.579083,Pas-Ann,Pasco,Ann,3,LW,Lake
Pas-Bass-1,28.1831,-82.5876,Pas-Bass,Pasco,Bass,1,LW,Lake
Pas-Bass-2,28.1829,-82.5886,Pas-Bass,Pasco,Bass,2,LW,Lake
Pas-Bass-3,28.1823,-82.5892,Pas-Bass,Pasco,Bass,3,LW,Lake
Pas-Bell-1,28.2228,-82.4544,Pas-Bell,Pasco,Bell,1,LW,Lake
Pas-Bell-2,28.22,-82.4526,Pas-Bell,Pasco,Bell,2,LW,Lake
Pas-Bell-3,28.2181,-82.454,Pas-Bell,Pasco,Bell,3,LW,Lake
Pas-BellC1-1,28.2246,-82.452,Pas-BellC1,Pasco,Bell Canal-1,1,LW,Lake
Pas-BellC2-1,28.2244,-82.4499,Pas-BellC2,Pasco,Bell Canal-2,1,LW,Lake
Pas-BVienna-1,28.2077,-82.4716,Pas-BVienna,Pasco,Big Vienna,1,LW,Lake
Pas-BVienna-2,28.2062,-82.4711,Pas-BVienna,Pasco,Big Vienna,2,LW,Lake
Pas-BVienna-3,28.2052,-82.4705,Pas-BVienna,Pasco,Big Vienna,3,LW,Lake
Pas-Bird-1,28.1821,-82.4531,Pas-Bird,Pasco,Bird,1,LW,Lake
Pas-Bird-2,28.1802,-82.4535,Pas-Bird,Pasco,Bird,2,LW,Lake
Pas-Bird-3,28.1787,-82.4531,Pas-Bird,Pasco,Bird,3,LW,Lake
Pas-Blanton-1,28.3969,-82.2507,Pas-Blanton,Pasco,Blanton,1,LW,Lake
Pas-Blanton-2,28.3978,-82.2503,Pas-Blanton,Pasco,Blanton,2,LW,Lake
Pas-Blanton-3,28.3985,-82.2492,Pas-Blanton,Pasco,Blanton,3,LW,Lake
Pas-Buddy-1,28.309942,-82.225894,Pas-Buddy,Pasco,Buddy,1,LW,Lake
Pas-Buddy-2,28.308667,-82.221861,Pas-Buddy,Pasco,Buddy,2,LW,Lake
Pas-Buddy-3,28.30725,-82.221583,Pas-Buddy,Pasco,Buddy,3,LW,Lake
Pas-Buddy-4,28.305583,-82.221472,Pas-Buddy,Pasco,Buddy,4,LW,Lake
Pas-CabbageSl-1,28.3577,-82.5914,Pas-CabbageSl,Pasco,Cabbage Slough,1,LW,Lake
Pas-CabbageSl-2,28.3595,-82.5906,Pas-CabbageSl,Pasco,Cabbage Slough,2,LW,Lake
Pas-CabbageSl-3,28.3556,-82.5883,Pas-CabbageSl,Pasco,Cabbage Slough,3,LW,Lake
Pas-Christina-1,28.2979,-82.6889,Pas-Christina,Pasco,Christina,1,LW,Lake
Pas-Christina-2,28.2955,-82.6881,Pas-Christina,Pasco,Christina,2,LW,Lake
Pas-Christina-3,28.2929,-82.6898,Pas-Christina,Pasco,Christina,3,LW,Lake
Pas-Clear-1,28.293,-82.6108,Pas-Clear,Pasco,Clear,1,LW,Lake
Pas-Clear-2,28.2928,-82.6113,Pas-Clear,Pasco,Clear,2,LW,Lake
Pas-Clear-3,28.2927,-82.6118,Pas-Clear,Pasco,Clear,3,LW,Lake
Pas-Conley-1,28.1864,-82.7503,Pas-Conley,Pasco,Conley,1,LW,Lake
Pas-Conley-2,28.1858,-82.7521,Pas-Conley,Pasco,Conley,2,LW,Lake
Pas-Conley-3,28.1869,-82.7535,Pas-Conley,Pasco,Conley,3,LW,Lake
Pas-Crews-1,28.3861,-82.5161,Pas-Crews,Pasco,Crews,1,LW,Lake
Pas-Crews-2,28.383,-82.5164,Pas-Crews,Pasco,Crews,2,LW,Lake
Pas-Curve-1,28.2555,-82.4608,Pas-Curve,Pasco,Curve,1,LW,Lake
Pas-Curve-2,28.2539,-82.4606,Pas-Curve,Pasco,Curve,2,LW,Lake
Pas-Curve-3,28.2526,-82.4599,Pas-Curve,Pasco,Curve,3,LW,Lake
Pas-Crews-3,28.3804,-82.5178,Pas-Crews,Pasco,Crews,3,LW,Lake
Pas-Diane-1,28.1811,-82.7267,Pas-Diane,Pasco,Diane,1,LW,Lake
Pas-Diane-2,28.1803,-82.7275,Pas-Diane,Pasco,Diane,2,LW,Lake
Pas-Diane-3,28.1809,-82.7276,Pas-Diane,Pasco,Diane,3,LW,Lake
Pas-Dupree-1,28.2393,-82.4507,Pas-Dupree,Pasco,Dupree,1,LW,Lake
Pas-Dupree-2,28.2387,-82.4494,Pas-Dupree,Pasco,Dupree,2,LW,Lake
Pas-Dupree-3,28.2379,-82.449,Pas-Dupree,Pasco,Dupree,3,LW,Lake
Pas-East-1,28.2102,-82.4392,Pas-East,Pasco,East,1,LW,Lake
Pas-East-2,28.2084,-82.4399,Pas-East,Pasco,East,2,LW,Lake
Pas-East-3,28.2065,-82.4409,Pas-East,Pasco,East,3,LW,Lake
Pas-E-Ellis-1,28.2267,-82.4588,Pas-E-Ellis,Pasco,East Ellis,1,LW,Lake
Pas-E-Ellis-2,28.2272,-82.4601,Pas-E-Ellis,Pasco,East Ellis,2,LW,Lake
Pas-E-Ellis-3,28.2275,-82.4608,Pas-E-Ellis,Pasco,East Ellis,3,LW,Lake
Pas-Floyd-1,28.1853,-82.4613,Pas-Floyd,Pasco,Floyd,1,LW,Lake
Pas-Floyd-2,28.1847,-82.4613,Pas-Floyd,Pasco,Floyd,2,LW,Lake
Pas-Floyd-3,28.1842,-82.4615,Pas-Floyd,Pasco,Floyd,3,LW,Lake
Pas-Floyd-4,28.1838,-82.4628,Pas-Floyd,Pasco,Floyd,4,LW,Lake
Pas-Gardenia-1,28.2503,-82.4749,Pas-Gardenia,Pasco,Gardenia,1,LW,Lake
Pas-Gardenia-2,28.2491,-82.4751,Pas-Gardenia,Pasco,Gardenia,2,LW,Lake
Pas-Gardenia-3,28.2469,-82.474,Pas-Gardenia,Pasco,Gardenia,3,LW,Lake
Pas-Genesis-1,28.1908,-82.721,Pas-Genesis,Pasco,Genesis,1,LW,Lake
Pas-Genesis-2,28.191,-82.7189,Pas-Genesis,Pasco,Genesis,2,LW,Lake
Pas-Genesis-3,28.1889,-82.7201,Pas-Genesis,Pasco,Genesis,3,LW,Lake
Pas-Geneva-1,28.1878,-82.572,Pas-Geneva,Pasco,Geneva,1,LW,Lake
Pas-Geneva-2,28.1875,-82.573,Pas-Geneva,Pasco,Geneva,2,LW,Lake
Pas-Geneva-3,28.1881,-82.5736,Pas-Geneva,Pasco,Geneva,3,LW,Lake
Pas-George-1,28.2137,-82.6904,Pas-George,Pasco,George,1,LW,Lake
Pas-George-2,28.2105,-82.6897,Pas-George,Pasco,George,2,LW,Lake
Pas-George-3,28.2101,-82.6924,Pas-George,Pasco,George,3,LW,Lake
Pas-Green-1,28.317,-82.5028,Pas-Green,Pasco,Green,1,LW,Lake
Pas-Green-2,28.3161,-82.5029,Pas-Green,Pasco,Green,2,LW,Lake
Pas-Green-3,28.3152,-82.503,Pas-Green,Pasco,Green,3,LW,Lake
Pas-Heron-1,28.182,-82.464,Pas-Heron,Pasco,Heron,1,LW,Lake
Pas-Heron-2,28.1817,-82.4627,Pas-Heron,Pasco,Heron,2,LW,Lake
Pas-Heron-3,28.1809,-82.4625,Pas-Heron,Pasco,Heron,3,LW,Lake
Pas-Holiday-1,28.1838,-82.5852,Pas-Holiday,Pasco,Holiday,1,LW,Lake
Pas-Holiday-2,28.1831,-82.5851,Pas-Holiday,Pasco,Holiday,2,LW,Lake
Pas-Holiday-3,28.1822,-82.585,Pas-Holiday,Pasco,Holiday,3,LW,Lake
Pas-Holiday-4,28.1827,-82.5846,Pas-Holiday,Pasco,Holiday,4,LW,Lake
Pas-Jerome-1,28.3004,-82.6046,Pas-Jerome,Pasco,Jerome,1,LW,Lake
Pas-Jerome-2,28.2995,-82.6039,Pas-Jerome,Pasco,Jerome,2,LW,Lake
Pas-Jerome-3,28.2984,-82.6047,Pas-Jerome,Pasco,Jerome,3,LW,Lake
Pas-Jovita-1,28.3425,-82.2604,Pas-Jovita,Pasco,Jovita,1,LW,Lake
Pas-Jovita-2,28.3415,-82.2635,Pas-Jovita,Pasco,Jovita,2,LW,Lake
Pas-Jovita-3,28.3404,-82.266,Pas-Jovita,Pasco,Jovita,3,LW,Lake
Pas-Joyce-1,28.212,-82.4472,Pas-Joyce,Pasco,Joyce,1,LW,Lake
Pas-Joyce-2,28.2107,-82.4477,Pas-Joyce,Pasco,Joyce,2,LW,Lake
Pas-Joyce-3,28.209,-82.4488,Pas-Joyce,Pasco,Joyce,3,LW,Lake
Pas-Karney-1,28.3207,-82.2647,Pas-Karney,Pasco,Karney,1,LW,Lake
Pas-Karney-2,28.3188,-82.2672,Pas-Karney,Pasco,Karney,2,LW,Lake
Pas-Karney-3,28.318,-82.2635,Pas-Karney,Pasco,Karney,3,LW,Lake
Pas-King-1,28.2318,-82.4491,Pas-King,Pasco,King,1,LW,Lake
Pas-King-2,28.229,-82.4554,Pas-King,Pasco,King,2,LW,Lake
Pas-King-3,28.2285,-82.4492,Pas-King,Pasco,King,3,LW,Lake
Pas-Eking-1,28.29335,-82.294456,Pas-Eking,Pasco,East King Lake,1,LW,Lake
Pas-Eking-2,28.2887,-82.294247,Pas-Eking,Pasco,East King Lake,2,LW,Lake
Pas-Eking-3,28.288467,-82.287708,Pas-Eking,Pasco,East King Lake,3,LW,Lake
Pas-LazyD-1,28.1867,-82.4764,Pas-LazyD,Pasco,Lazy Duck,1,LW,Lake
Pas-LazyD-2,28.1868,-82.4763,Pas-LazyD,Pasco,Lazy Duck,2,LW,Lake
Pas-LazyD-3,28.1869,-82.476,Pas-LazyD,Pasco,Lazy Duck,3,LW,Lake
Pas-Linda-1,28.1907,-82.4775,Pas-Linda,Pasco,Linda,1,LW,Lake
Pas-Linda-2,28.1888,-82.4787,Pas-Linda,Pasco,Linda,2,LW,Lake
Pas-Linda-3,28.189,-82.4801,Pas-Linda,Pasco,Linda,3,LW,Lake
Pas-Little Bl-1,28.237,-82.456,Pas-Little Bl,Pasco,Little Black,1,LW,Lake
Pas-Little Bl-2,28.2361,-82.4561,Pas-Little Bl,Pasco,Little Black,2,LW,Lake
Pas-Little Bl-3,28.2353,-82.4564,Pas-Little Bl,Pasco,Little Black,3,LW,Lake
Pas-Little Co-1,28.1789,-82.4715,Pas-Little Co,Pasco,Little Como,1,LW,Lake
Pas-Little Co-2,28.1781,-82.4727,Pas-Little Co,Pasco,Little Como,2,LW,Lake
Pas-Little Co-3,28.1774,-82.4746,Pas-Little Co,Pasco,Little Como,3,LW,Lake
Pas-LittleEa-1,28.2141,-82.4414,Pas-LittleEa,Pasco,Little East,1,LW,Lake
Pas-LittleEa-2,28.2122,-82.4419,Pas-LittleEa,Pasco,Little East,2,LW,Lake
Pas-LittleEa-3,28.2125,-82.4443,Pas-LittleEa,Pasco,Little East,3,LW,Lake
Pas-LittleMo-1,28.183,-82.4824,Pas-LittleMo,Pasco,Little Moss,1,LW,Lake
Pas-LittleMo-2,28.1828,-82.4821,Pas-LittleMo,Pasco,Little Moss,2,LW,Lake
Pas-LittleMo-3,28.1826,-82.4819,Pas-LittleMo,Pasco,Little Moss,3,LW,Lake
Pas-LittleVi-1,28.2061,-82.4643,Pas-LittleVi,Pasco,Little Vienna,1,LW,Lake
Pas-LittleVi-2,28.205,-82.4648,Pas-LittleVi,Pasco,Little Vienna,2,LW,Lake
Pas-LittleVi-3,28.2044,-82.4653,Pas-LittleVi,Pasco,Little Vienna,3,LW,Lake
Pas-Minniola-1,28.1862,-82.575,Pas-Minniola,Pasco,Minniola,1,LW,Lake
Pas-Minniola-2,28.1845,-82.5745,Pas-Minniola,Pasco,Minniola,2,LW,Lake
Pas-Minniola-3,28.1834,-82.5738,Pas-Minniola,Pasco,Minniola,3,LW,Lake
Pas-Moon-1,28.2863,-82.6133,Pas-Moon,Pasco,Moon,1,LW,Lake
Pas-Moon-2,28.2851,-82.6103,Pas-Moon,Pasco,Moon,2,LW,Lake
Pas-Moon-3,28.2833,-82.6091,Pas-Moon,Pasco,Moon,3,LW,Lake
Pas-Nash-1,28.18,-82.7481,Pas-Nash,Pasco,Nash,1,LW,Lake
Pas-Nash-2,28.1786,-82.7489,Pas-Nash,Pasco,Nash,2,LW,Lake
Pas-Nash-3,28.1773,-82.7492,Pas-Nash,Pasco,Nash,3,LW,Lake
Pas-PadgettN-1,28.2116,-82.4553,Pas-PadgettN,Pasco,Padgett North,1,LW,Lake
Pas-PadgettN-2,28.2087,-82.4571,Pas-PadgettN,Pasco,Padgett North,2,LW,Lake
Pas-PadgettN-3,28.2061,-82.4597,Pas-PadgettN,Pasco,Padgett North,3,LW,Lake
Pas-PadgettS-1,28.2026,-82.4606,Pas-PadgettS,Pasco,Padgett South,1,LW,Lake
Pas-PadgettS-2,28.1979,-82.4606,Pas-PadgettS,Pasco,Padgett South,2,LW,Lake
Pas-PadgettS-3,28.1965,-82.4569,Pas-PadgettS,Pasco,Padgett South,3,LW,Lake
Pas-Parker-1,28.1795,-82.5845,Pas-Parker,Pasco,Parker,1,LW,Lake
Pas-Parker-2,28.1781,-82.5816,Pas-Parker,Pasco,Parker,2,LW,Lake
Pas-Parker-3,28.1763,-82.5793,Pas-Parker,Pasco,Parker,3,LW,Lake
Pas-Pasadena-1,28.3231,-82.219,Pas-Pasadena,Pasco,Pasadena,1,LW,Lake
Pas-Pasadena-2,28.3213,-82.219,Pas-Pasadena,Pasco,Pasadena,2,LW,Lake
Pas-Pasadena-3,28.3227,-82.2205,Pas-Pasadena,Pasco,Pasadena,3,LW,Lake
Pas-SaxonNor-1,28.2017,-82.4546,Pas-SaxonNor,Pasco,Saxon North,1,LW,Lake
Pas-SaxonNor-2,28.2004,-82.4541,Pas-SaxonNor,Pasco,Saxon North,2,LW,Lake
Pas-SaxonNor-3,28.2018,-82.4527,Pas-SaxonNor,Pasco,Saxon North,3,LW,Lake
Pas-SaxonSou-1,28.1953,-82.4479,Pas-SaxonSou,Pasco,Saxon South,1,LW,Lake
Pas-SaxonSou-2,28.1979,-82.4473,Pas-SaxonSou,Pasco,Saxon South,2,LW,Lake
Pas-SaxonSou-3,28.1965,-82.4457,Pas-SaxonSou,Pasco,Saxon South,3,LW,Lake
Pas-Seminole-1,28.1788,-82.5754,Pas-Seminole,Pasco,Seminole,1,LW,Lake
Pas-Seminole-2,28.178,-82.5745,Pas-Seminole,Pasco,Seminole,2,LW,Lake
Pas-Seminole-3,28.1771,-82.5736,Pas-Seminole,Pasco,Seminole,3,LW,Lake
Pas-Tampa-1,28.1758,-82.4244,Pas-Tampa,Pasco,Tampa,1,LW,Lake
Pas-Tampa-2,28.1744,-82.425,Pas-Tampa,Pasco,Tampa,2,LW,Lake
Pas-Tampa-3,28.173,-82.4251,Pas-Tampa,Pasco,Tampa,3,LW,Lake
Pas-Thomas-1,28.2444,-82.4704,Pas-Thomas,Pasco,Thomas,1,LW,Lake
Pas-Thomas-2,28.2391,-82.473,Pas-Thomas,Pasco,Thomas,2,LW,Lake
Pas-Thomas-3,28.237,-82.4646,Pas-Thomas,Pasco,Thomas,3,LW,Lake
Pas-Treasur1-1,28.2505,-82.4621,Pas-Treasur1,Pasco,Treasure,1,LW,Lake
Pas-Treasur1-2,28.2509,-82.4634,Pas-Treasur1,Pasco,Treasure,2,LW,Lake
Pas-Treasur1-3,28.2517,-82.465,Pas-Treasur1,Pasco,Treasure,3,LW,Lake
Pas-Twin-1,28.1893,-82.4182,Pas-Twin,Pasco,Twin,1,LW,Lake
Pas-Twin-2,28.1888,-82.4187,Pas-Twin,Pasco,Twin,2,LW,Lake
Pas-Twin-3,28.1883,-82.4194,Pas-Twin,Pasco,Twin,3,LW,Lake
Pas-Vienna-1,28.2138,-82.4668,Pas-Vienna,Pasco,Vienna,1,LW,Lake
Pas-Vienna-2,28.2128,-82.4666,Pas-Vienna,Pasco,Vienna,2,LW,Lake
Pas-Vienna-3,28.212,-82.4664,Pas-Vienna,Pasco,Vienna,3,LW,Lake
Pas-WestMoon-1,28.2879,-82.6208,Pas-WestMoon,Pasco,West Moon,1,LW,Lake
Pas-WestMoon-2,28.2875,-82.6229,Pas-WestMoon,Pasco,West Moon,2,LW,Lake
Pas-WestMoon-3,28.2871,-82.6253,Pas-WestMoon,Pasco,West Moon,3,LW,Lake
Pas-Wisteria-1,28.253167,-82477111,Pas-Wisteria,Pasco,Wisteria,1,LW,Lake
Pas-Wisteria-2,28.252194,-82.476917,Pas-Wisteria,Pasco,Wisteria,2,LW,Lake
Pas-Wisteria-3,28.251222,-82.476778,Pas-Wisteria,Pasco,Wisteria,3,LW,Lake
Pin-Allen-1,27.8808,-82.7545,Pin-Allen,Pinellas,Allen,1,LW,Lake
Pin-Allen-2,27.8806,-82.7516,Pin-Allen,Pinellas,Allen,2,LW,Lake
Pin-Allen-3,27.8823,-82.7516,Pin-Allen,Pinellas,Allen,3,LW,Lake
Pin-Alligator-1,27.9827,-82.6957,Pin-Alligator,Pinellas,Alligator,1,LW,Lake
Pin-Alligator-2,27.9812,-82.6979,Pin-Alligator,Pinellas,Alligator,2,LW,Lake
Pin-Alligator-3,27.98,-82.7006,Pin-Alligator,Pinellas,Alligator,3,LW,Lake
Pin-Allison-1,27.9122,-82.7793,Pin-Allison,Pinellas,Allison,1,LW,Lake
Pin-Allison-2,27.9109,-82.7793,Pin-Allison,Pinellas,Allison,2,LW,Lake
Pin-Allison-3,27.9096,-82.7794,Pin-Allison,Pinellas,Allison,3,LW,Lake
Pin-Autumn-1,28.0972,-82.7581,Pin-Autumn,Pinellas,Autumn,1,LW,Lake
Pin-Autumn-2,28.0992,-82.7578,Pin-Autumn,Pinellas,Autumn,2,LW,Lake
Pin-Baywood-1,27.8273,-82.7615,Pin-Baywood,Pinellas,Baywood,1,LW,Lake
Pin-Baywood-2,27.8262,-82.7628,Pin-Baywood,Pinellas,Baywood,2,LW,Lake
Pin-Baywood-3,27.8256,-82.7634,Pin-Baywood,Pinellas,Baywood,3,LW,Lake
Pin-Beckett-1,27.9907,-82.7455,Pin-Beckett,Pinellas,Beckett,1,LW,Lake
Pin-Beckett-2,27.9914,-82.7465,Pin-Beckett,Pinellas,Beckett,2,LW,Lake
Pin-Beckett-3,27.9923,-82.7474,Pin-Beckett,Pinellas,Beckett,3,LW,Lake
Pin-Bellevue-1,27.9459,-82.7952,Pin-Bellevue,Pinellas,Bellevue,1,LW,Lake
Pin-Bellevue-2,27.9471,-82.7943,Pin-Bellevue,Pinellas,Bellevue,2,LW,Lake
Pin-Bellevue-3,27.9483,-82.7937,Pin-Bellevue,Pinellas,Bellevue,3,LW,Lake
Pin-BlHeron-1,27.8301,-82.7751,Pin-BlHeron,Pinellas,Blue Heron,1,LW,Lake
Pin-BlHeron-2,27.831,-82.7718,Pin-BlHeron,Pinellas,Blue Heron,2,LW,Lake
Pin-BlHeron-3,27.8318,-82.7718,Pin-BlHeron,Pinellas,Blue Heron,3,LW,Lake
Pin-Chautau-1,28.0068,-82.7224,Pin-Chautau,Pinellas,Chautauqua,1,LW,Lake
Pin-Chautau-2,28.004,-82.7231,Pin-Chautau,Pinellas,Chautauqua,2,LW,Lake
Pin-Chautau-3,28.0022,-82.723,Pin-Chautau,Pinellas,Chautauqua,3,LW,Lake
Pin-Chautau2-1,28.0847,-82.7794,Pin-Chautau2,Pinellas,Chautauqua 2,1,LW,Lake
Pin-Chautau2-2,28.084,-82.7789,Pin-Chautau2,Pinellas,Chautauqua 2,2,LW,Lake
Pin-Chautau2-3,28.0832,-82.7791,Pin-Chautau2,Pinellas,Chautauqua 2,3,LW,Lake
Pin-Clearview-1,27.9916,-82.7666,Pin-Clearview,Pinellas,Clearview,1,LW,Lake
Pin-Clearview-2,27.9911,-82.767,Pin-Clearview,Pinellas,Clearview,2,LW,Lake
Pin-Clearview-3,27.9908,-82.7664,Pin-Clearview,Pinellas,Clearview,3,LW,Lake
Pin-CliffSte-1,27.9743,-82.7242,Pin-CliffSte,Pinellas,Cliff Stephens Park,1,LW,Lake
Pin-CliffSte-2,27.9746,-82.7211,Pin-CliffSte,Pinellas,Cliff Stephens Park,2,LW,Lake
Pin-CliffSte-3,27.9734,-82.7219,Pin-CliffSte,Pinellas,Cliff Stephens Park,3,LW,Lake
Pin-CliffSte-4,27.9741,-82.7188,Pin-CliffSte,Pinellas,Cliff Stephens Park,4,LW,Lake
Pin-CoffeePoBayou-1,27.7921,-82.6244,Pin-CoffeePoBayou,Pinellas,Coffee Pot Bayou-1,1,LW,Estuary
Pin-CoffeePoBayou-2,27.7912,-82.6236,Pin-CoffeePoBayou,Pinellas,Coffee Pot Bayou-2,1,LW,Estuary
Pin-CoffeePoBayou-3,27.7908,-82.6249,Pin-CoffeePoBayou,Pinellas,Coffee Pot Bayou-3,1,LW,Estuary
Pin-CoffeePoBayou-4,27.7948,-82.6309,Pin-CoffeePoBayou,Pinellas,Coffee Pot Bayou-4,1,LW,Estuary
Pin-CoffeePoBayou-5,27.7947,-82.6298,Pin-CoffeePoBayou,Pinellas,Coffee Pot Bayou-5,1,LW,Estuary
Pin-CoffeePoBayou-6,27.7955,-82.6283,Pin-CoffeePoBayou,Pinellas,Coffee Pot Bayou-6,1,LW,Estuary
Pin-CoffeePoBayou-7,27.7998,-82.633,Pin-CoffeePoBayou,Pinellas,Coffee Pot Bayou-7,1,LW,Estuary
Pin-CoffeePoBayou-8,27.8002,-82.632,Pin-CoffeePoBayou,Pinellas,Coffee Pot Bayou-8,1,LW,Estuary
Pin-CoffeePoBayou-9,27.8005,-82.6303,Pin-CoffeePoBayou,Pinellas,Coffee Pot Bayou-9,1,LW,Estuary
Pin-Constance-1,27.8203,-82.6266,Pin-Constance,Pinellas,Constance,1,LW,Lake
Pin-Constance-2,27.8199,-82.627,Pin-Constance,Pinellas,Constance,2,LW,Lake
Pin-Constance-3,27.8196,-82.627,Pin-Constance,Pinellas,Constance,3,LW,Lake
Pin-CountryW-1,28.0556,-82.7706,Pin-CountryW,Pinellas,Country Woods,1,LW,Lake
Pin-CountryW-2,28.0551,-82.7706,Pin-CountryW,Pinellas,Country Woods,2,LW,Lake
Pin-CountryW-3,28.0547,-82.7709,Pin-CountryW,Pinellas,Country Woods,3,LW,Lake
Pin-Crescent-1,27.7895,-82.6413,Pin-Crescent,Pinellas,Crescent,1,LW,Lake
Pin-Crescent-2,27.7877,-82.6413,Pin-Crescent,Pinellas,Crescent,2,LW,Lake
Pin-Crescent-3,27.7866,-82.6422,Pin-Crescent,Pinellas,Crescent,3,LW,Lake
Pin-Crest-1,27.9621,-82.7726,Pin-Crest,Pinellas,Crest,1,LW,Lake
Pin-Crest-2,27.963,-82.7722,Pin-Crest,Pinellas,Crest,2,LW,Lake
Pin-Crest-3,27.964,-82.7718,Pin-Crest,Pinellas,Crest,3,LW,Lake
Pin-Egret-1,27.8198,-82.6248,Pin-Egret,Pinellas,Egret,1,LW,Lake
Pin-Egret-2,27.8197,-82.625,Pin-Egret,Pinellas,Egret,2,LW,Lake
Pin-Egret-3,27.8197,-82.6252,Pin-Egret,Pinellas,Egret,3,LW,Lake
Pin-Flamingo-1,27.8158,-82.6188,Pin-Flamingo,Pinellas,Flamingo,1,LW,Lake
Pin-Flamingo-2,27.8153,-82.6189,Pin-Flamingo,Pinellas,Flamingo,2,LW,Lake
Pin-Flamingo-3,27.8146,-82.6189,Pin-Flamingo,Pinellas,Flamingo,3,LW,Lake
Pin-Forest-1,27.8564,-82.7257,Pin-Forest,Pinellas,Forest,1,LW,Lake
Pin-Forest-2,27.8559,-82.7237,Pin-Forest,Pinellas,Forest,2,LW,Lake
Pin-Forest-3,27.8564,-82.7218,Pin-Forest,Pinellas,Forest,3,LW,Lake
Pin-Fusion-1,27.8579,-82.8151,Pin-Fusion,Pinellas,Fusion,1,LW,Lake
Pin-Fusion-2,27.8573,-82.8149,Pin-Fusion,Pinellas,Fusion,2,LW,Lake
Pin-Fusion-3,27.8569,-82.8149,Pin-Fusion,Pinellas,Fusion,3,LW,Lake
Pin-Gardenia-1,27.8459,-82.7588,Pin-Gardenia,Pinellas,Gardenia,1,LW,Lake
Pin-Gardenia-2,27.8457,-82.759,Pin-Gardenia,Pinellas,Gardenia,2,LW,Lake
Pin-Gardenia-3,27.8456,-82.7593,Pin-Gardenia,Pinellas,Gardenia,3,LW,Lake
Pin-Harbor-1,27.9984,-82.7478,Pin-Harbor,Pinellas,Harbor,1,LW,Lake
Pin-Harbor-2,27.9971,-82.7479,Pin-Harbor,Pinellas,Harbor,2,LW,Lake
Pin-Harbor-3,27.9958,-82.7472,Pin-Harbor,Pinellas,Harbor,3,LW,Lake
Pin-Harbor-Is-1,27.8407,-82.6156,Pin-Harbor-Is,Pinellas,Harbor Isle,1,LW,Lake
Pin-Harbor-Is-2,27.8379,-82.6152,Pin-Harbor-Is,Pinellas,Harbor Isle,2,LW,Lake
Pin-Harbor-Is-3,27.8375,-82.6112,Pin-Harbor-Is,Pinellas,Harbor Isle,3,LW,Lake
Pin-Helena-1,27.8888,-82.7727,Pin-Helena,Pinellas,Helena,1,LW,Lake
Pin-Helena-2,27.8887,-82.7727,Pin-Helena,Pinellas,Helena,2,LW,Lake
Pin-Helena-3,27.8887,-82.7727,Pin-Helena,Pinellas,Helena,3,LW,Lake
Pin-Heron-1,27.8148,-82.6213,Pin-Heron,Pinellas,Heron,1,LW,Lake
Pin-Heron-2,27.8145,-82.6211,Pin-Heron,Pinellas,Heron,2,LW,Lake
Pin-Heron-3,27.8141,-82.6209,Pin-Heron,Pinellas,Heron,3,LW,Lake
Pin-Hewitt-1,27.8089,-82.7074,Pin-Hewitt,Pinellas,Hewitt,1,LW,Lake
Pin-Hewitt-2,27.809,-82.7067,Pin-Hewitt,Pinellas,Hewitt,2,LW,Lake
Pin-Hewitt-3,27.8089,-82.7053,Pin-Hewitt,Pinellas,Hewitt,3,LW,Lake
Pin-Jungle-1,27.7966,-82.7464,Pin-Jungle,Pinellas,Jungle,1,LW,Lake
Pin-Jungle-2,27.7966,-82.7448,Pin-Jungle,Pinellas,Jungle,2,LW,Lake
Pin-Jungle-3,27.7979,-82.7467,Pin-Jungle,Pinellas,Jungle,3,LW,Lake
Pin-Jungle-4,27.7975,-82.747,Pin-Jungle,Pinellas,Jungle,4,LW,Lake
Pin-Jungle-5,27.7977,-82.746,Pin-Jungle,Pinellas,Jungle,5,LW,Lake
Pin-Jungle-6,27.7971,-82.7458,Pin-Jungle,Pinellas,Jungle,6,LW,Lake
Pin-Jungle-7,27.7963,-82.7455,Pin-Jungle,Pinellas,Jungle,7,LW,Lake
Pin-Jungle-NI-1,27.7985,-82.7477,Pin-Jungle-NI,Pinellas,Jungle North Inlet,1,LW,Lake
Pin-Jungle-OL-1,27.7981,-82.7479,Pin-Jungle-OL,Pinellas,Jungle Outlet,1,LW,Lake
Pin-Jungle-SI-1,27.7968,-82.7475,Pin-Jungle-SI,Pinellas,Jungle South Inlet,1,LW,Lake
Pin-LochHave-1,28.1327,-82.7691,Pin-LochHave,Pinellas,Loch Haven,1,LW,Lake
Pin-LochHave-2,28.1325,-82.77,Pin-LochHave,Pinellas,Loch Haven,2,LW,Lake
Pin-LochHave-3,28.132,-82.7697,Pin-LochHave,Pinellas,Loch Haven,3,LW,Lake
Pin-Lucerne-1,27.8147,-82.6265,Pin-Lucerne,Pinellas,Lucerne,1,LW,Lake
Pin-Lucerne-2,27.8146,-82.6268,Pin-Lucerne,Pinellas,Lucerne,2,LW,Lake
Pin-Lucerne-3,27.8147,-82.6271,Pin-Lucerne,Pinellas,Lucerne,3,LW,Lake
Pin-Maggiore-1,27.7412,-82.6548,Pin-Maggiore,Pinellas,Maggiore,1,LW,Lake
Pin-Maggiore-2,27.7487,-82.6515,Pin-Maggiore,Pinellas,Maggiore,2,LW,Lake
Pin-Maggiore-3,27.7322,-82.6511,Pin-Maggiore,Pinellas,Maggiore,3,LW,Lake
Pin-MeadowE-1,28.0972,-82.7607,Pin-MeadowE,Pinellas,Meadow East,1,LW,Lake
Pin-MeadowE-2,28.0981,-82.7615,Pin-MeadowE,Pinellas,Meadow East,2,LW,Lake
Pin-MeadowE-3,28.0987,-82.762200000000007,Pin-MeadowE,Pinellas,Meadow East,3,LW,Lake
Pin-MeadowW-1,28.0983,-82.7639,Pin-MeadowW,Pinellas,Meadow West,1,LW,Lake
Pin-MeadowW-2,28.099,-82.764,Pin-MeadowW,Pinellas,Meadow West,2,LW,Lake
Pin-Moccasin-1,27.9775,-82.7283,Pin-Moccasin,Pinellas,Moccasin,1,LW,Lake
Pin-Moccasin-2,27.977,-82.7286,Pin-Moccasin,Pinellas,Moccasin,2,LW,Lake
Pin-Moccasin-3,27.9767,-82.7283,Pin-Moccasin,Pinellas,Moccasin,3,LW,Lake
Pin-Oak-1,27.9982,-82.7584,Pin-Oak,Pinellas,Oak,1,LW,Lake
Pin-Oak-2,27.9982,-82.758,Pin-Oak,Pinellas,Oak,2,LW,Lake
Pin-Oak-3,27.9982,-82.7574,Pin-Oak,Pinellas,Oak,3,LW,Lake
Pin-PineOak-1,27.9437,-82.7674,Pin-PineOak,Pinellas,Pine Oak,1,LW,Lake
Pin-PineOak-2,27.9437,-82.7677,Pin-PineOak,Pinellas,Pine Oak,2,LW,Lake
Pin-PineOak-3,27.9436,-82.7679,Pin-PineOak,Pinellas,Pine Oak,3,LW,Lake
Pin-Pi-Point-1,28.1634,-82.8405,Pin-Pi-Point,Pinellas,Piney Point-1,1,LW,Estuary
Pin-Pi-Point-2,28.1517,-82.8308,Pin-Pi-Point,Pinellas,Piney Point-2,1,LW,Estuary
Pin-Pi-Point-3,28.1615,-82.8142,Pin-Pi-Point,Pinellas,Piney Point-3,1,LW,Estuary
Pin-Placid-1,27.9257,-82.7928,Pin-Placid,Pinellas,Placid,1,LW,Lake
Pin-Placid-2,27.9247,-82.7942,Pin-Placid,Pinellas,Placid,2,LW,Lake
Pin-Placid-3,27.9248,-82.7951,Pin-Placid,Pinellas,Placid,3,LW,Lake
Pin-Placido-1,27.8188,-82.626,Pin-Placido,Pinellas,Placido,1,LW,Lake
Pin-Placido-2,27.8163,-82.6257,Pin-Placido,Pinellas,Placido,2,LW,Lake
Pin-Placido-3,27.8154,-82.6219,Pin-Placido,Pinellas,Placido,3,LW,Lake
Pin-PlacidoCN-1,27.8213,-82.6339,Pin-PlacidoCN,Pinellas,Placido Canal North,1,LW,Lake
Pin-PlacidoCN-2,27.8213,-82.6264,Pin-PlacidoCN,Pinellas,Placido Canal North,2,LW,Lake
Pin-PlacidoCN-3,27.8213,-82.6226,Pin-PlacidoCN,Pinellas,Placido Canal North,3,LW,Lake
Pin-Rainbow-1,28.0175,-82.7088,Pin-Rainbow,Pinellas,Rainbow,1,LW,Lake
Pin-Rainbow-2,28.0174,-82.7088,Pin-Rainbow,Pinellas,Rainbow,2,LW,Lake
Pin-Rainbow-3,28.0174,-82.7088,Pin-Rainbow,Pinellas,Rainbow,3,LW,Lake
Pin-Salmons Bay-1,28.1363,-82.7365,Pin-Salmons Bay,Pinellas,Salmons Bay,1,LW,Lake
Pin-Salmons Bay-2,28.1351,-82.7364,Pin-Salmons Bay,Pinellas,Salmons Bay,2,LW,Lake
Pin-Salmons Bay-3,28.1334,-82.7364,Pin-Salmons Bay,Pinellas,Salmons Bay,3,LW,Lake
Pin-SaltCreek-1-1,27.7448,-82.6446,Pin-SaltCreek-1,Pinellas,Salt Creek-1,1,LW,River/Stream
Pin-SaltCreek-2-1,27.7519,-82.6392,Pin-SaltCreek-2,Pinellas,Salt Creek-2,1,LW,River/Stream
Pin-SaltCreek-3-1,27.7532,-82.6383,Pin-SaltCreek-3,Pinellas,Salt Creek-3,1,LW,River/Stream
Pin-SaltCreek-4-1,27.7554,-82.6352,Pin-SaltCreek-4,Pinellas,Salt Creek-4,1,LW,River/Stream
Pin-Saundra-1,28.0434,-82.771,Pin-Saundra,Pinellas,Saundra,1,LW,Lake
Pin-Saundra-2,28.0443,-82.7713,Pin-Saundra,Pinellas,Saundra,2,LW,Lake
Pin-Saundra-3,28.0453,-82.7712,Pin-Saundra,Pinellas,Saundra,3,LW,Lake
Pin-Seminole-1,27.8585,-82.7808,Pin-Seminole,Pinellas,Seminole,1,LW,Lake
Pin-Seminole-2,27.8515,-82.7807,Pin-Seminole,Pinellas,Seminole,2,LW,Lake
Pin-Seminole-3,27.8438,-82.7807,Pin-Seminole,Pinellas,Seminole,3,LW,Lake
Pin-SeminoleCo-1,27.8713,-82.7794,Pin-SeminoleCo,Pinellas,Seminole Cove,1,LW,Lake
Pin-SeminoleCo-2,27.8717,-82.7794,Pin-SeminoleCo,Pinellas,Seminole Cove,2,LW,Lake
Pin-SeminoleCo-3,27.8725,-82.7794,Pin-SeminoleCo,Pinellas,Seminole Cove,3,LW,Lake
Pin-Skipper-1,27.8169,-82.7246,Pin-Skipper,Pinellas,Skipper,1,LW,Lake
Pin-Skipper-2,27.816,-82.7247,Pin-Skipper,Pinellas,Skipper,2,LW,Lake
Pin-Skipper-3,27.816,-82.7257,Pin-Skipper,Pinellas,Skipper,3,LW,Lake
Pin-Smacks Bayou-1,27.8048,-82.6266,Pin-Smacks Bayou,Pinellas,Smacks Bayou-1,1,LW,Estuary
Pin-Smacks Bayou-2,27.8002,-82.6237,Pin-Smacks Bayou,Pinellas,Smacks Bayou-2,1,LW,Estuary
Pin-Smacks Bayou-3,27.8003,-82.6186,Pin-Smacks Bayou,Pinellas,Smacks Bayou-3,1,LW,Estuary
Pin-Spring-1,28.1395,-82.7765,Pin-Spring,Pinellas,Spring,1,LW,Lake
Pin-Spring-2,28.1409,-82.7771,Pin-Spring,Pinellas,Spring,2,LW,Lake
Pin-Spring-3,28.1403,-82.7792,Pin-Spring,Pinellas,Spring,3,LW,Lake
Pin-SpringS-1,27.9983,-82.7608,Pin-SpringS,Pinellas,Spring South,1,LW,Lake
Pin-SpringS-2,27.9999,-82.7607,Pin-SpringS,Pinellas,Spring South,2,LW,Lake
Pin-SpringS-3,28.0012,-82.7604,Pin-SpringS,Pinellas,Spring South,3,LW,Lake
Pin-StGeorge-1,28.0639,-82.7199,Pin-StGeorge,Pinellas,St. George,1,LW,Lake
Pin-StGeorge-2,28.0614,-82.7197,Pin-StGeorge,Pinellas,St. George,2,LW,Lake
Pin-StGeorge-3,28.0606,-82.7197,Pin-StGeorge,Pinellas,St. George,3,LW,Lake
Pin-StevensoC-1,27.983,-82.7878,Pin-StevensoC,Pinellas,Stevenson Creek-1,1,LW,River/Stream
Pin-StevensoC-2,27.9806,-82.7854,Pin-StevensoC,Pinellas,Stevenson Creek-2,1,LW,River/Stream
Pin-StevensoC-3,27.9791,-82.784,Pin-StevensoC,Pinellas,Stevenson Creek-3,1,LW,River/Stream
Pin-Storey-1,27.866572,-82.684233,Pin-Storey,Pinellas,Storey,1,LW,Lake
Pin-Storey-2,27.866578,-82.683731,Pin-Storey,Pinellas,Storey,2,LW,Lake
Pin-Sylvia-1,27.8496,-82.8052,Pin-Sylvia,Pinellas,Sylvia,1,LW,Lake
Pin-Sylvia-2,27.8498,-82.8068,Pin-Sylvia,Pinellas,Sylvia,2,LW,Lake
Pin-Sylvia-3,27.8484,-82.8062,Pin-Sylvia,Pinellas,Sylvia,3,LW,Lake
Pin-Tarpon-1,28.0874,-82.7096,Pin-Tarpon,Pinellas,Tarpon,1,LW,Lake
Pin-Tarpon-2,28.121,-82.7259,Pin-Tarpon,Pinellas,Tarpon,2,LW,Lake
Pin-Tarpon-3,28.1385,-82.7224,Pin-Tarpon,Pinellas,Tarpon,3,LW,Lake
Pin-Taylor-1,27.9082,-82.8034,Pin-Taylor,Pinellas,Taylor,1,LW,Lake
Pin-Taylor-2,27.9057,-82.8045,Pin-Taylor,Pinellas,Taylor,2,LW,Lake
Pin-Taylor-3,27.9032,-82.8054,Pin-Taylor,Pinellas,Taylor,3,LW,Lake
Pin-Turtle-1,28.0538,-82.7717,Pin-Turtle,Pinellas,Turtle,1,LW,Lake
Pin-Turtle-2,28.0537,-82.7718,Pin-Turtle,Pinellas,Turtle,2,LW,Lake
Pin-Turtle-3,28.0536,-82.7719,Pin-Turtle,Pinellas,Turtle,3,LW,Lake
Pin-Walsingham-1,27.8782,-82.809,Pin-Walsingham,Pinellas,Walsingham,1,LW,Lake
Pin-Walsingham-2,27.872,-82.8133,Pin-Walsingham,Pinellas,Walsingham,2,LW,Lake
Pin-Walsingham-3,27.8674,-82.8151,Pin-Walsingham,Pinellas,Walsingham,3,LW,Lake
Pin-WestChes-1,28.0231,-82.7266,Pin-WestChes,Pinellas,Westchester,1,LW,Lake
Pin-WestChes-2,28.0242,-82.7267,Pin-WestChes,Pinellas,Westchester,2,LW,Lake
Pin-WestChes-3,28.0253,-82.7269,Pin-WestChes,Pinellas,Westchester,3,LW,Lake
Pin-Winston-1,27.849,-82.6538,Pin-Winston,Pinellas,Winston,1,LW,Lake
Pin-Winston-2,27.849,-82.653,Pin-Winston,Pinellas,Winston,2,LW,Lake
Pin-Winston-3,27.8491,-82.6522,Pin-Winston,Pinellas,Winston,3,LW,Lake
Pol-Agnes-1,28.1618,-81.8185,Pol-Agnes,Polk,Agnes,1,LW,Lake
Pol-Agnes-2,28.1676,-81.819,Pol-Agnes,Polk,Agnes,2,LW,Lake
Pol-Agnes-3,28.1764,-81.8232,Pol-Agnes,Polk,Agnes,3,LW,Lake
Pol-Annie-1,27.9865,-81.6065,Pol-Annie,Polk,Annie,1,LW,Lake
Pol-Annie-2,27.992,-81.6065,Pol-Annie,Polk,Annie,2,LW,Lake
Pol-Annie-3,27.9969,-81.6067,Pol-Annie,Polk,Annie,3,LW,Lake
Pol-Arbuckle-1,27.6934,-81.3972,Pol-Arbuckle,Polk,Arbuckle,1,LW,Lake
Pol-Arbuckle-2,27.7093,-81.4144,Pol-Arbuckle,Polk,Arbuckle,2,LW,Lake
Pol-Arbuckle-3,27.6758,-81.3752,Pol-Arbuckle,Polk,Arbuckle,3,LW,Lake
Pol-Ariana-1,28.0722,-81.7975,Pol-Ariana,Polk,Ariana,1,LW,Lake
Pol-Ariana-2,28.0792,-81.7977,Pol-Ariana,Polk,Ariana,2,LW,Lake
Pol-Ariana-3,28.0858,-81.798,Pol-Ariana,Polk,Ariana,3,LW,Lake
Pol-Arietta-1,28.1067,-81.8027,Pol-Arietta,Polk,Arietta,1,LW,Lake
Pol-Arietta-2,28.0993,-81.8028,Pol-Arietta,Polk,Arietta,2,LW,Lake
Pol-Arietta-3,28.1037,-81.8105,Pol-Arietta,Polk,Arietta,3,LW,Lake
Pol-Aurora-1,27.8763,-81.4651,Pol-Aurora,Polk,Aurora,1,LW,Lake
Pol-Aurora-2,27.8794,-81.468,Pol-Aurora,Polk,Aurora,2,LW,Lake
Pol-Aurora-3,27.8817,-81.4637,Pol-Aurora,Polk,Aurora,3,LW,Lake
Pol-Banana-1,27.9793,-81.8986,Pol-Banana,Polk,Banana,1,LW,Lake
Pol-Banana-2,27.9793,-81.903,Pol-Banana,Polk,Banana,2,LW,Lake
Pol-Banana-3,27.9793,-81.9064,Pol-Banana,Polk,Banana,3,LW,Lake
Pol-BananaSP-1,27.976,-81.9124,Pol-BananaSP,Polk,Banana Pit South,1,LW,Lake
Pol-BananaSP-2,27.9767,-81.9151,Pol-BananaSP,Polk,Banana Pit South,2,LW,Lake
Pol-BananaSP-3,27.9739,-81.9147,Pol-BananaSP,Polk,Banana Pit South,3,LW,Lake
Pol-BelleE-1,27.8829,-81.583,Pol-BelleE,Polk,Belle East,1,LW,Lake
Pol-BelleE-2,27.883,-81.5832,Pol-BelleE,Polk,Belle East,2,LW,Lake
Pol-BelleE-3,27.8828,-81.5839,Pol-BelleE,Polk,Belle East,3,LW,Lake
Pol-BelleW-1,27.8827,-81.5894,Pol-BelleW,Polk,Belle West,1,LW,Lake
Pol-BelleW-2,27.8809,-81.587,Pol-BelleW,Polk,Belle West,2,LW,Lake
Pol-BelleW-3,27.8831,-81.5869,Pol-BelleW,Polk,Belle West,3,LW,Lake
Pol-Bentley-1,28.0131,-81.9287,Pol-Bentley,Polk,Bentley,1,LW,Lake
Pol-Bentley-2,28.014,-81.9265,Pol-Bentley,Polk,Bentley,2,LW,Lake
Pol-Bentley-3,28.0172,-81.9281,Pol-Bentley,Polk,Bentley,3,LW,Lake
Pol-Bess-1,27.9713,-81.6504,Pol-Bess,Polk,Bess,1,LW,Lake
Pol-Bess-2,27.8677,-81.6528,Pol-Bess,Polk,Bess,2,LW,Lake
Pol-Bess-3,27.9644,-81.6553,Pol-Bess,Polk,Bess,3,LW,Lake
Pol-BigBass-1,27.8759,-81.8539,Pol-BigBass,Polk,Big Bass,1,LW,Lake
Pol-BigBass-2,27.8759,-81.8544,Pol-BigBass,Polk,Big Bass,2,LW,Lake
Pol-BigBass-3,27.8756,-81.8546,Pol-BigBass,Polk,Big Bass,3,LW,Lake
Pol-Blue2-1,28.0497,-81.7738,Pol-Blue2,Polk,Blue 2,1,LW,Lake
Pol-Blue2-2,28.0481,-81.7737,Pol-Blue2,Polk,Blue 2,2,LW,Lake
Pol-Blue2-3,28.0467,-81.7737,Pol-Blue2,Polk,Blue 2,3,LW,Lake
Pol-BlueNort-1,27.8566,-81.5808,Pol-BlueNort,Polk,Blue North,1,LW,Lake
Pol-BlueNort-2,27.8554,-81.5816,Pol-BlueNort,Polk,Blue North,2,LW,Lake
Pol-BlueNort-3,27.8558,-81.5792,Pol-BlueNort,Polk,Blue North,3,LW,Lake
Pol-BlueSout-1,27.8493,-81.5754,Pol-BlueSout,Polk,Blue South,1,LW,Lake
Pol-BlueSout-2,27.8513,-81.578,Pol-BlueSout,Polk,Blue South,2,LW,Lake
Pol-BlueSout-3,27.8529,-81.58,Pol-BlueSout,Polk,Blue South,3,LW,Lake
Pol-BocaCove-1,27.874,-81.8528,Pol-BocaCove,Polk,Boca Cove,1,LW,Lake
Pol-BocaCove-2,27.8737,-81.8529,Pol-BocaCove,Polk,Boca Cove,2,LW,Lake
Pol-BocaCove-3,27.8733,-81.853,Pol-BocaCove,Polk,Boca Cove,3,LW,Lake
Pol-Bonnet-1,28.1468,-81.6621,Pol-Bonnet,Polk,Bonnet,1,LW,Lake
Pol-Bonnet-2,28.1445,-81.6612,Pol-Bonnet,Polk,Bonnet,2,LW,Lake
Pol-Bonnet-3,28.1401,-81.6594,Pol-Bonnet,Polk,Bonnet,3,LW,Lake
Pol-Bonnet2-1,28.0477,-81.9788,Pol-Bonnet2,Polk,Bonnet 2,1,LW,Lake
Pol-Bonnet2-2,28.0477,-81.9769,Pol-Bonnet2,Polk,Bonnet 2,2,LW,Lake
Pol-Bonnet2-3,28.0477,-81.9748,Pol-Bonnet2,Polk,Bonnet 2,3,LW,Lake
Pol-Bonny-1,28.046,-81.9316,Pol-Bonny,Polk,Bonny,1,LW,Lake
Pol-Bonny-2,28.0412,-81.93,Pol-Bonny,Polk,Bonny,2,LW,Lake
Pol-Bonny-3,28.0332,-81.9271,Pol-Bonny,Polk,Bonny,3,LW,Lake
Pol-Buffum-1,27.7892,-81.6436,Pol-Buffum,Polk,Buffum,1,LW,Lake
Pol-Buffum-2,27.799,-81.6657,Pol-Buffum,Polk,Buffum,2,LW,Lake
Pol-Buffum-3,27.7977,-81.6719,Pol-Buffum,Polk,Buffum,3,LW,Lake
Pol-Cannon-1,28.0391,-81.7491,Pol-Cannon,Polk,Cannon,1,LW,Lake
Pol-Cannon-2,28.0424,-81.7556,Pol-Cannon,Polk,Cannon,2,LW,Lake
Pol-Cannon-3,28.0352,-81.7544,Pol-Cannon,Polk,Cannon,3,LW,Lake
Pol-Christina-1,27.9498,-81.9661,Pol-Christina,Polk,Christina,1,LW,Lake
Pol-Christina-2,27.9514,-81.9669,Pol-Christina,Polk,Christina,2,LW,Lake
Pol-Christina-3,27.9523,-81.9683,Pol-Christina,Polk,Christina,3,LW,Lake
Pol-Clark-1,27.9386,-81.9664,Pol-Clark,Polk,Clark,1,LW,Lake
Pol-Clark-2,27.9407,-81.9675,Pol-Clark,Polk,Clark,2,LW,Lake
Pol-Clark-3,27.9418,-81.9695,Pol-Clark,Polk,Clark,3,LW,Lake
Pol-Clearwate-1,28.1703,-81.8347,Pol-Clearwate,Polk,Clearwater,1,LW,Lake
Pol-Clearwate-2,28.168,-81.8316,Pol-Clearwate,Polk,Clearwater,2,LW,Lake
Pol-Clearwate-3,28.1658,-81.8312,Pol-Clearwate,Polk,Clearwater,3,LW,Lake
Pol-Clinch-1,27.7512,-81.5437,Pol-Clinch,Polk,Clinch,1,LW,Lake
Pol-Clinch-2,27.7397,-81.5484,Pol-Clinch,Polk,Clinch,2,LW,Lake
Pol-Clinch-3,27.7337,-81.5506,Pol-Clinch,Polk,Clinch,3,LW,Lake
Pol-Conine-1,28.0637,-81.7252,Pol-Conine,Polk,Conine,1,LW,Lake
Pol-Conine-2,28.0605,-81.7251,Pol-Conine,Polk,Conine,2,LW,Lake
Pol-Conine-3,28.0572,-81.725,Pol-Conine,Polk,Conine,3,LW,Lake
Pol-Crago-1,28.0918,-81.9473,Pol-Crago,Polk,Crago,1,LW,Lake
Pol-Crago-2,28.0942,-81.9476,Pol-Crago,Polk,Crago,2,LW,Lake
Pol-Crago-3,28.0975,-81.9487,Pol-Crago,Polk,Crago,3,LW,Lake
Pol-Crescent-1,27.9458,-81.9552,Pol-Crescent,Polk,Crescent,1,LW,Lake
Pol-Crescent-2,27.9441,-81.9545,Pol-Crescent,Polk,Crescent,2,LW,Lake
Pol-Crescent-3,27.9431,-81.9557,Pol-Crescent,Polk,Crescent,3,LW,Lake
Pol-Crooked-1,27.8086,-81.5541,Pol-Crooked,Polk,Crooked,1,LW,Lake
Pol-Crooked-2,27.8385,-81.5562,Pol-Crooked,Polk,Crooked,2,LW,Lake
Pol-Crooked-3,27.8318,-81.5699,Pol-Crooked,Polk,Crooked,3,LW,Lake
Pol-Crooked-4,27.8197,-81.5868,Pol-Crooked,Polk,Crooked,4,LW,Lake
Pol-Crooked-5,27.7865,-81.5776,Pol-Crooked,Polk,Crooked,5,LW,Lake
Pol-CrookedBk-1,27.823,-81.5849,Pol-CrookedBk,Polk,Crooked Bok,1,LW,Lake
Pol-CrookedBk-2,27.8192,-81.5809,Pol-CrookedBk,Polk,Crooked Bok,2,LW,Lake
Pol-CrookedBk-3,27.8156,-81.577,Pol-CrookedBk,Polk,Crooked Bok,3,LW,Lake
Pol-Crooked-A-1,27.8294,-81.576,Pol-Crooked-A,Polk,Crooked-Alligator Cove,1,LW,Lake
Pol-Crooked-B-1,27.8334,-81.5299,Pol-Crooked-B,Polk,Crooked-Babson Park,1,LW,Lake
Pol-Crooked-S-1,27.8224,-81.5461,Pol-Crooked-S,Polk,Crooked-Seminole Rd. drain,1,LW,Lake
Pol-Cypress-1,27.914,-81.4769,Pol-Cypress,Polk,Cypress,1,LW,Lake
Pol-Cypress-2,27.914,-81.4788,Pol-Cypress,Polk,Cypress,2,LW,Lake
Pol-Cypress-3,27.9161,-81.4826,Pol-Cypress,Polk,Cypress,3,LW,Lake
Pol-Daisy-1,27.9983,-81.6613,Pol-Daisy,Polk,Daisy,1,LW,Lake
Pol-Daisy-2,27.9961,-81.6604,Pol-Daisy,Polk,Daisy,2,LW,Lake
Pol-Daisy-3,27.9949,-81.6585,Pol-Daisy,Polk,Daisy,3,LW,Lake
Pol-DavenPrtN-1,28.3389,-81.658,Pol-DavenPrtN,Polk,Davenport North,1,LW,Lake
Pol-DavenPrtN-2,28.3368,-81.6576,Pol-DavenPrtN,Polk,Davenport North,2,LW,Lake
Pol-DavenPrtN-3,28.3323,-81.6586,Pol-DavenPrtN,Polk,Davenport North,3,LW,Lake
Pol-Deer-1,28.0263,-81.7603,Pol-Deer,Polk,Deer,1,LW,Lake
Pol-Deer-2,28.0262,-81.7632,Pol-Deer,Polk,Deer,2,LW,Lake
Pol-Deer-3,28.0262,-81.7663,Pol-Deer,Polk,Deer,3,LW,Lake
Pol-Dexter-1,27.9936,-81.6775,Pol-Dexter,Polk,Dexter,1,LW,Lake
Pol-Dexter-2,27.9907,-81.6823,Pol-Dexter,Polk,Dexter,2,LW,Lake
Pol-Dexter-3,27.9865,-81.6833,Pol-Dexter,Polk,Dexter,3,LW,Lake
Pol-Dinner-1,27.9937,-81.7853,Pol-Dinner,Polk,Dinner,1,LW,Lake
Pol-Dinner-2,27.9937,-81.7866,Pol-Dinner,Polk,Dinner,2,LW,Lake
Pol-Dinner-3,27.9937,-81.7877,Pol-Dinner,Polk,Dinner,3,LW,Lake
Pol-Eagle-1,27.9968,-81.765,Pol-Eagle,Polk,Eagle,1,LW,Lake
Pol-Eagle-2,27.9879,-81.7656,Pol-Eagle,Polk,Eagle,2,LW,Lake
Pol-Eagle-3,27.9769,-81.7701,Pol-Eagle,Polk,Eagle,3,LW,Lake
Pol-Easy-1,27.8531,-81.562,Pol-Easy,Polk,Easy,1,LW,Lake
Pol-Easy-2,27.8567,-81.5607,Pol-Easy,Polk,Easy,2,LW,Lake
Pol-Easy-3,27.8634,-81.5585,Pol-Easy,Polk,Easy,3,LW,Lake
Pol-Elbert-1,28.0227,-81.715,Pol-Elbert,Polk,Elbert,1,LW,Lake
Pol-Elbert-2,28.0248,-81.7078,Pol-Elbert,Polk,Elbert,2,LW,Lake
Pol-Elbert-3,28.0272,-81.7093,Pol-Elbert,Polk,Elbert,3,LW,Lake
Pol-Eloise-1,27.9911,-81.704,Pol-Eloise,Polk,Eloise,1,LW,Lake
Pol-Eloise-2,27.9845,-81.705,Pol-Eloise,Polk,Eloise,2,LW,Lake
Pol-Eloise-3,27.9756,-81.7061,Pol-Eloise,Polk,Eloise,3,LW,Lake
Pol-Eva-1,28.0925,-81.6273,Pol-Eva,Polk,Eva,1,LW,Lake
Pol-Eva-2,28.095,-81.6292,Pol-Eva,Polk,Eva,2,LW,Lake
Pol-Eva-3,28.0988,-81.6286,Pol-Eva,Polk,Eva,3,LW,Lake
Pol-Fannie-1,28.0522,-81.6915,Pol-Fannie,Polk,Fannie,1,LW,Lake
Pol-Fannie-2,28.0591,-81.6902,Pol-Fannie,Polk,Fannie,2,LW,Lake
Pol-Fannie-3,28.0665,-81.6918,Pol-Fannie,Polk,Fannie,3,LW,Lake
Pol-Fauna-1,27.8778,-81.8547,Pol-Fauna,Polk,Fauna,1,LW,Lake
Pol-Fauna-2,27.8777,-81.8536,Pol-Fauna,Polk,Fauna,2,LW,Lake
Pol-Fauna-3,27.8777,-81.8524,Pol-Fauna,Polk,Fauna,3,LW,Lake
Pol-Flora-1,27.8736,-81.8504,Pol-Flora,Polk,Flora,1,LW,Lake
Pol-Flora-2,27.8734,-81.8498,Pol-Flora,Polk,Flora,2,LW,Lake
Pol-Flora-3,27.8733,-81.8491,Pol-Flora,Polk,Flora,3,LW,Lake
Pol-Garfield-1,27.9088,-81.734,Pol-Garfield,Polk,Garfield,1,LW,Lake
Pol-Garfield-2,27.902,-81.7273,Pol-Garfield,Polk,Garfield,2,LW,Lake
Pol-Garfield-3,27.9002,-81.7331,Pol-Garfield,Polk,Garfield,3,LW,Lake
Pol-Gaskin's-1,27.8744,-81.854,Pol-Gaskin's,Polk,Gaskin's Cut,1,LW,Lake
Pol-Gaskin's-2,27.8736,-81.8542,Pol-Gaskin's,Polk,Gaskin's Cut,2,LW,Lake
Pol-Gaskin's-3,27.873,-81.8543,Pol-Gaskin's,Polk,Gaskin's Cut,3,LW,Lake
Pol-Gibson-1,28.1059,-81.9631,Pol-Gibson,Polk,Gibson,1,LW,Lake
Pol-Gibson-2,28.1089,-81.9533,Pol-Gibson,Polk,Gibson,2,LW,Lake
Pol-Gibson-3,28.112,-81.9656,Pol-Gibson,Polk,Gibson,3,LW,Lake
Pol-Haines-1,28.0844,-81.712,Pol-Haines,Polk,Haines,1,LW,Lake
Pol-Haines-2,28.0966,-81.7039,Pol-Haines,Polk,Haines,2,LW,Lake
Pol-Haines-3,28.0999,-81.7027,Pol-Haines,Polk,Haines,3,LW,Lake
Pol-Haines-Co-1,28.0945,-81.7168,Pol-Haines-Co,Polk,Haines-Cove,1,LW,Lake
Pol-Haines-Go-1,28.0981,-81.7108,Pol-Haines-Go,Polk,Haines-Golf Club,1,LW,Lake
Pol-Hamilton-1,28.0448,-81.6567,Pol-Hamilton,Polk,Hamilton,1,LW,Lake
Pol-Hamilton-2,28.0487,-81.6426,Pol-Hamilton,Polk,Hamilton,2,LW,Lake
Pol-Hamilton-3,28.053,-81.6526,Pol-Hamilton,Polk,Hamilton,3,LW,Lake
Pol-Hancock-1,27.9911,-81.8488,Pol-Hancock,Polk,Hancock,1,LW,Lake
Pol-Hancock-2,27.9728,-81.8453,Pol-Hancock,Polk,Hancock,2,LW,Lake
Pol-Hancock-3,27.9581,-81.8537,Pol-Hancock,Polk,Hancock,3,LW,Lake
Pol-Hancock-4,27.978,-81.8233,Pol-Hancock,Polk,Hancock,4,LW,Lake
Pol-Hartridge-1,28.0511,-81.7466,Pol-Hartridge,Polk,Hartridge,1,LW,Lake
Pol-Hartridge-2,28.0538,-81.745,Pol-Hartridge,Polk,Hartridge,2,LW,Lake
Pol-Hartridge-3,28.0597,-81.7417,Pol-Hartridge,Polk,Hartridge,3,LW,Lake
Pol-Helen-1,27.8286,-81.5033,Pol-Helen,Polk,Helen,1,LW,Lake
Pol-Helen-2,27.8292,-81.5029,Pol-Helen,Polk,Helen,2,LW,Lake
Pol-Helen-3,27.8298,-81.5029,Pol-Helen,Polk,Helen,3,LW,Lake
Pol-Henry-1,28.092,-81.6574,Pol-Henry,Polk,Henry,1,LW,Lake
Pol-Henry-2,28.0925,-81.6673,Pol-Henry,Polk,Henry,2,LW,Lake
Pol-Henry-3,28.093,-81.6778,Pol-Henry,Polk,Henry,3,LW,Lake
Pol-Hollingsw-1,28.0215,-81.9465,Pol-Hollingsw,Polk,Hollingsworth,1,LW,Lake
Pol-Hollingsw-2,28.0255,-81.9455,Pol-Hollingsw,Polk,Hollingsworth,2,LW,Lake
Pol-Hollingsw-3,28.0253,-81.9425,Pol-Hollingsw,Polk,Hollingsworth,3,LW,Lake
Pol-Horney-1,28.0324,-81.9387,Pol-Horney,Polk,Horney,1,LW,Lake
Pol-Horney-2,28.0328,-81.9388,Pol-Horney,Polk,Horney,2,LW,Lake
Pol-Horney-3,28.0333,-81.9395,Pol-Horney,Polk,Horney,3,LW,Lake
Pol-Howard-1,28.0299,-81.7448,Pol-Howard,Polk,Howard,1,LW,Lake
Pol-Howard-2,28.0242,-81.7445,Pol-Howard,Polk,Howard,2,LW,Lake
Pol-Howard-3,28.018,-81.7439,Pol-Howard,Polk,Howard,3,LW,Lake
Pol-Hunter-1,28.0346,-81.9663,Pol-Hunter,Polk,Hunter,1,LW,Lake
Pol-Hunter-2,28.0326,-81.967,Pol-Hunter,Polk,Hunter,2,LW,Lake
Pol-Hunter-3,28.0303,-81.9677,Pol-Hunter,Polk,Hunter,3,LW,Lake
Pol-Ida-1,27.7603,-81.5202,Pol-Ida,Polk,Ida,1,LW,Lake
Pol-Ida-2,27.762,-81.521,Pol-Ida,Polk,Ida,2,LW,Lake
Pol-Ida-3,27.7638,-81.5223,Pol-Ida,Polk,Ida,3,LW,Lake
Pol-Idylwild-1,28.0522,-81.7574,Pol-Idylwild,Polk,Idylwild,1,LW,Lake
Pol-Idylwild-2,28.0507,-81.7538,Pol-Idylwild,Polk,Idylwild,2,LW,Lake
Pol-Idylwild-3,28.0487,-81.7554,Pol-Idylwild,Polk,Idylwild,3,LW,Lake
Pol-Isabell-1,27.6522,-81.4772,Pol-Isabell,Polk,Isabell,1,LW,Lake
Pol-Isabell-2,27.6498,-81.4764,Pol-Isabell,Polk,Isabell,2,LW,Lake
Pol-Isabell-3,27.6475,-81.4754,Pol-Isabell,Polk,Isabell,3,LW,Lake
Pol-Jessie-1,28.0551,-81.7631,Pol-Jessie,Polk,Jessie,1,LW,Lake
Pol-Jessie-2,28.0587,-81.7635,Pol-Jessie,Polk,Jessie,2,LW,Lake
Pol-Jessie-3,28.0614,-81.7634,Pol-Jessie,Polk,Jessie,3,LW,Lake
Pol-John-1,27.9959,-81.9423,Pol-John,Polk,John,1,LW,Lake
Pol-John-2,27.9969,-81.9399,Pol-John,Polk,John,2,LW,Lake
Pol-John-3,27.997,-81.9403,Pol-John,Polk,John,3,LW,Lake
Pol-John-4,28.0003,-81.9428,Pol-John,Polk,John,4,LW,Lake
Pol-John-5,28.0027,-81.9422,Pol-John,Polk,John,5,LW,Lake
Pol-Josephine-1,27.8645,-81.5758,Pol-Josephine,Polk,Josephine,1,LW,Lake
Pol-Josephine-2,27.865,-81.5763,Pol-Josephine,Polk,Josephine,2,LW,Lake
Pol-Josephine-3,27.8655,-81.5769,Pol-Josephine,Polk,Josephine,3,LW,Lake
Pol-Juliana-1,28.1384,-81.8044,Pol-Juliana,Polk,Juliana,1,LW,Lake
Pol-Juliana-2,28.1286,-81.8037,Pol-Juliana,Polk,Juliana,2,LW,Lake
Pol-Juliana-3,28.1178,-81.8027,Pol-Juliana,Polk,Juliana,3,LW,Lake
Pol-Link-1,28.0182,-81.7055,Pol-Link,Polk,Link,1,LW,Lake
Pol-Link-2,28.018,-81.7064,Pol-Link,Polk,Link,2,LW,Lake
Pol-Link-3,28.0179,-81.7073,Pol-Link,Polk,Link,3,LW,Lake
Pol-Lt-Aurora-1,27.874,-81.472,Pol-Lt-Aurora,Polk,Little Aurora,1,LW,Lake
Pol-Lt-Aurora-2,27.8747,-81.4727,Pol-Lt-Aurora,Polk,Little Aurora,2,LW,Lake
Pol-Lt-Aurora-3,27.8754,-81.4732,Pol-Lt-Aurora,Polk,Little Aurora,3,LW,Lake
Pol-LittleBa-1,27.8753,-81.8525,Pol-LittleBa,Polk,Little Bass,1,LW,Lake
Pol-LittleBa-2,27.8755,-81.8522,Pol-LittleBa,Polk,Little Bass,2,LW,Lake
Pol-LittleBa-3,27.8759,-81.8522,Pol-LittleBa,Polk,Little Bass,3,LW,Lake
Pol-Little Cr-1,27.7726,-81.5753,Pol-Little Cr,Polk,Little Crooked,1,LW,Lake
Pol-LittleEl-1,28.0236,-81.7154,Pol-LittleEl,Polk,Little Elbert,1,LW,Lake
Pol-LittleEl-2,28.0228,-81.7153,Pol-LittleEl,Polk,Little Elbert,2,LW,Lake
Pol-LittleEl-3,28.022,-81.7152,Pol-LittleEl,Polk,Little Elbert,3,LW,Lake
Pol-LittleHa-1,28.0759,-81.6341,Pol-LittleHa,Polk,Little Hamilton,1,LW,Lake
Pol-LittleHa-2,28.0713,-81.634,Pol-LittleHa,Polk,Little Hamilton,2,LW,Lake
Pol-LittleHa-3,28.0664,-81.6342,Pol-LittleHa,Polk,Little Hamilton,3,LW,Lake
Pol-LittleOt-1,28.0113,-81.7094,Pol-LittleOt,Polk,Little Otis,1,LW,Lake
Pol-LittleOt-2,28.0087,-81.7096,Pol-LittleOt,Polk,Little Otis,2,LW,Lake
Pol-LittleOt-3,28.0072,-81.7083,Pol-LittleOt,Polk,Little Otis,3,LW,Lake
Pol-LittleSp-1,27.9972,-81.7828,Pol-LittleSp,Polk,Little Spirit,1,LW,Lake
Pol-LittleSp-2,27.9968,-81.7835,Pol-LittleSp,Polk,Little Spirit,2,LW,Lake
Pol-LittleSp-3,27.9963,-81.784,Pol-LittleSp,Polk,Little Spirit,3,LW,Lake
Pol-LittleWi-1,27.9658,-81.6812,Pol-LittleWi,Polk,Little Winterset,1,LW,Lake
Pol-LittleWi-2,27.964,-81.6813,Pol-LittleWi,Polk,Little Winterset,2,LW,Lake
Pol-LittleWi-3,27.9646,-81.6791,Pol-LittleWi,Polk,Little Winterset,3,LW,Lake
Pol-Livingsto-1,27.6936,-81.5212,Pol-Livingsto,Polk,Livingston,1,LW,Lake
Pol-Livingsto-2,27.6826,-81.5284,Pol-Livingsto,Polk,Livingston,2,LW,Lake
Pol-Livingsto-3,27.6774,-81.5198,Pol-Livingsto,Polk,Livingston,3,LW,Lake
Pol-Lizzie-1,27.8195,-81.6695,Pol-Lizzie,Polk,Lizzie,1,LW,Lake
Pol-Lizzie-2,27.8175,-81.6705,Pol-Lizzie,Polk,Lizzie,2,LW,Lake
Pol-Lizzie-3,27.816,-81.6719,Pol-Lizzie,Polk,Lizzie,3,LW,Lake
Pol-Lost-1,27.8155,-81.4776,Pol-Lost,Polk,Lost,1,LW,Lake
Pol-Lost-2,27.8155,-81.4775,Pol-Lost,Polk,Lost,2,LW,Lake
Pol-Lost-3,27.8154,-81.4775,Pol-Lost,Polk,Lost,3,LW,Lake
Pol-Lucerne-1,28.0784,-81.6839,Pol-Lucerne,Polk,Lucerne,1,LW,Lake
Pol-Lucerne-2,28.0788,-81.6833,Pol-Lucerne,Polk,Lucerne,2,LW,Lake
Pol-Lucerne-3,28.0801,-81.6841,Pol-Lucerne,Polk,Lucerne,3,LW,Lake
Pol-Lulu-1,27.9967,-81.7266,Pol-Lulu,Polk,Lulu,1,LW,Lake
Pol-Lulu-2,27.9956,-81.7214,Pol-Lulu,Polk,Lulu,2,LW,Lake
Pol-Lulu-3,27.9951,-81.7179,Pol-Lulu,Polk,Lulu,3,LW,Lake
Pol-Mabel-1,27.9714,-81.5911,Pol-Mabel,Polk,Mabel,1,LW,Lake
Pol-Mabel-2,27.97,-81.5885,Pol-Mabel,Polk,Mabel,2,LW,Lake
Pol-Mabel-3,27.9691,-81.586,Pol-Mabel,Polk,Mabel,3,LW,Lake
Pol-Marian-2,28.0163,-81.6964,Pol-Marian,Polk,Marian,2,LW,Lake
Pol-Marianna-1,28.0698,-81.7586,Pol-Marianna,Polk,Marianna,1,LW,Lake
Pol-Marianna-2,28.0743,-81.7664,Pol-Marianna,Polk,Marianna,2,LW,Lake
Pol-Marianna-3,28.0825,-81.763,Pol-Marianna,Polk,Marianna,3,LW,Lake
Pol-Marion-1,28.0957,-81.5364,Pol-Marion,Polk,Marion,1,LW,Lake
Pol-Marion-2,28.0812,-81.5317,Pol-Marion,Polk,Marion,2,LW,Lake
Pol-Marion-3,28.0632,-81.5278,Pol-Marion,Polk,Marion,3,LW,Lake
Pol-Mattie-1,28.1493,-81.7846,Pol-Mattie,Polk,Mattie,1,LW,Lake
Pol-Mattie-2,28.1378,-81.7811,Pol-Mattie,Polk,Mattie,2,LW,Lake
Pol-Mattie-3,28.128,-81.7762,Pol-Mattie,Polk,Mattie,3,LW,Lake
Pol-Maude-1,28.0381,-81.721,Pol-Maude,Polk,Maude,1,LW,Lake
Pol-Maude-2,28.04,-81.7215,Pol-Maude,Polk,Maude,2,LW,Lake
Pol-Maude-3,28.0417,-81.722,Pol-Maude,Polk,Maude,3,LW,Lake
Pol-May-1,28.0154,-81.7368,Pol-May,Polk,May,1,LW,Lake
Pol-May-2,28.013,-81.7366,Pol-May,Polk,May,2,LW,Lake
Pol-May-3,28.013,-81.7385,Pol-May,Polk,May,3,LW,Lake
Pol-McLeod-1,27.972,-81.7502,Pol-McLeod,Polk,McLeod,1,LW,Lake
Pol-McLeod-2,27.9675,-81.7528,Pol-McLeod,Polk,McLeod,2,LW,Lake
Pol-McLeod-3,27.9637,-81.7543,Pol-McLeod,Polk,McLeod,3,LW,Lake
Pol-Mirror-1,28.0358,-81.7409,Pol-Mirror,Polk,Mirror,1,LW,Lake
Pol-Mirror-2,28.0376,-81.7386,Pol-Mirror,Polk,Mirror,2,LW,Lake
Pol-Mirror-3,28.039,-81.744,Pol-Mirror,Polk,Mirror,3,LW,Lake
Pol-Mountain-1,27.9549,-81.9556,Pol-Mountain,Polk,Mountain 2,1,LW,Lake
Pol-Mountain-2,27.9534,-81.9558,Pol-Mountain,Polk,Mountain 2,2,LW,Lake
Pol-Mountain-3,27.9545,-81.9563,Pol-Mountain,Polk,Mountain 2,3,LW,Lake
Pol-Ned-1,27.994,-81.6686,Pol-Ned,Polk,Ned,1,LW,Lake
Pol-Ned-2,27.9967,-81.6696,Pol-Ned,Polk,Ned,2,LW,Lake
Pol-Ned-3,27.9991,-81.6686,Pol-Ned,Polk,Ned,3,LW,Lake
Pol-ORO-Canal-1,28.3444,-81.6627,Pol-ORO-Canal,Polk,ORO Canal-1,1,LW,Lake
Pol-ORO-Canal-2,28.3418,-81.6627,Pol-ORO-Canal,Polk,ORO Canal-2,1,LW,Lake
Pol-ORO-Canal-3,28.3414,-81.6607,Pol-ORO-Canal,Polk,ORO Canal-3,1,LW,Lake
Pol-Otis-1,28.0175,-81.7117,Pol-Otis,Polk,Otis,1,LW,Lake
Pol-Otis-2,28.0166,-81.7112,Pol-Otis,Polk,Otis,2,LW,Lake
Pol-Otis-3,28.0146,-81.7101,Pol-Otis,Polk,Otis,3,LW,Lake
Pol-Otter-1,27.8083,-81.4841,Pol-Otter,Polk,Otter,1,LW,Lake
Pol-Otter-2,27.8078,-81.4836,Pol-Otter,Polk,Otter,2,LW,Lake
Pol-Otter-3,27.8083,-81.4833,Pol-Otter,Polk,Otter,3,LW,Lake
Pol-Pansy-1,28.0667,-81.7427,Pol-Pansy,Polk,Pansy,1,LW,Lake
Pol-Pansy-2,28.0682,-81.743,Pol-Pansy,Polk,Pansy,2,LW,Lake
Pol-Pansy-3,28.0696,-81.7431,Pol-Pansy,Polk,Pansy,3,LW,Lake
Pol-Parker-1,28.0538,-81.9304,Pol-Parker,Polk,Parker,1,LW,Lake
Pol-Parker-2,28.0627,-81.9239,Pol-Parker,Polk,Parker,2,LW,Lake
Pol-Parker-3,28.0754,-81.9371,Pol-Parker,Polk,Parker,3,LW,Lake
Pol-Parks-1,27.9151,-81.4715,Pol-Parks,Polk,Parks,1,LW,Lake
Pol-Parks-2,27.915,-81.4679,Pol-Parks,Polk,Parks,2,LW,Lake
Pol-Parks-3,27.914,-81.4635,Pol-Parks,Polk,Parks,3,LW,Lake
Pol-Patrick-1,27.7922,-81.5129,Pol-Patrick,Polk,Patrick,1,LW,Lake
Pol-Patrick-2,27.7959,-81.5126,Pol-Patrick,Polk,Patrick,2,LW,Lake
Pol-Patrick-3,27.799,-81.5131,Pol-Patrick,Polk,Patrick,3,LW,Lake
Pol-Pierce-1,27.9845,-81.5366,Pol-Pierce,Polk,Pierce,1,LW,Lake
Pol-Pierce-2,27.9751,-81.5258,Pol-Pierce,Polk,Pierce,2,LW,Lake
Pol-Pierce-3,27.9672,-81.517,Pol-Pierce,Polk,Pierce,3,LW,Lake
Pol-Pollock-1,27.9863,-81.9274,Pol-Pollock,Polk,Pollock,1,LW,Lake
Pol-Pollock-2,27.9864,-81.9268,Pol-Pollock,Polk,Pollock,2,LW,Lake
Pol-Pollock-3,27.9865,-81.9263,Pol-Pollock,Polk,Pollock,3,LW,Lake
Pol-Reedy-1,27.7452,-81.5154,Pol-Reedy,Polk,Reedy,1,LW,Lake
Pol-Reedy-2,27.7453,-81.4899,Pol-Reedy,Polk,Reedy,2,LW,Lake
Pol-Reedy-3,27.7298,-81.4861,Pol-Reedy,Polk,Reedy,3,LW,Lake
Pol-Ring-1,28.0091,-81.7023,Pol-Ring,Polk,Ring,1,LW,Lake
Pol-Ring-2,28.0094,-81.7022,Pol-Ring,Polk,Ring,2,LW,Lake
Pol-Ring-3,28.0096,-81.7022,Pol-Ring,Polk,Ring,3,LW,Lake
Pol-River-1,27.9833,-81.6693,Pol-River,Polk,River,1,LW,Lake
Pol-River-2,27.9826,-81.6693,Pol-River,Polk,River,2,LW,Lake
Pol-River-3,27.9819,-81.6705,Pol-River,Polk,River,3,LW,Lake
Pol-Rochelle-1,28.0739,-81.7274,Pol-Rochelle,Polk,Rochelle,1,LW,Lake
Pol-Rochelle-2,28.0731,-81.7194,Pol-Rochelle,Polk,Rochelle,2,LW,Lake
Pol-Rochelle-3,28.0722,-81.7115,Pol-Rochelle,Polk,Rochelle,3,LW,Lake
Pol-Rosalie-1,27.9463,-81.4159,Pol-Rosalie,Polk,Rosalie,1,LW,Lake
Pol-Rosalie-2,27.9259,-81.4219,Pol-Rosalie,Polk,Rosalie,2,LW,Lake
Pol-Rosalie-3,27.9189,-81.4106,Pol-Rosalie,Polk,Rosalie,3,LW,Lake
Pol-Rosalie-4,27.944,-81.383,Pol-Rosalie,Polk,Rosalie,4,LW,Lake
Pol-Roy-1,28.0035,-81.7057,Pol-Roy,Polk,Roy,1,LW,Lake
Pol-Roy-2,28.0022,-81.7078,Pol-Roy,Polk,Roy,2,LW,Lake
Pol-Roy-3,28.0009,-81.71,Pol-Roy,Polk,Roy,3,LW,Lake
Pol-Ruby-1,27.9749,-81.6607,Pol-Ruby,Polk,Ruby,1,LW,Lake
Pol-Ruby-2,27.971800000000002,-81.6607,Pol-Ruby,Polk,Ruby,2,LW,Lake
Pol-Ruby-3,27.9777,-81.6605,Pol-Ruby,Polk,Ruby,3,LW,Lake
Pol-SaddleCK1-1,28.0021,-81.8512,Pol-SaddleCK1,Polk,Saddle Creek-1,1,LW,River/Stream
Pol-SaddleCK2-1,27.9226,-81.8262,Pol-SaddleCK2,Polk,Saddle Creek-2,1,LW,River/Stream
Pol-SaddleCK3-1,27.9013,-81.8172,Pol-SaddleCK3,Polk,Saddle Creek-3,1,LW,River/Stream
Pol-Saddlebag-1,27.8912,-81.4702,Pol-Saddlebag,Polk,Saddlebag,1,LW,Lake
Pol-Saddlebag-2,27.8967,-81.4711,Pol-Saddlebag,Polk,Saddlebag,2,LW,Lake
Pol-Saddlebag-3,27.8976,-81.4629,Pol-Saddlebag,Polk,Saddlebag,3,LW,Lake
Pol-Sara-1,28.0448,-81.6308,Pol-Sara,Polk,Sara,1,LW,Lake
Pol-Sara-2,28.0466,-81.5635,Pol-Sara,Polk,Sara,2,LW,Lake
Pol-Sara-3,28.0479,-81.6298,Pol-Sara,Polk,Sara,3,LW,Lake
Pol-Scott-1,27.9682,-81.9441,Pol-Scott,Polk,Scott,1,LW,Lake
Pol-Scott-2,27.965,-81.9391,Pol-Scott,Polk,Scott,2,LW,Lake
Pol-Scott-3,27.961,-81.9372,Pol-Scott,Polk,Scott,3,LW,Lake
Pol-Shipp-1,28.0005,-81.7422,Pol-Shipp,Polk,Shipp,1,LW,Lake
Pol-Shipp-2,28.0027,-81.7423,Pol-Shipp,Polk,Shipp,2,LW,Lake
Pol-Shipp-3,28.0046,-81.7425,Pol-Shipp,Polk,Shipp,3,LW,Lake
Pol-Silver-1,28.0304,-81.7285,Pol-Silver,Polk,Silver,1,LW,Lake
Pol-Silver-2,28.032,-81.7286,Pol-Silver,Polk,Silver,2,LW,Lake
Pol-Silver-3,28.0336,-81.7288,Pol-Silver,Polk,Silver,3,LW,Lake
Pol-Smart-1,28.0633,-81.7153,Pol-Smart,Polk,Smart,1,LW,Lake
Pol-Smart-2,28.06,-81.7116,Pol-Smart,Polk,Smart,2,LW,Lake
Pol-Smart-3,28.0561,-81.7086,Pol-Smart,Polk,Smart,3,LW,Lake
Pol-Spirit-1,28.0009,-81.7759,Pol-Spirit,Polk,Spirit,1,LW,Lake
Pol-Spirit-2,27.9976,-81.777,Pol-Spirit,Polk,Spirit,2,LW,Lake
Pol-Spirit-3,28.0007,-81.7806,Pol-Spirit,Polk,Spirit,3,LW,Lake
Pol-Spring-1,28.0373,-81.7347,Pol-Spring,Polk,Spring,1,LW,Lake
Pol-Spring-2,28.0385,-81.7354,Pol-Spring,Polk,Spring,2,LW,Lake
Pol-Spring-3,28.0394,-81.7358,Pol-Spring,Polk,Spring,3,LW,Lake
Pol-StAnne-1,27.8789,-81.4874,Pol-StAnne,Polk,St. Anne,1,LW,Lake
Pol-StAnne-2,27.8785,-81.4879,Pol-StAnne,Polk,St. Anne,2,LW,Lake
Pol-StAnne-3,27.8778,-81.4885,Pol-StAnne,Polk,St. Anne,3,LW,Lake
Pol-Starr-1,27.9585,-81.5818,Pol-Starr,Polk,Starr,1,LW,Lake
Pol-Starr-2,27.9575,-81.5865,Pol-Starr,Polk,Starr,2,LW,Lake
Pol-Starr-3,27.9572,-81.5889,Pol-Starr,Polk,Starr,3,LW,Lake
Pol-Summit-1,27.9976,-81.6952,Pol-Summit,Polk,Summit,1,LW,Lake
Pol-Summit-2,27.999,-81.6954,Pol-Summit,Polk,Summit,2,LW,Lake
Pol-Summit-3,28.0003,-81.6956,Pol-Summit,Polk,Summit,3,LW,Lake
Pol-Symphony-1,28.0025,-82.0251,Pol-Symphony,Polk,Symphony,1,LW,Lake
Pol-Symphony-2,28.0032,-82.0251,Pol-Symphony,Polk,Symphony,2,LW,Lake
Pol-Symphony-3,28.0039,-82.0251,Pol-Symphony,Polk,Symphony,3,LW,Lake
Pol-Tiger-1,27.8752,-81.3489,Pol-Tiger,Polk,Tiger,1,LW,Lake
Pol-Tiger-2,27.8935,-81.3563,Pol-Tiger,Polk,Tiger,2,LW,Lake
Pol-Tiger-3,27.9053,-81.3639,Pol-Tiger,Polk,Tiger,3,LW,Lake
Pol-Tiger-4,27.9057,-81.3639,Pol-Tiger,Polk,Tiger,4,LW,Lake
Pol-Tracy-1,28.1087,-81.6335,Pol-Tracy,Polk,Tracy,1,LW,Lake
Pol-Tracy-2,28.1118,-81.6351,Pol-Tracy,Polk,Tracy,2,LW,Lake
Pol-Tracy-3,28.1151,-81.6348,Pol-Tracy,Polk,Tracy,3,LW,Lake
Pol-Wales-1,27.9013,-81.5774,Pol-Wales,Polk,Wales,1,LW,Lake
Pol-Wales-2,27.9012,-81.5712,Pol-Wales,Polk,Wales,2,LW,Lake
Pol-Wales-3,27.9019,-81.5649,Pol-Wales,Polk,Wales,3,LW,Lake
Pol-Weohyakap-1,27.8061,-81.4202,Pol-Weohyakap,Polk,Weohyakapka,1,LW,Lake
Pol-Weohyakap-2,27.8155,-81.4305,Pol-Weohyakap,Polk,Weohyakapka,2,LW,Lake
Pol-Weohyakap-3,27.8294,-81.4265,Pol-Weohyakap,Polk,Weohyakapka,3,LW,Lake
Pol-Weohyakap-4,27.826,-81.3989,Pol-Weohyakap,Polk,Weohyakapka,4,LW,Lake
Pol-Whistler-1,28.0882,-81.8119,Pol-Whistler,Polk,Whistler,1,LW,Lake
Pol-Whistler-2,28.0905,-81.8121,Pol-Whistler,Polk,Whistler,2,LW,Lake
Pol-Whistler-3,28.0929,-81.8123,Pol-Whistler,Polk,Whistler,3,LW,Lake
Pol-Winterset-1,27.9697,-81.6807,Pol-Winterset,Polk,Winterset,1,LW,Lake
Pol-Winterset-2,27.9748,-81.6807,Pol-Winterset,Polk,Winterset,2,LW,Lake
Pol-Winterset-3,27.9791,-81.6812,Pol-Winterset,Polk,Winterset,3,LW,Lake
Put-Anderson-1,29.6898,-82.0063,Put-Anderson,Putnam,Anderson Cue,1,LW,Lake
Put-Anderson-2,29.6894,-82.0066,Put-Anderson,Putnam,Anderson Cue,2,LW,Lake
Put-Anderson-3,29.6893,-82.0067,Put-Anderson,Putnam,Anderson Cue,3,LW,Lake
Put-Annie-1,29.6009,-82.0157,Put-Annie,Putnam,Annie,1,LW,Lake
Put-Annie-2,29.6022,-82.0157,Put-Annie,Putnam,Annie,2,LW,Lake
Put-Annie-3,29.6023,-82.0168,Put-Annie,Putnam,Annie,3,LW,Lake
Put-Ashley-1,29.7047,-82.0253,Put-Ashley,Putnam,Ashley,1,LW,Lake
Put-Ashley-2,29.7053,-82.0245,Put-Ashley,Putnam,Ashley,2,LW,Lake
Put-Ashley-3,29.7056,-82.0235,Put-Ashley,Putnam,Ashley,3,LW,Lake
Put-Ashley-4,29.7066,-82.0208,Put-Ashley,Putnam,Ashley,4,LW,Lake
Put-Ashley-5,29.7073,-82.0196,Put-Ashley,Putnam,Ashley,5,LW,Lake
Put-Banana-1,29.4645,-81.5901,Put-Banana,Putnam,Banana,1,LW,Lake
Put-Banana-2,29.4642,-81.5915,Put-Banana,Putnam,Banana,2,LW,Lake
Put-Banana-3,29.4637,-81.5936,Put-Banana,Putnam,Banana,3,LW,Lake
Put-Barco-1,29.6754,-82.0087,Put-Barco,Putnam,Barco,1,LW,Lake
Put-Barco-2,29.6759,-82.0083,Put-Barco,Putnam,Barco,2,LW,Lake
Put-Barco-3,29.6763,-82.0079,Put-Barco,Putnam,Barco,3,LW,Lake
Put-Bell-1,29.4299,-81.5367,Put-Bell,Putnam,Bell,1,LW,Lake
Put-Bell-2,29.4292,-81.5358,Put-Bell,Putnam,Bell,2,LW,Lake
Put-Bell-3,29.429,-81.5374,Put-Bell,Putnam,Bell,3,LW,Lake
Put-Blue-1,29.5118,-82.0401,Put-Blue,Putnam,Blue,1,LW,Lake
Put-Blue-2,29.5116,-82.039,Put-Blue,Putnam,Blue,2,LW,Lake
Put-Blue-3,29.5112,-82.0381,Put-Blue,Putnam,Blue,3,LW,Lake
Put-BollGree-1,29.633,-81.8408,Put-BollGree,Putnam,Boll Green,1,LW,Lake
Put-BollGree-2,29.6339,-81.8394,Put-BollGree,Putnam,Boll Green,2,LW,Lake
Put-BollGree-3,29.6346,-81.8373,Put-BollGree,Putnam,Boll Green,3,LW,Lake
Put-Brantle1-1,29.6853,-81.9481,Put-Brantle1,Putnam,Brantley,1,LW,Lake
Put-Brantle1-2,29.6835,-81.9455,Put-Brantle1,Putnam,Brantley,2,LW,Lake
Put-Brantle1-3,29.6828,-81.9485,Put-Brantle1,Putnam,Brantley,3,LW,Lake
Put-Brantle2-1,29.6828,-81.9487,Put-Brantle2,Putnam,Brantley 2,1,LW,Lake
Put-Brantle2-2,29.6834,-81.95,Put-Brantle2,Putnam,Brantley 2,2,LW,Lake
Put-Brantle2-3,29.6847,-81.9501,Put-Brantle2,Putnam,Brantley 2,3,LW,Lake
Put-Broward-1,29.5023,-81.5913,Put-Broward,Putnam,Broward,1,LW,Lake
Put-Broward-2,29.5083,-81.5917,Put-Broward,Putnam,Broward,2,LW,Lake
Put-Broward-3,29.519,-81.5939,Put-Broward,Putnam,Broward,3,LW,Lake
Put-Broward-4,29.5199,-81.5896,Put-Broward,Putnam,Broward,4,LW,Lake
Put-Broward-5,29.5018,-81.5955,Put-Broward,Putnam,Broward,5,LW,Lake
Put-CampBR-1,29.53,-81.7466,Put-CampBR,Putnam,Camp Branch-1,1,LW,River/Stream
Put-CampBR-2,29.5165,-81.7403,Put-CampBR,Putnam,Camp Branch-2,1,LW,River/Stream
Put-CampBR-3,29.514,-81.7257,Put-CampBR,Putnam,Camp Branch-3,1,LW,River/Stream
Put-CampBR-4,29.5308,-81.7019,Put-CampBR,Putnam,Camp Branch-4,1,LW,River/Stream
Put-Chipco-1,29.6293,-81.893,Put-Chipco,Putnam,Chipco,1,LW,Lake
Put-Chipco-2,29.628,-81.8923,Put-Chipco,Putnam,Chipco,2,LW,Lake
Put-Chipco-3,29.628,-81.8911,Put-Chipco,Putnam,Chipco,3,LW,Lake
Put-Church-1,29.6516,-81.8685,Put-Church,Putnam,Church,1,LW,Lake
Put-Church-2,29.6516,-81.8675,Put-Church,Putnam,Church,2,LW,Lake
Put-Church-3,29.6516,-81.8666,Put-Church,Putnam,Church,3,LW,Lake
Put-Clear-1,29.4229,-81.5572,Put-Clear,Putnam,Clear,1,LW,Lake
Put-Clear-2,29.4224,-81.5546,Put-Clear,Putnam,Clear,2,LW,Lake
Put-Clear-3,29.4221,-81.5518,Put-Clear,Putnam,Clear,3,LW,Lake
Put-Clearwate-1,29.6672,-81.8816,Put-Clearwate,Putnam,Clearwater,1,LW,Lake
Put-Clearwate-2,29.6678,-81.8806,Put-Clearwate,Putnam,Clearwater,2,LW,Lake
Put-Clearwat2-1,29.5796,-81.9529,Put-Clearwat2,Putnam,Clearwater 2,1,LW,Lake
Put-Clearwat2-2,29.5793,-81.9543,Put-Clearwat2,Putnam,Clearwater 2,2,LW,Lake
Put-Clearwat2-3,29.5786,-81.9553,Put-Clearwat2,Putnam,Clearwater 2,3,LW,Lake
Put-Como-1,29.4748,-81.58,Put-Como,Putnam,Como,1,LW,Lake
Put-Como-2,29.4723,-81.5767,Put-Como,Putnam,Como,2,LW,Lake
Put-Como-3,29.4685,-81.5828,Put-Como,Putnam,Como,3,LW,Lake
Put-Cowpen-1,29.6039,-82.0023,Put-Cowpen,Putnam,Cowpen,1,LW,Lake
Put-Cowpen-2,29.5999,-82.0025,Put-Cowpen,Putnam,Cowpen,2,LW,Lake
Put-Cowpen-3,29.5966,-81.9979,Put-Cowpen,Putnam,Cowpen,3,LW,Lake
Put-Crescent-1,29.4007,-81.4783,Put-Crescent,Putnam,Crescent,1,LW,Lake
Put-Crescent-2,29.3941,-81.4601,Put-Crescent,Putnam,Crescent,2,LW,Lake
Put-Crescent-3,29.3938,-81.4502,Put-Crescent,Putnam,Crescent,3,LW,Lake
Put-CrescentN-1,29.4478,-81.4888,Put-CrescentN,Putnam,Crescent North,1,LW,Lake
Put-CrescentN-2,29.4518,-81.4993,Put-CrescentN,Putnam,Crescent North,2,LW,Lake
Put-CrescentN-3,29.4559,-81.5038,Put-CrescentN,Putnam,Crescent North,3,LW,Lake
Put-CrescentN-4,29.5119,-81.5387,Put-CrescentN,Putnam,Crescent North,4,LW,Lake
Put-CrescentS-1,29.4007,-81.4783,Put-CrescentS,Putnam,Crescent South,1,LW,Lake
Put-CrescentS-2,29.3941,-81.4601,Put-CrescentS,Putnam,Crescent South,2,LW,Lake
Put-CrescentS-3,29.3938,-81.4502,Put-CrescentS,Putnam,Crescent South,3,LW,Lake
Put-East-1,29.6278,-81.9649,Put-East,Putnam,East,1,LW,Lake
Put-East-2,29.6275,-81.9636,Put-East,Putnam,East,2,LW,Lake
Put-East-3,29.6273,-81.9623,Put-East,Putnam,East,3,LW,Lake
Put-EastTwin-1,29.6214,-81.8525,Put-EastTwin,Putnam,East Twin,1,LW,Lake
Put-EastTwin-2,29.6214,-81.8498,Put-EastTwin,Putnam,East Twin,2,LW,Lake
Put-EastTwin-3,29.6231,-81.8507,Put-EastTwin,Putnam,East Twin,3,LW,Lake
Put-English-1,29.4235,-81.5332,Put-English,Putnam,English,1,LW,Lake
Put-English-2,29.4246,-81.5329,Put-English,Putnam,English,2,LW,Lake
Put-English-3,29.426,-81.5321,Put-English,Putnam,English,3,LW,Lake
Put-Enslow-1,29.6974,-81.9446,Put-Enslow,Putnam,Enslow,1,LW,Lake
Put-Enslow-2,29.6974,-81.9437,Put-Enslow,Putnam,Enslow,2,LW,Lake
Put-Enslow-3,29.6977,-81.9428,Put-Enslow,Putnam,Enslow,3,LW,Lake
Put-Fanny-1,29.5605,-81.9873,Put-Fanny,Putnam,Fanny,1,LW,Lake
Put-Fanny-2,29.5595,-81.9849,Put-Fanny,Putnam,Fanny,2,LW,Lake
Put-Fanny-3,29.559,-81.9812,Put-Fanny,Putnam,Fanny,3,LW,Lake
Put-Faye-1,29.644,-81.8763,Put-Faye,Putnam,Faye,1,LW,Lake
Put-Faye-2,29.6437,-81.8761,Put-Faye,Putnam,Faye,2,LW,Lake
Put-Faye-3,29.6433,-81.876,Put-Faye,Putnam,Faye,3,LW,Lake
Put-Galilee-1,29.6228,-81.9348,Put-Galilee,Putnam,Galilee,1,LW,Lake
Put-Galilee-2,29.6214,-81.9489,Put-Galilee,Putnam,Galilee,2,LW,Lake
Put-Galilee-3,29.6231,-81.9464,Put-Galilee,Putnam,Galilee,3,LW,Lake
Put-George-1,29.3242,-81.6424,Put-George,Putnam,George,1,LW,Lake
Put-George-2,29.3087,-81.6336,Put-George,Putnam,George,2,LW,Lake
Put-George-3,29.2935,-81.6246,Put-George,Putnam,George,3,LW,Lake
Put-George-4,29.2549,-81.5912,Put-George,Putnam,George,4,LW,Lake
Put-George-5,29.3694,-81.6225,Put-George,Putnam,George,5,LW,Lake
Put-GeorgeEa-1,29.3143,-81.5675,Put-GeorgeEa,Putnam,George East,1,LW,Lake
Put-GeorgeEa-2,29.2985,-81.5734,Put-GeorgeEa,Putnam,George East,2,LW,Lake
Put-GeorgeEa-3,29.2904,-81.5597,Put-GeorgeEa,Putnam,George East,3,LW,Lake
Put-GeorgeSo-1,29.2231,-81.5937,Put-GeorgeSo,Putnam,George South,1,LW,Lake
Put-GeorgeSo-2,29.2394,-81.5834,Put-GeorgeSo,Putnam,George South,2,LW,Lake
Put-GeorgeSo-3,29.2333,-81.5652,Put-GeorgeSo,Putnam,George South,3,LW,Lake
Put-Georges-1,29.798,-81.8493,Put-Georges,Putnam,Georges,1,LW,Lake
Put-Georges-2,29.7933,-81.8489,Put-Georges,Putnam,Georges,2,LW,Lake
Put-Georges-3,29.7897,-81.8486,Put-Georges,Putnam,Georges,3,LW,Lake
Put-Gillis-1,29.5687,-81.9855,Put-Gillis,Putnam,Gillis,1,LW,Lake
Put-Gillis-2,29.5684,-81.9868,Put-Gillis,Putnam,Gillis,2,LW,Lake
Put-Gillis-3,29.5663,-81.984,Put-Gillis,Putnam,Gillis,3,LW,Lake
Put-Goose-1,29.7001,-81.9812,Put-Goose,Putnam,Goose,1,LW,Lake
Put-Goose-2,29.7006,-81.98,Put-Goose,Putnam,Goose,2,LW,Lake
Put-Goose-3,29.7,-81.9784,Put-Goose,Putnam,Goose,3,LW,Lake
Put-Grandin-1,29.6819,-81.8808,Put-Grandin,Putnam,Grandin,1,LW,Lake
Put-Grandin-2,29.6782,-81.8806,Put-Grandin,Putnam,Grandin,2,LW,Lake
Put-Grandin-3,29.6743,-81.8805,Put-Grandin,Putnam,Grandin,3,LW,Lake
Put-GreenPd-1,29.554,-82.0344,Put-GreenPd,Putnam,Green Pond,1,LW,Lake
Put-GreenPd-2,29.5535,-82.0368,Put-GreenPd,Putnam,Green Pond,2,LW,Lake
Put-GreenPd-3,29.553,-82.0388,Put-GreenPd,Putnam,Green Pond,3,LW,Lake
Put-Hardesty-1,29.6034,-81.8547,Put-Hardesty,Putnam,Hardesty,1,LW,Lake
Put-Hardesty-2,29.6024,-81.8551,Put-Hardesty,Putnam,Hardesty,2,LW,Lake
Put-Hardesty-3,29.6017,-81.8553,Put-Hardesty,Putnam,Hardesty,3,LW,Lake
Put-Hewitt-1,29.5411,-81.9277,Put-Hewitt,Putnam,Hewitt,1,LW,Lake
Put-Hewitt-2,29.5422,-81.9263,Put-Hewitt,Putnam,Hewitt,2,LW,Lake
Put-Hewitt-3,29.5432,-81.9246,Put-Hewitt,Putnam,Hewitt,3,LW,Lake
Put-Higgenbot-1,29.5611,-81.9704,Put-Higgenbot,Putnam,Higgenbotham,1,LW,Lake
Put-Higgenbot-2,29.5604,-81.9696,Put-Higgenbot,Putnam,Higgenbotham,2,LW,Lake
Put-Higgenbot-3,29.561,-81.9672,Put-Higgenbot,Putnam,Higgenbotham,3,LW,Lake
Put-Ida-1,29.6288,-81.8546,Put-Ida,Putnam,Ida,1,LW,Lake
Put-Ida-2,29.6329,-81.8588,Put-Ida,Putnam,Ida,2,LW,Lake
Put-Ida-3,29.6296,-81.8595,Put-Ida,Putnam,Ida,3,LW,Lake
Put-Jewel-1,29.645,-81.8671,Put-Jewel,Putnam,Jewel,1,LW,Lake
Put-Jewel-2,29.6445,-81.8689,Put-Jewel,Putnam,Jewel,2,LW,Lake
Put-Jewel-3,29.6431,-81.8706,Put-Jewel,Putnam,Jewel,3,LW,Lake
Put-Johntry-1,29.5707,-81.9583,Put-Johntry,Putnam,Johntry Pond,1,LW,Lake
Put-Johntry-2,29.5712,-81.9587,Put-Johntry,Putnam,Johntry Pond,2,LW,Lake
Put-Johntry-3,29.5714,-81.9597,Put-Johntry,Putnam,Johntry Pond,3,LW,Lake
Put-Junior-1,29.6553,-81.8817,Put-Junior,Putnam,Junior,1,LW,Lake
Put-Junior-2,29.6561,-81.8782,Put-Junior,Putnam,Junior,2,LW,Lake
Put-Junior-3,29.6568,-81.8762,Put-Junior,Putnam,Junior,3,LW,Lake
Put-Lagonda-1,29.6211,-81.892,Put-Lagonda,Putnam,Lagonda,1,LW,Lake
Put-Lagonda-2,29.6189,-81.8926,Put-Lagonda,Putnam,Lagonda,2,LW,Lake
Put-Lagonda-3,29.6177,-81.8916,Put-Lagonda,Putnam,Lagonda,3,LW,Lake
Put-LClearwa2-1,29.5764,-81.9576,Put-LClearwa2,Putnam,Little Clearwater 2,1,LW,Lake
Put-LClearwa2-2,29.5764,-81.9564,Put-LClearwa2,Putnam,Little Clearwater 2,2,LW,Lake
Put-LClearwa2-3,29.5766,-81.9558,Put-LClearwa2,Putnam,Little Clearwater 2,3,LW,Lake
Put-LittleMc-1,29.5924,-82.0176,Put-LittleMc,Putnam,Little McMeekin,1,LW,Lake
Put-LittleMc-2,29.5921,-82.0169,Put-LittleMc,Putnam,Little McMeekin,2,LW,Lake
Put-LittleMc-3,29.5915,-82.0158,Put-LittleMc,Putnam,Little McMeekin,3,LW,Lake
Put-LtSwan-1,29.7369,-82.0004,Put-LtSwan,Putnam,Little Swan,1,LW,Lake
Put-LtSwan-2,29.7346,-82.0008,Put-LtSwan,Putnam,Little Swan,2,LW,Lake
Put-LtSwan-3,29.7363,-82.004,Put-LtSwan,Putnam,Little Swan,3,LW,Lake
Put-LongPond-1,29.6734,-81.9957,Put-LongPond,Putnam,Long Pond,1,LW,Lake
Put-LongPond-2,29.6695,-81.9918,Put-LongPond,Putnam,Long Pond,2,LW,Lake
Put-LongPond-3,29.6684,-81.9946,Put-LongPond,Putnam,Long Pond,3,LW,Lake
Put-Mariner-1,29.6473,-81.8902,Put-Mariner,Putnam,Mariner,1,LW,Lake
Put-Mariner-2,29.6455,-81.8881,Put-Mariner,Putnam,Mariner,2,LW,Lake
Put-Mariner-3,29.6432,-81.8896,Put-Mariner,Putnam,Mariner,3,LW,Lake
Put-Mason-1,29.6633,-81.9844,Put-Mason,Putnam,Mason,1,LW,Lake
Put-Mason-2,29.6652,-81.9829,Put-Mason,Putnam,Mason,2,LW,Lake
Put-Mason-3,29.6653,-81.9797,Put-Mason,Putnam,Mason,3,LW,Lake
Put-McCloud-1,29.6946,-81.9969,Put-McCloud,Putnam,McCloud,1,LW,Lake
Put-McCloud-2,29.6952,-81.997,Put-McCloud,Putnam,McCloud,2,LW,Lake
Put-McCloud-3,29.6953,-81.9967,Put-McCloud,Putnam,McCloud,3,LW,Lake
Put-McMeekin-1,29.5918,-82.012,Put-McMeekin,Putnam,McMeekin,1,LW,Lake
Put-McMeekin-2,29.5899,-82.0091,Put-McMeekin,Putnam,McMeekin,2,LW,Lake
Put-McMeekin-3,29.5893,-82.0059,Put-McMeekin,Putnam,McMeekin,3,LW,Lake
Put-Morris-1,29.6143,-81.9757,Put-Morris,Putnam,Morris,1,LW,Lake
Put-Morris-2,29.6169,-81.9712,Put-Morris,Putnam,Morris,2,LW,Lake
Put-Morris-3,29.6135,-81.9717,Put-Morris,Putnam,Morris,3,LW,Lake
Put-Mud-1,29.6156,-81.7055,Put-Mud,Putnam,Mud,1,LW,Lake
Put-Mud-2,29.6143,-81.7041,Put-Mud,Putnam,Mud,2,LW,Lake
Put-Mud-3,29.614,-81.7063,Put-Mud,Putnam,Mud,3,LW,Lake
Put-NorthEst-1,29.4297,-81.6051,Put-NorthEst,Putnam,North Estella,1,LW,Lake
Put-NorthEst-2,29.4284,-81.6045,Put-NorthEst,Putnam,North Estella,2,LW,Lake
Put-NorthEst-3,29.4274,-81.6039,Put-NorthEst,Putnam,North Estella,3,LW,Lake
Put-NorthTwi-1,29.6084,-82.016,Put-NorthTwi,Putnam,North Twin,1,LW,Lake
Put-NorthTwi-2,29.6089,-82.016,Put-NorthTwi,Putnam,North Twin,2,LW,Lake
Put-NorthTwi-3,29.6087,-82.0166,Put-NorthTwi,Putnam,North Twin,3,LW,Lake
Put-Omega-1,29.4479,-81.5323,Put-Omega,Putnam,Omega,1,LW,Lake
Put-Omega-2,29.4475,-81.5323,Put-Omega,Putnam,Omega,2,LW,Lake
Put-Omega-3,29.4471,-81.5323,Put-Omega,Putnam,Omega,3,LW,Lake
Put-Punchbowl-1,29.717,-82.0481,Put-Punchbowl,Putnam,Punchbowl,1,LW,Lake
Put-Punchbowl-2,29.7167,-82.0485,Put-Punchbowl,Putnam,Punchbowl,2,LW,Lake
Put-Punchbowl-3,29.7165,-82.0488,Put-Punchbowl,Putnam,Punchbowl,3,LW,Lake
Put-Redwater-1,29.5614,-82.0218,Put-Redwater,Putnam,Redwater,1,LW,Lake
Put-Redwater-2,29.5625,-82.0176,Put-Redwater,Putnam,Redwater,2,LW,Lake
Put-Redwater-3,29.5638,-82.0142,Put-Redwater,Putnam,Redwater,3,LW,Lake
Put-Riley-1,29.5191,-82.0326,Put-Riley,Putnam,Riley,1,LW,Lake
Put-Riley-2,29.5182,-82.0349,Put-Riley,Putnam,Riley,2,LW,Lake
Put-Riley-3,29.5172,-81.0329,Put-Riley,Putnam,Riley,3,LW,Lake
Put-Rocky-1,29.643,-81.8746,Put-Rocky,Putnam,Rocky,1,LW,Lake
Put-Rocky-2,29.6428,-81.8739,Put-Rocky,Putnam,Rocky,2,LW,Lake
Put-Rocky-3,29.6423,-81.8732,Put-Rocky,Putnam,Rocky,3,LW,Lake
Put-Rodman-1,29.5232,-81.824,Put-Rodman,Putnam,Rodman-1,1,LW,Lake
Put-Rodman-2,29.5425,-81.8373,Put-Rodman,Putnam,Rodman-2,1,LW,Lake
Put-Rodman-3,29.5075,-81.8858,Put-Rodman,Putnam,Rodman-3,1,LW,Lake
Put-Rodman-4,29.486,-81.9077,Put-Rodman,Putnam,Rodman-4,1,LW,Lake
Put-Rodman-4A,29.5094,-81.9068,Put-Rodman-4A,Putnam,Rodman-4A,1,LW,Lake
Put-Rodman-5,29.3855,-81.9001,Put-Rodman,Putnam,Rodman-5,1,LW,Lake
Put-Rodman-6,29.5077,-81.8045,Put-Rodman,Putnam,Rodman-6,1,LW,Lake
Put-Rodmanou1-1,29.5257,-81.797,Put-Rodmanou1,Putnam,Rodman-out 1,1,LW,Lake
Put-Rodmanou2-1,29.5083,-81.916,Put-Rodmanou2,Putnam,Rodman-out 2,1,LW,Lake
Put-Rodmanou3-1,29.5083,-81.9162,Put-Rodmanou3,Putnam,Rodman-out 3,1,LW,Lake
Put-Rosa-1,29.7111,-82.0094,Put-Rosa,Putnam,Rosa,1,LW,Lake
Put-Rosa-2,29.7121,-82.0072,Put-Rosa,Putnam,Rosa,2,LW,Lake
Put-Rosa-3,29.713,-82.0053,Put-Rosa,Putnam,Rosa,3,LW,Lake
Put-Ross-1,29.7035,-81.9983,Put-Ross,Putnam,Ross,1,LW,Lake
Put-Ross-2,29.7025,-81.9966,Put-Ross,Putnam,Ross,2,LW,Lake
Put-Ross-3,29.7007,-81.9966,Put-Ross,Putnam,Ross,3,LW,Lake
Put-Round-1,29.625,-81.7028,Put-Round,Putnam,Round,1,LW,Lake
Put-Round-2,29.625,-81.7021,Put-Round,Putnam,Round,2,LW,Lake
Put-Round-3,29.625,-81.7013,Put-Round,Putnam,Round,3,LW,Lake
Put-Rowan-1,29.6771,-82.0169,Put-Rowan,Putnam,Rowan,1,LW,Lake
Put-Rowan-2,29.6769,-82.0178,Put-Rowan,Putnam,Rowan,2,LW,Lake
Put-Rowan-3,29.6763,-82.019,Put-Rowan,Putnam,Rowan,3,LW,Lake
Put-Silver-1,29.4438,-81.5728,Put-Silver,Putnam,Silver,1,LW,Lake
Put-Silver-2,29.4439,-81.5696,Put-Silver,Putnam,Silver,2,LW,Lake
Put-Silver-3,29.446,-81.571,Put-Silver,Putnam,Silver,3,LW,Lake
Put-Silver 2-1,29.5943,-81.9799,Put-Silver 2,Putnam,Silver 2,1,LW,Lake
Put-Silver 2-2,29.5943,-81.9811,Put-Silver 2,Putnam,Silver 2,2,LW,Lake
Put-Silver 2-3,29.5936,-81.9805,Put-Silver 2,Putnam,Silver 2,3,LW,Lake
Put-Silver 3-1,29.6193,-81.7147,Put-Silver 3,Putnam,Silver 3,1,LW,Lake
Put-Silver 3-2,29.6182,-81.7146,Put-Silver 3,Putnam,Silver 3,2,LW,Lake
Put-Silver 3-3,29.617,-81.7144,Put-Silver 3,Putnam,Silver 3,3,LW,Lake
Put-SouthBul-1,29.6396,-82.0488,Put-SouthBul,Putnam,South Bull Pond,1,LW,Lake
Put-SouthBul-2,29.6409,-82.0441,Put-SouthBul,Putnam,South Bull Pond,2,LW,Lake
Put-SouthBul-3,29.638,-82.0432,Put-SouthBul,Putnam,South Bull Pond,3,LW,Lake
Put-SouthEst-1,29.4229,-81.6067,Put-SouthEst,Putnam,South Estella,1,LW,Lake
Put-SouthEst-2,29.424,-81.6062,Put-SouthEst,Putnam,South Estella,2,LW,Lake
Put-SouthEst-3,29.4251,-81.6058,Put-SouthEst,Putnam,South Estella,3,LW,Lake
Put-Spring-1,29.6014,-82.0085,Put-Spring,Putnam,Spring,1,LW,Lake
Put-Spring-2,29.6015,-82.0082,Put-Spring,Putnam,Spring,2,LW,Lake
Put-Spring-3,29.6016,-82.0079,Put-Spring,Putnam,Spring,3,LW,Lake
Put-Star-1,29.5299,-82.0411,Put-Star,Putnam,Star,1,LW,Lake
Put-Star-2,29.5244,-82.0385,Put-Star,Putnam,Star,2,LW,Lake
Put-Star-3,29.5263,-82.0339,Put-Star,Putnam,Star,3,LW,Lake
Put-Stella-1,29.4295,-81.5141,Put-Stella,Putnam,Stella,1,LW,Lake
Put-Stella-2,29.4362,-81.5173,Put-Stella,Putnam,Stella,2,LW,Lake
Put-Stella-3,29.4321,-81.5181,Put-Stella,Putnam,Stella,3,LW,Lake
Put-Stella-4,29.4293,-81.5246,Put-Stella,Putnam,Stella,4,LW,Lake
Put-Stella-5,29.4266,-81.5187,Put-Stella,Putnam,Stella,5,LW,Lake
Put-Suggs-1,29.6877,-82.0186,Put-Suggs,Putnam,Suggs,1,LW,Lake
Put-Suggs-2,29.688,-82.0169,Put-Suggs,Putnam,Suggs,2,LW,Lake
Put-Suggs-3,29.6886,-82.0156,Put-Suggs,Putnam,Suggs,3,LW,Lake
Put-Susan-1,29.5317,-81.9937,Put-Susan,Putnam,Susan,1,LW,Lake
Put-Susan-2,29.5298,-81.9947,Put-Susan,Putnam,Susan,2,LW,Lake
Put-Susan-3,29.5277,-81.995,Put-Susan,Putnam,Susan,3,LW,Lake
Put-Swan-1,29.7283,-82.0105,Put-Swan,Putnam,Swan,1,LW,Lake
Put-Swan-2,29.726,-82.011,Put-Swan,Putnam,Swan,2,LW,Lake
Put-Swan-3,29.7239,-82.012200000000007,Put-Swan,Putnam,Swan,3,LW,Lake
Put-Tucker-1,29.7211,-81.9698,Put-Tucker,Putnam,Tucker,1,LW,Lake
Put-Tucker-2,29.7228,-81.9707,Put-Tucker,Putnam,Tucker,2,LW,Lake
Put-Tucker-3,29.7239,-81.9709,Put-Tucker,Putnam,Tucker,3,LW,Lake
Put-TwinWest-1,29.6201,-81.8601,Put-TwinWest,Putnam,Twin West,1,LW,Lake
Put-TwinWest-2,29.6223,-81.8586,Put-TwinWest,Putnam,Twin West,2,LW,Lake
Put-TwinWest-3,29.6218,-81.8554,Put-TwinWest,Putnam,Twin West,3,LW,Lake
Put-Wimberly-1,29.5283,-81.9502,Put-Wimberly,Putnam,Wimberly,1,LW,Lake
Put-Wimberly-2,29.5267,-81.9493,Put-Wimberly,Putnam,Wimberly,2,LW,Lake
Put-Wimberly-3,29.525,-81.949700000000007,Put-Wimberly,Putnam,Wimberly,3,LW,Lake
Put-Winnott-1,29.6494,-82.0489,Put-Winnott,Putnam,Winnott,1,LW,Lake
Put-Winnott-2,29.6471,-82.0483,Put-Winnott,Putnam,Winnott,2,LW,Lake
Put-Winnott-3,29.6512,-82.0504,Put-Winnott,Putnam,Winnott,3,LW,Lake
San-Bear-1,30.8634,-86.8345,San-Bear,Santa Rosa,Bear,1,LW,Lake
San-Bear-2,30.8639,-86.8316,San-Bear,Santa Rosa,Bear,2,LW,Lake
San-Bear-3,30.8615,-86.8283,San-Bear,Santa Rosa,Bear,3,LW,Lake
San-Ea-stBay-1,30.5203,-87.0283,San-Ea-stBay,Santa Rosa,East Bay-1,1,LW,Estuary
San-Ea-stBay-2,30.5072,-87.0314,San-Ea-stBay,Santa Rosa,East Bay-2,1,LW,Estuary
San-Ea-stBay-3,30.495,-87.0338,San-Ea-stBay,Santa Rosa,East Bay-3,1,LW,Estuary
San-Locklin-1,30.6273,-87.0526,San-Locklin,Santa Rosa,Locklin,1,LW,Lake
San-Locklin-2,30.6277,-87.049,San-Locklin,Santa Rosa,Locklin,2,LW,Lake
San-Locklin-3,30.6293,-87.0486,San-Locklin,Santa Rosa,Locklin,3,LW,Lake
San-Sa-Sound-1,30.3958,-86.8688,San-Sa-Sound,Santa Rosa,Santa Rosa Sound-1,1,LW,Estuary
San-Sa-Sound-2,30.3931,-86.8926,San-Sa-Sound,Santa Rosa,Santa Rosa Sound-2,1,LW,Estuary
San-Sa-Sound-3,30.3907,-86.9226,San-Sa-Sound,Santa Rosa,Santa Rosa Sound-3,1,LW,Estuary
San-a Sound-4-1,30.4011,-86.8067,San-a Sound-4,Santa Rosa,Santa Rosa Sound-4,1,LW,Estuary
San-a Sound-5-1,30.3972,-86.8291,San-a Sound-5,Santa Rosa,Santa Rosa Sound-5,1,LW,Estuary
San-a Sound-6-1,30.3976,-86.8434,San-a Sound-6,Santa Rosa,Santa Rosa Sound-6,1,LW,Estuary
San-Ski Watch-1,30.5678,-87.0438,San-Ski Watch,Santa Rosa,Ski Watch,1,LW,Lake
San-Ski Watch-2,30.5673,-87.0441,San-Ski Watch,Santa Rosa,Ski Watch,2,LW,Lake
San-Ski Watch-3,30.567,-87.0448,San-Ski Watch,Santa Rosa,Ski Watch,3,LW,Lake
San-Ski Watch-4,30.5643,-87.0429,San-Ski Watch,Santa Rosa,Ski Watch,4,LW,Lake
San-Ski Watch-5,30.5669,-87.047,San-Ski Watch,Santa Rosa,Ski Watch,5,LW,Lake
San-Woodbine-1,30.6189,-87.1887,San-Woodbine,Santa Rosa,Woodbine Springs,1,LW,Lake
San-Woodbine-2,30.6192,-87.187,San-Woodbine,Santa Rosa,Woodbine Springs,2,LW,Lake
San-Woodbine-3,30.6232,-87.1869,San-Woodbine,Santa Rosa,Woodbine Springs,3,LW,Lake
Sar-Awesome-1,27.1425,-82.3983,Sar-Awesome,Sarasota,Awesome,1,LW,Lake
Sar-Awesome-2,27.1417,-82.3953,Sar-Awesome,Sarasota,Awesome,2,LW,Lake
Sar-Awesome-3,27.1459,-82.3945,Sar-Awesome,Sarasota,Awesome,3,LW,Lake
Sar-Awesome-4,27.14275,-82.396778,Sar-Awesome,Sarasota,Awesome,4,LW,Lake
Sar-Bobcat-1,27.1828,-82.4701,Sar-Bobcat,Sarasota,Bobcat,1,LW,Lake
Sar-Bobcat-2,27.1823,-80.4702,Sar-Bobcat,Sarasota,Bobcat,2,LW,Lake
Sar-Bobcat-3,27.182,-82.4705,Sar-Bobcat,Sarasota,Bobcat,3,LW,Lake
Sar-Center-1,27.1044,-82.3864,Sar-Center,Sarasota,Center,1,LW,Lake
Sar-Center-2,27.1044,-82.3867,Sar-Center,Sarasota,Center,2,LW,Lake
Sar-Center-3,27.1044,-82.3869,Sar-Center,Sarasota,Center,3,LW,Lake
Sar-Cormorant-1,27.2647,-82.4921,Sar-Cormorant,Sarasota,Cormorant,1,LW,Lake
Sar-Cormorant-2,27.2646,-82.4914,Sar-Cormorant,Sarasota,Cormorant,2,LW,Lake
Sar-Cormorant-3,27.2647,-82.4905,Sar-Cormorant,Sarasota,Cormorant,3,LW,Lake
Sar-Eagle-1,27.1868,-82.4649,Sar-Eagle,Sarasota,Eagle,1,LW,Lake
Sar-Eagle-2,27.1877,-82.4632,Sar-Eagle,Sarasota,Eagle,2,LW,Lake
Sar-Eagle-3,27.1874,-82.4618,Sar-Eagle,Sarasota,Eagle,3,LW,Lake
Sar-East-1,27.268,-81.4376,Sar-East,Sarasota,East,1,LW,Lake
Sar-East-2,27.2684,-82.4369,Sar-East,Sarasota,East,2,LW,Lake
Sar-East-3,27.2676,-82.4369,Sar-East,Sarasota,East,3,LW,Lake
Sar-Egret-1,27.2659,-82.4914,Sar-Egret,Sarasota,Egret,1,LW,Lake
Sar-Egret-2,27.2661,-82.491,Sar-Egret,Sarasota,Egret,2,LW,Lake
Sar-Egret-3,27.2661,-82.4904,Sar-Egret,Sarasota,Egret,3,LW,Lake
Sar-Egret2-1,27.2536,-82.4933,Sar-Egret2,Sarasota,Egret 2,1,LW,Lake
Sar-Egret2-2,27.2531,-82.4933,Sar-Egret2,Sarasota,Egret 2,2,LW,Lake
Sar-Egret2-3,27.2525,-82.4933,Sar-Egret2,Sarasota,Egret 2,3,LW,Lake
Sar-EVMA1-1,27.0769,-82.3832,Sar-EVMA1,Sarasota,EVMA 1,1,LW,Lake
Sar-EVMA1-2,27.0752,-82.383,Sar-EVMA1,Sarasota,EVMA 1,2,LW,Lake
Sar-EVMA1-3,27.0746,-82.3826,Sar-EVMA1,Sarasota,EVMA 1,3,LW,Lake
Sar-EVMA2-1,27.0767,-82.3786,Sar-EVMA2,Sarasota,EVMA 2,1,LW,Lake
Sar-EVMA2-2,27.0765,-82.3783,Sar-EVMA2,Sarasota,EVMA 2,2,LW,Lake
Sar-EVMA2-3,27.0761,-82.378,Sar-EVMA2,Sarasota,EVMA 2,3,LW,Lake
Sar-EVMA3-1,27.0721,-82.38,Sar-EVMA3,Sarasota,EVMA 3,1,LW,Lake
Sar-EVMA3-2,27.0727,-82.3792,Sar-EVMA3,Sarasota,EVMA 3,2,LW,Lake
Sar-EVMA3-3,27.0729,-82.3784,Sar-EVMA3,Sarasota,EVMA 3,3,LW,Lake
Sar-EVMA4-1,27.0746,-82.3766,Sar-EVMA4,Sarasota,EVMA 4,1,LW,Lake
Sar-EVMA4-2,27.074,-82.3758,Sar-EVMA4,Sarasota,EVMA 4,2,LW,Lake
Sar-EVMA4-3,27.0745,-82.3745,Sar-EVMA4,Sarasota,EVMA 4,3,LW,Lake
Sar-EVMA5-1,27.0764,-82.3737,Sar-EVMA5,Sarasota,EVMA 5,1,LW,Lake
Sar-EVMA5-2,27.0766,-82.3733,Sar-EVMA5,Sarasota,EVMA 5,2,LW,Lake
Sar-EVMA5-3,27.0767,-82.3729,Sar-EVMA5,Sarasota,EVMA 5,3,LW,Lake
Sar-EVMA6-1,27.075,-82.3732,Sar-EVMA6,Sarasota,EVMA 6,1,LW,Lake
Sar-EVMA6-2,27.0751,-82.3725,Sar-EVMA6,Sarasota,EVMA 6,2,LW,Lake
Sar-EVMA6-3,27.0753,-82.372,Sar-EVMA6,Sarasota,EVMA 6,3,LW,Lake
Sar-EVMA7-1,27.076,-82.3705,Sar-EVMA7,Sarasota,EVMA 7,1,LW,Lake
Sar-EVMA7-2,27.0764,-82.37,Sar-EVMA7,Sarasota,EVMA 7,2,LW,Lake
Sar-EVMA7-3,27.0768,-82.3696,Sar-EVMA7,Sarasota,EVMA 7,3,LW,Lake
Sar-ForkedCr-1,27.085,-82.3778,Sar-ForkedCr,Sarasota,Forked Creek,1,LW,River/Stream
Sar-Heron-1,27.2674,-82.4911,Sar-Heron,Sarasota,Heron,1,LW,Lake
Sar-Heron-2,27.2672,-82.4909,Sar-Heron,Sarasota,Heron,2,LW,Lake
Sar-Heron-3,27.267,-82.4901,Sar-Heron,Sarasota,Heron,3,LW,Lake
Sar-HeronLagoon-1,27.2425,-82.5289,Sar-HeronLagoon,Sarasota,Heron Lagoon,1,LW,Lake
Sar-HeronLagoon-2,27.2394,-82.5275,Sar-HeronLagoon,Sarasota,Heron Lagoon,2,LW,Lake
Sar-HeronLagoon-3,27.2343,-82.5231,Sar-HeronLagoon,Sarasota,Heron Lagoon,3,LW,Lake
Sar-HeronLagoon-4,27.2429,-82.5306,Sar-HeronLagoon,Sarasota,Heron Lagoon,4,LW,Lake
Sar-HeronLagoon-5,27.2449,-82.533,Sar-HeronLagoon,Sarasota,Heron Lagoon,5,LW,Lake
Sar-HO24-1,27.2745,-82.4067,Sar-HO24,Sarasota,HO24,1,LW,Lake
Sar-HO24-2,27.2742,-82.4081,Sar-HO24,Sarasota,HO24,2,LW,Lake
Sar-HO24-3,27.2742,-82.4102,Sar-HO24,Sarasota,HO24,3,LW,Lake
Sar-HO6-1,27.2906,-82.4044,Sar-HO6,Sarasota,HO6,1,LW,Lake
Sar-HO6-2,27.2905,-82.4031,Sar-HO6,Sarasota,HO6,2,LW,Lake
Sar-HO6-3,27.2903,-82.4017,Sar-HO6,Sarasota,HO6,3,LW,Lake
Sar-Knight-1,27.1489,-82.3974,Sar-Knight,Sarasota,Knight,1,LW,Lake
Sar-3-1,27.1501,-82.3918,Sar-3,Sarasota,Lake 3,1,LW,Lake
Sar-Lake-37-1,27.3701,-82.47,Sar-Lake-37,Sarasota,Lake 37,1,LW,Lake
Sar-Lake-37-2,27.3698,-82.4708,Sar-Lake-37,Sarasota,Lake 37,2,LW,Lake
Sar-Lake-37-3,27.3695,-82.4716,Sar-Lake-37,Sarasota,Lake 37,3,LW,Lake
Sar-Lake-G-20-1,27.3653,-82.4866,Sar-Lake-G-20,Sarasota,Lake G-20,1,LW,Lake
Sar-Lake-G-20-2,27.3653,-82.487,Sar-Lake-G-20,Sarasota,Lake G-20,2,LW,Lake
Sar-Lake-G-20-3,27.3653,-82.4866,Sar-Lake-G-20,Sarasota,Lake G-20,3,LW,Lake
Sar-Lake-M-9-1,27.3618,-82.4598,Sar-Lake-M-9,Sarasota,Lake M-9,1,LW,Lake
Sar-Lake-M-9-2,27.3616,-82.4603,Sar-Lake-M-9,Sarasota,Lake M-9,2,LW,Lake
Sar-Lake-M-9-3,27.3613,-82.4607,Sar-Lake-M-9,Sarasota,Lake M-9,3,LW,Lake
Sar-Loon-1,27.1923,-82.466,Sar-Loon,Sarasota,Loon,1,LW,Lake
Sar-Loon-2,27.192,-82.466,Sar-Loon,Sarasota,Loon,2,LW,Lake
Sar-Loon-3,27.1916,-82.4659,Sar-Loon,Sarasota,Loon,3,LW,Lake
Sar-LowerMya-1,27.2223,-82.3218,Sar-LowerMya,Sarasota,Lower Myakka,1,LW,Lake
Sar-LowerMya-2,27.2183,-82.325,Sar-LowerMya,Sarasota,Lower Myakka,2,LW,Lake
Sar-LowerMya-3,27.2147,-82.3301,Sar-LowerMya,Sarasota,Lower Myakka,3,LW,Lake
Sar-Middle-1,27.1864,-82.464,Sar-Middle,Sarasota,Middle,1,LW,Lake
Sar-Middle-2,27.1868,-82.4629,Sar-Middle,Sarasota,Middle,2,LW,Lake
Sar-Middle-3,27.1872,-82.4618,Sar-Middle,Sarasota,Middle,3,LW,Lake
Sar-Moondrop-1,27.2896,-82.4674,Sar-Moondrop,Sarasota,Moondrop,1,LW,Lake
Sar-Moondrop-2,27.2904,-82.4674,Sar-Moondrop,Sarasota,Moondrop,2,LW,Lake
Sar-North-1,27.1058,-82.3869,Sar-North,Sarasota,North,1,LW,Lake
Sar-North-2,27.1058,-82.387200000000007,Sar-North,Sarasota,North,2,LW,Lake
Sar-North-3,27.1061,-82.387200000000007,Sar-North,Sarasota,North,3,LW,Lake
Sar-Pelican-Cove-1-1,27.2299,-82.5017,Sar-Pelican-Cove-1,Sarasota,Pelican Cove-1,1,LW,Estuary
Sar-Pelican-Cove-2-1,27.2297,-82.5023,Sar-Pelican-Cove-2,Sarasota,Pelican Cove-2,1,LW,Estuary
Sar-Pelican-Cove-3-1,27.2291,-82.5027,Sar-Pelican-Cove-3,Sarasota,Pelican Cove-3,1,LW,Estuary
Sar-PinebrookS-1,27.1083,-82.4194,Sar-PinebrookS,Sarasota,Pinebrook South,1,LW,Lake
Sar-PinebrookS-2,27.1078,-82.4225,Sar-PinebrookS,Sarasota,Pinebrook South,2,LW,Lake
Sar-PinebrookS-3,27.1114,-82.4218,Sar-PinebrookS,Sarasota,Pinebrook South,3,LW,Lake
Sar-Rivendel-1,27.1824,-82.4775,Sar-Rivendel,Sarasota,Rivendel,1,LW,Lake
Sar-Rivendel-2,27.1818,-82.4776,Sar-Rivendel,Sarasota,Rivendel,2,LW,Lake
Sar-Rivendel-3,27.1811,-82.4776,Sar-Rivendel,Sarasota,Rivendel,3,LW,Lake
Sar-SaddleC-1-1,27.2664,-82.3857,Sar-SaddleC-1,Sarasota,Saddle Creek-1,1,LW,River/Stream
Sar-SaddleC-2-1,27.2615,-82.3857,Sar-SaddleC-2,Sarasota,Saddle Creek-2,1,LW,River/Stream
Sar-SaddleC-3-1,27.2565,-82.3844,Sar-SaddleC-3,Sarasota,Saddle Creek-3,1,LW,River/Stream
Sar-Scherer-1,27.1837,-82.4671,Sar-Scherer,Sarasota,Scherer,1,LW,Lake
Sar-Scherer-2,27.1803,-82.467,Sar-Scherer,Sarasota,Scherer,2,LW,Lake
Sar-Scherer-3,27.1788,-82.469,Sar-Scherer,Sarasota,Scherer,3,LW,Lake
Sar-Snover-Waterway-1-1,27.0766,-82.2058,Sar-Snover-Waterway-1,Sarasota,Snover Waterway-1,1,LW,River/Stream
Sar-Snover-Waterway-2-1,27.0767,-82.2124,Sar-Snover-Waterway-2,Sarasota,Snover Waterway-2,1,LW,River/Stream
Sar-Snover-Waterway-3-1,27.0768,-82.218,Sar-Snover-Waterway-3,Sarasota,Snover Waterway-3,1,LW,River/Stream
Sar-South-1,27.1025,-82.3864,Sar-South,Sarasota,South,1,LW,Lake
Sar-South-2,27.1028,-82.3867,Sar-South,Sarasota,South,2,LW,Lake
Sar-South-3,27.1031,-82.3869,Sar-South,Sarasota,South,3,LW,Lake
Sar-Spoonbill-1,27.2533,-82.4919,Sar-Spoonbill,Sarasota,Spoonbill,1,LW,Lake
Sar-Spoonbill-2,27.2525,-82.4911,Sar-Spoonbill,Sarasota,Spoonbill,2,LW,Lake
Sar-Spoonbill-3,27.2528,-82.4906,Sar-Spoonbill,Sarasota,Spoonbill,3,LW,Lake
Sar-Sundrop-1,27.2888,-82.4658,Sar-Sundrop,Sarasota,Sundrop,1,LW,Lake
Sar-Sundrop-2,27.2898,-82.4654,Sar-Sundrop,Sarasota,Sundrop,2,LW,Lake
Sar-Uplands-1,27.3887,-82.5639,Sar-Uplands,Sarasota,Uplands,1,LW,Lake
Sar-Uplands-2,27.3888,-82.5634,Sar-Uplands,Sarasota,Uplands,2,LW,Lake
Sar-Uplands-3,27.3886,-82.5632,Sar-Uplands,Sarasota,Uplands,3,LW,Lake
Sar-UpperMya-1,27.2753,-82.2799,Sar-UpperMya,Sarasota,Upper Myakka,1,LW,Lake
Sar-UpperMya-2,27.2734,-82.2889,Sar-UpperMya,Sarasota,Upper Myakka,2,LW,Lake
Sar-UpperMya-3,27.2723,-82.2998,Sar-UpperMya,Sarasota,Upper Myakka,3,LW,Lake
Sar-VAAS-1,27.0465,-82.4006,Sar-VAAS,Sarasota,VAAS,1,LW,Lake
Sar-VAAS-2,27.0463,-82.4009,Sar-VAAS,Sarasota,VAAS,2,LW,Lake
Sar-VAAS-3,27.0458,-82.401,Sar-VAAS,Sarasota,VAAS,3,LW,Lake
Sar-West-1,27.268,-82.4389,Sar-West,Sarasota,West,1,LW,Lake
Sar-West-2,27.2685,-82.4398,Sar-West,Sarasota,West,2,LW,Lake
Sar-West-3,27.2681,-82.4402,Sar-West,Sarasota,West,3,LW,Lake
Sar-Woodmere-1,27.0539,-82.3883,Sar-Woodmere,Sarasota,Woodmere,1,LW,Lake
Sar-Woodmere-2,27.055,-82.3883,Sar-Woodmere,Sarasota,Woodmere,2,LW,Lake
Sar-Woodmere-3,27.055,-82.3866,Sar-Woodmere,Sarasota,Woodmere,3,LW,Lake
Sem-Ada-1,28.7703,-81.2856,Sem-Ada,Seminole,Ada,1,LW,Lake
Sem-Ada-2,28.7687,-81.2852,Sem-Ada,Seminole,Ada,2,LW,Lake
Sem-Ada-3,28.7672,-81.2851,Sem-Ada,Seminole,Ada,3,LW,Lake
Sem-Adelaide-1,28.6652,-81.3649,Sem-Adelaide,Seminole,Adelaide,1,LW,Lake
Sem-Adelaide-2,28.6668,-81.3655,Sem-Adelaide,Seminole,Adelaide,2,LW,Lake
Sem-Adelaide-3,28.6678,-81.3661,Sem-Adelaide,Seminole,Adelaide,3,LW,Lake
Sem-Alma-1,28.7186,-81.3542,Sem-Alma,Seminole,Alma,1,LW,Lake
Sem-Alma-2,28.7179,-81.3536,Sem-Alma,Seminole,Alma,2,LW,Lake
Sem-Alma-3,28.7174,-81.3528,Sem-Alma,Seminole,Alma,3,LW,Lake
Sem-Amory-1,28.7803,-81.3137,Sem-Amory,Seminole,Amory,1,LW,Lake
Sem-Amory-2,28.7805,-81.3125,Sem-Amory,Seminole,Amory,2,LW,Lake
Sem-Amory-3,28.7813,-81.3141,Sem-Amory,Seminole,Amory,3,LW,Lake
Sem-Ann-1,28.6268,-81.3079,Sem-Ann,Seminole,Ann,1,LW,Lake
Sem-Ann-2,28.6271,-81.3093,Sem-Ann,Seminole,Ann,2,LW,Lake
Sem-Ann-3,28.6273,-81.31,Sem-Ann,Seminole,Ann,3,LW,Lake
Sem-Asher-1,28.6598,-81.4468,Sem-Asher,Seminole,Asher,1,LW,Lake
Sem-Asher-2,28.6595,-81.447,Sem-Asher,Seminole,Asher,2,LW,Lake
Sem-Asher-3,28.6598,-81.4468,Sem-Asher,Seminole,Asher,3,LW,Lake
Sem-Banana-1,28.7775,-81.3657,Sem-Banana,Seminole,Banana,1,LW,Lake
Sem-Banana-2,28.779,-81.3649,Sem-Banana,Seminole,Banana,2,LW,Lake
Sem-Banana-3,28.7803,-81.3644,Sem-Banana,Seminole,Banana,3,LW,Lake
Sem-Baptismal-1,28.6144,-81.248,Sem-Baptismal,Seminole,Baptismal,1,LW,Lake
Sem-Baptismal-2,28.6135,-81.2484,Sem-Baptismal,Seminole,Baptismal,2,LW,Lake
Sem-Baptismal-3,28.6127,-81.2489,Sem-Baptismal,Seminole,Baptismal,3,LW,Lake
Sem-Bath-1,28.6439,-81.1987,Sem-Bath,Seminole,Bath,1,LW,Lake
Sem-Bath-2,28.6446,-81.1993,Sem-Bath,Seminole,Bath,2,LW,Lake
Sem-Bath-3,28.645,-81.1998,Sem-Bath,Seminole,Bath,3,LW,Lake
Sem-Bear-1,28.6542,-81.4496,Sem-Bear,Seminole,Bear,1,LW,Lake
Sem-Bear-2,28.6502,-81.4498,Sem-Bear,Seminole,Bear,2,LW,Lake
Sem-Bear-3,28.6501,-81.4546,Sem-Bear,Seminole,Bear,3,LW,Lake
Sem-Bear-4,28.6577,-81.4531,Sem-Bear,Seminole,Bear,4,LW,Lake
Sem-BearGull-1,28.6223,-81.2703,Sem-BearGull,Seminole,Bear Gully,1,LW,Lake
Sem-BearGull-2,28.6247,-81.2724,Sem-BearGull,Seminole,Bear Gully,2,LW,Lake
Sem-BearGull-3,28.6271,-81.2724,Sem-BearGull,Seminole,Bear Gully,3,LW,Lake
Sem-Beatrice-1,28.7238,-81.0584,Sem-Beatrice,Seminole,Beatrice,1,LW,Lake
Sem-Beatrice-2,28.7245,-81.0582,Sem-Beatrice,Seminole,Beatrice,2,LW,Lake
Sem-Beatrice-3,28.7255,-81.0582,Sem-Beatrice,Seminole,Beatrice,3,LW,Lake
Sem-Beaumont-1,28.6617,-81.3319,Sem-Beaumont,Seminole,Beaumont,1,LW,Lake
Sem-Beaumont-2,28.6618,-81.3317,Sem-Beaumont,Seminole,Beaumont,2,LW,Lake
Sem-Beaumont-3,28.662,-81.3317,Sem-Beaumont,Seminole,Beaumont,3,LW,Lake
Sem-Bel-Air-1,28.7797,-81.309,Sem-Bel-Air,Seminole,Bel-Air,1,LW,Lake
Sem-Bel-Air-2,28.7787,-81.315,Sem-Bel-Air,Seminole,Bel-Air,2,LW,Lake
Sem-Bel-Air-3,28.7764,-81.3078,Sem-Bel-Air,Seminole,Bel-Air,3,LW,Lake
Sem-Bingham-1,28.7391,-81.3099,Sem-Bingham,Seminole,Bingham,1,LW,Lake
Sem-Bingham-2,28.7398,-81.3092,Sem-Bingham,Seminole,Bingham,2,LW,Lake
Sem-Bingham-3,28.7398,-81.3106,Sem-Bingham,Seminole,Bingham,3,LW,Lake
Sem-Blue-1,28.7019,-81.4168,Sem-Blue,Seminole,Blue,1,LW,Lake
Sem-Blue-2,28.7017,-81.4222,Sem-Blue,Seminole,Blue,2,LW,Lake
Sem-Brantley-1,28.6872,-81.425,Sem-Brantley,Seminole,Brantley,1,LW,Lake
Sem-Brantley-2,28.6948,-81.4245,Sem-Brantley,Seminole,Brantley,2,LW,Lake
Sem-Brantley-3,28.692,-81.419,Sem-Brantley,Seminole,Brantley,3,LW,Lake
Sem-Buck-1,28.7163,-81.1297,Sem-Buck,Seminole,Buck,1,LW,Lake
Sem-Buck-2,28.7147,-81.1252,Sem-Buck,Seminole,Buck,2,LW,Lake
Sem-Buck-3,28.7037,-81.1239,Sem-Buck,Seminole,Buck,3,LW,Lake
Sem-Charm-1,28.6787,-81.1973,Sem-Charm,Seminole,Charm,1,LW,Lake
Sem-Charm-2,28.6791,-81.1955,Sem-Charm,Seminole,Charm,2,LW,Lake
Sem-Charm-3,28.6802,-81.1965,Sem-Charm,Seminole,Charm,3,LW,Lake
Sem-Clear-1,28.6699,-81.2949,Sem-Clear,Seminole,Clear,1,LW,Lake
Sem-Clear-2,28.6696,-81.2955,Sem-Clear,Seminole,Clear,2,LW,Lake
Sem-Clear-3,28.6699,-81.2959,Sem-Clear,Seminole,Clear,3,LW,Lake
Sem-Cochran-1,28.7403,-81.14,Sem-Cochran,Seminole,Cochran,1,LW,Lake
Sem-Cochran-2,28.7395,-81.14,Sem-Cochran,Seminole,Cochran,2,LW,Lake
Sem-Cochran-3,28.7388,-81.1402,Sem-Cochran,Seminole,Cochran,3,LW,Lake
Sem-Como-1,28.7804,-81.3271,Sem-Como,Seminole,Como,1,LW,Lake
Sem-Como-2,28.7805,-81.3279,Sem-Como,Seminole,Como,2,LW,Lake
Sem-Como-3,28.7799,-81.3282,Sem-Como,Seminole,Como,3,LW,Lake
Sem-Concord-1,28.6742,-81.3344,Sem-Concord,Seminole,Concord,1,LW,Lake
Sem-Concord-2,28.6755,-81.3358,Sem-Concord,Seminole,Concord,2,LW,Lake
Sem-Concord-3,28.6733,-81.3359,Sem-Concord,Seminole,Concord,3,LW,Lake
Sem-CranesRo-1,28.6662,-81.3866,Sem-CranesRo,Seminole,Cranes Roost,1,LW,Lake
Sem-CranesRo-2,28.667,-81.3842,Sem-CranesRo,Seminole,Cranes Roost,2,LW,Lake
Sem-CranesRo-3,28.6682,-81.3822,Sem-CranesRo,Seminole,Cranes Roost,3,LW,Lake
Sem-Crescent-1,28.6507,-81.1296,Sem-Crescent,Seminole,Crescent,1,LW,Lake
Sem-Crescent-2,28.6513,-81.1297,Sem-Crescent,Seminole,Crescent,2,LW,Lake
Sem-Crescent-3,28.6514,-81.1301,Sem-Crescent,Seminole,Crescent,3,LW,Lake
Sem-CrystalB-1,28.6641,-81.3149,Sem-CrystalB,Seminole,Crystal Bowl,1,LW,Lake
Sem-CrystalB-2,28.6642,-81.3161,Sem-CrystalB,Seminole,Crystal Bowl,2,LW,Lake
Sem-Cub-1,28.6473,-81.4397,Sem-Cub,Seminole,Cub,1,LW,Lake
Sem-Cub-2,28.6467,-81.4398,Sem-Cub,Seminole,Cub,2,LW,Lake
Sem-Cub-3,28.6463,-81.4398,Sem-Cub,Seminole,Cub,3,LW,Lake
Sem-Deep-1,28.6117,-81.2546,Sem-Deep,Seminole,Deep,1,LW,Lake
Sem-Deep-2,28.6131,-81.2532,Sem-Deep,Seminole,Deep,2,LW,Lake
Sem-Deep-3,28.6145,-81.2515,Sem-Deep,Seminole,Deep,3,LW,Lake
Sem-DeForest-1,28.7826,-81.3111,Sem-DeForest,Seminole,DeForest,1,LW,Lake
Sem-DeForest-2,28.782,-81.3107,Sem-DeForest,Seminole,DeForest,2,LW,Lake
Sem-DeForest-3,28.7815,-81.3097,Sem-DeForest,Seminole,DeForest,3,LW,Lake
Sem-Dot-1,28.7511,-81.2857,Sem-Dot,Seminole,Dot,1,LW,Lake
Sem-Dot-2,28.7506,-81.2858,Sem-Dot,Seminole,Dot,2,LW,Lake
Sem-Dot-3,28.7501,-81.2861,Sem-Dot,Seminole,Dot,3,LW,Lake
Sem-East-1,28.7056,-81.3458,Sem-East,Seminole,East,1,LW,Lake
Sem-East-2,28.7061,-81.3455,Sem-East,Seminole,East,2,LW,Lake
Sem-East-3,28.7066,-81.3454,Sem-East,Seminole,East,3,LW,Lake
Sem-EastCrys-1,28.7666,-81.3107,Sem-EastCrys,Seminole,East Crystal,1,LW,Lake
Sem-EastCrys-2,28.768,-81.3144,Sem-EastCrys,Seminole,East Crystal,2,LW,Lake
Sem-EastCrys-3,28.7706,-81.3144,Sem-EastCrys,Seminole,East Crystal,3,LW,Lake
Sem-Emily-1,28.6728,-81.3133,Sem-Emily,Seminole,Emily,1,LW,Lake
Sem-Emily-2,28.6729,-81.3135,Sem-Emily,Seminole,Emily,2,LW,Lake
Sem-Emily-3,28.6733,-81.3139,Sem-Emily,Seminole,Emily,3,LW,Lake
Sem-Emma-1,28.7624,-81.3492,Sem-Emma,Seminole,Emma,1,LW,Lake
Sem-Emma-2,28.7611,-81.3509,Sem-Emma,Seminole,Emma,2,LW,Lake
Sem-Emma-3,28.7606,-81.3525,Sem-Emma,Seminole,Emma,3,LW,Lake
Sem-Fairy-1,28.689,-81.3353,Sem-Fairy,Seminole,Fairy,1,LW,Lake
Sem-Fairy-2,28.6893,-81.3335,Sem-Fairy,Seminole,Fairy,2,LW,Lake
Sem-Fairy-3,28.69,-81.3317,Sem-Fairy,Seminole,Fairy,3,LW,Lake
Sem-Florence-1,28.6302,-81.2903,Sem-Florence,Seminole,Florence,1,LW,Lake
Sem-Florence-2,28.6289,-81.2917,Sem-Florence,Seminole,Florence,2,LW,Lake
Sem-Florence-3,28.6273,-81.2911,Sem-Florence,Seminole,Florence,3,LW,Lake
Sem-Florida-1,28.6755,-81.363,Sem-Florida,Seminole,Florida,1,LW,Lake
Sem-Florida-2,28.6741,-81.3641,Sem-Florida,Seminole,Florida,2,LW,Lake
Sem-Florida-3,28.6728,-81.3636,Sem-Florida,Seminole,Florida,3,LW,Lake
Sem-Forest-1,28.818,-81.3465,Sem-Forest,Seminole,Forest,1,LW,Lake
Sem-Forest-2,28.8201,-81.3492,Sem-Forest,Seminole,Forest,2,LW,Lake
Sem-Forest-3,28.8209,-81.3451,Sem-Forest,Seminole,Forest,3,LW,Lake
Sem-Fruitwood-1,28.6818,-81.3077,Sem-Fruitwood,Seminole,Fruitwood,1,LW,Lake
Sem-Fruitwood-2,28.6815,-81.3077,Sem-Fruitwood,Seminole,Fruitwood,2,LW,Lake
Sem-Fruitwood-3,28.6812,-81.3076,Sem-Fruitwood,Seminole,Fruitwood,3,LW,Lake
Sem-Gem-1,28.6466,-81.206,Sem-Gem,Seminole,Gem,1,LW,Lake
Sem-Gem-2,28.6459,-81.2063,Sem-Gem,Seminole,Gem,2,LW,Lake
Sem-Gem-3,28.6452,-81.2067,Sem-Gem,Seminole,Gem,3,LW,Lake
Sem-Golden-1,28.7671,-81.2432,Sem-Golden,Seminole,Golden,1,LW,Lake
Sem-Golden-2,28.7688,-81.2427,Sem-Golden,Seminole,Golden,2,LW,Lake
Sem-Golden-3,28.77,-81.2411,Sem-Golden,Seminole,Golden,3,LW,Lake
Sem-Gore-1,28.6488,-81.1037,Sem-Gore,Seminole,Gore,1,LW,Lake
Sem-Gore-2,28.65,-81.1043,Sem-Gore,Seminole,Gore,2,LW,Lake
Sem-Gore-3,28.6521,-81.1052,Sem-Gore,Seminole,Gore,3,LW,Lake
Sem-Grace-1,28.725,-81.3745,Sem-Grace,Seminole,Grace,1,LW,Lake
Sem-Grace-2,28.7174,-81.3735,Sem-Grace,Seminole,Grace,2,LW,Lake
Sem-Grace-3,28.7182,-81.3729,Sem-Grace,Seminole,Grace,3,LW,Lake
Sem-Green-1,28.7001,-81.426,Sem-Green,Seminole,Green,1,LW,Lake
Sem-Green-2,28.6998,-81.4258,Sem-Green,Seminole,Green,2,LW,Lake
Sem-Griffin-1,28.6799,-81.3419,Sem-Griffin,Seminole,Griffin,1,LW,Lake
Sem-Griffin-2,28.6805,-81.3406,Sem-Griffin,Seminole,Griffin,2,LW,Lake
Sem-Griffin-3,28.6797,-81.3404,Sem-Griffin,Seminole,Griffin,3,LW,Lake
Sem-Hayes-1,28.6333,-81.2086,Sem-Hayes,Seminole,Hayes,1,LW,Lake
Sem-Hayes-2,28.6326,-81.2091,Sem-Hayes,Seminole,Hayes,2,LW,Lake
Sem-Hayes-3,28.6323,-81.2103,Sem-Hayes,Seminole,Hayes,3,LW,Lake
Sem-Hodge-1,28.6903,-81.321,Sem-Hodge,Seminole,Hodge,1,LW,Lake
Sem-Hodge-2,28.6912,-81.3219,Sem-Hodge,Seminole,Hodge,2,LW,Lake
Sem-Hodge-3,28.6922,-81.3217,Sem-Hodge,Seminole,Hodge,3,LW,Lake
Sem-Horseshoe-1,28.6296,-81.1322,Sem-Horseshoe,Seminole,Horseshoe,1,LW,Lake
Sem-Horseshoe-2,28.631,-81.1343,Sem-Horseshoe,Seminole,Horseshoe,2,LW,Lake
Sem-Horseshoe-3,28.6334,-81.1363,Sem-Horseshoe,Seminole,Horseshoe,3,LW,Lake
Sem-HorseshoN-1,28.6401,-81.1351,Sem-HorseshoN,Seminole,Horseshoe North,1,LW,Lake
Sem-HorseshoN-2,28.6382,-81.1369,Sem-HorseshoN,Seminole,Horseshoe North,2,LW,Lake
Sem-HorseshoN-3,28.6369,-81.1389,Sem-HorseshoN,Seminole,Horseshoe North,3,LW,Lake
Sem-Howard-1,28.8009,-81.4027,Sem-Howard,Seminole,Howard,1,LW,Lake
Sem-Howard-2,28.8013,-81.4025,Sem-Howard,Seminole,Howard,2,LW,Lake
Sem-Howard-3,28.8016,-81.4023,Sem-Howard,Seminole,Howard,3,LW,Lake
Sem-Howell-1,28.6378,-81.3153,Sem-Howell,Seminole,Howell,1,LW,Lake
Sem-Howell-2,28.6398,-81.3098,Sem-Howell,Seminole,Howell,2,LW,Lake
Sem-Howell-3,28.6408,-81.3035,Sem-Howell,Seminole,Howell,3,LW,Lake
Sem-Howell-4,28.6374,-81.318,Sem-Howell,Seminole,Howell,4,LW,Lake
Sem-Howell-5,28.6396,-81.2986,Sem-Howell,Seminole,Howell,5,LW,Lake
Sem-Howell-6,28.6417,-81.3205,Sem-Howell,Seminole,Howell,6,LW,Lake
Sem-IslandN-1,28.7039,-81.3635,Sem-IslandN,Seminole,Island North,1,LW,Lake
Sem-IslandN-2,28.7038,-81.3637,Sem-IslandN,Seminole,Island North,2,LW,Lake
Sem-IslandN-3,28.7036,-81.3636,Sem-IslandN,Seminole,Island North,3,LW,Lake
Sem-IslandPo-1,28.7216,-81.1359,Sem-IslandPo,Seminole,Island Pond,1,LW,Lake
Sem-IslandPo-2,28.7243,-81.1346,Sem-IslandPo,Seminole,Island Pond,2,LW,Lake
Sem-IslandPo-3,28.7241,-81.1321,Sem-IslandPo,Seminole,Island Pond,3,LW,Lake
Sem-Jane-1,28.6893,-81.3392,Sem-Jane,Seminole,Jane,1,LW,Lake
Sem-Jane-2,28.6949,-81.3395,Sem-Jane,Seminole,Jane,2,LW,Lake
Sem-Jennie-1,28.7768,-81.2821,Sem-Jennie,Seminole,Jennie,1,LW,Lake
Sem-Jennie-2,28.7775,-81.2811,Sem-Jennie,Seminole,Jennie,2,LW,Lake
Sem-Jennie-3,28.7775,-81.2798,Sem-Jennie,Seminole,Jennie,3,LW,Lake
Sem-Jesup-1,28.7102,-81.2525,Sem-Jesup,Seminole,Jesup,1,LW,Lake
Sem-Jesup-2,28.7179,-81.2191,Sem-Jesup,Seminole,Jesup,2,LW,Lake
Sem-Jesup-3,28.7341,-81.207,Sem-Jesup,Seminole,Jesup,3,LW,Lake
Sem-Jesup-4,28.7156,-81.2739,Sem-Jesup,Seminole,Jesup,4,LW,Lake
Sem-JesupNor-1,28.7789,-81.1798,Sem-JesupNor,Seminole,Jesup North,1,LW,Lake
Sem-JesupNor-2,28.7635,-81.1789,Sem-JesupNor,Seminole,Jesup North,2,LW,Lake
Sem-JesupNor-3,28.7503,-81.1846,Sem-JesupNor,Seminole,Jesup North,3,LW,Lake
Sem-Kathryn-1,28.6798,-81.3286,Sem-Kathryn,Seminole,Kathryn,1,LW,Lake
Sem-Kathryn-2,28.6829,-81.33,Sem-Kathryn,Seminole,Kathryn,2,LW,Lake
Sem-Kathryn-3,28.6842,-81.3284,Sem-Kathryn,Seminole,Kathryn,3,LW,Lake
Sem-LESAP-1,28.6674,-81.2122,Sem-LESAP,Seminole,LESA Pond,1,LW,Lake
Sem-LESAP-2,28.6674,-81.2121,Sem-LESAP,Seminole,LESA Pond,2,LW,Lake
Sem-LittleBe-1,28.6457,-81.4461,Sem-LittleBe,Seminole,Little Bear,1,LW,Lake
Sem-LittleBe-2,28.6443,-81.4444,Sem-LittleBe,Seminole,Little Bear,2,LW,Lake
Sem-LittleBe-3,28.6459,-81.4442,Sem-LittleBe,Seminole,Little Bear,3,LW,Lake
Sem-LittleHo-1,28.6701,-81.2788,Sem-LittleHo,Seminole,Little Howell,1,LW,Lake
Sem-LittleHo-2,28.6688,-81.2834,Sem-LittleHo,Seminole,Little Howell,2,LW,Lake
Sem-LittleHo-3,28.6659,-81.2809,Sem-LittleHo,Seminole,Little Howell,3,LW,Lake
Sem-LittleMa-1,28.748,-81.3169,Sem-LittleMa,Seminole,Little Mary,1,LW,Lake
Sem-LittleMa-2,28.7476,-81.3152,Sem-LittleMa,Seminole,Little Mary,2,LW,Lake
Sem-LittleMa-3,28.7474,-81.3135,Sem-LittleMa,Seminole,Little Mary,3,LW,Lake
Sem-LtPearl-1,28.6658,-81.4289,Sem-LtPearl,Seminole,Little Pearl,1,LW,Lake
Sem-LtPearl-2,28.666,-81.4296,Sem-LtPearl,Seminole,Little Pearl,2,LW,Lake
Sem-LtPearl-3,28.6661,-81.4305,Sem-LtPearl,Seminole,Little Pearl,3,LW,Lake
Sem-Long-1,28.668,-81.1898,Sem-Long,Seminole,Long,1,LW,Lake
Sem-Long-2,28.664,-81.1903,Sem-Long,Seminole,Long,2,LW,Lake
Sem-Long-3,28.66,-81.1894,Sem-Long,Seminole,Long,3,LW,Lake
Sem-Lost-1,28.6699,-81.3219,Sem-Lost,Seminole,Lost,1,LW,Lake
Sem-Lost-2,28.6704,-81.3225,Sem-Lost,Seminole,Lost,2,LW,Lake
Sem-Lost-3,28.6709,-81.3232,Sem-Lost,Seminole,Lost,3,LW,Lake
Sem-Lotus-1,28.6517,-81.421,Sem-Lotus,Seminole,Lotus,1,LW,Lake
Sem-Lotus-2,28.6485,-81.4209,Sem-Lotus,Seminole,Lotus,2,LW,Lake
Sem-Lotus-3,28.6455,-81.4225,Sem-Lotus,Seminole,Lotus,3,LW,Lake
Sem-Lotus2-1,28.6757,-81.3441,Sem-Lotus2,Seminole,Lotus 2,1,LW,Lake
Sem-Lotus2-2,28.6756,-81.3445,Sem-Lotus2,Seminole,Lotus 2,2,LW,Lake
Sem-Marion-1,28.6798,-81.3666,Sem-Marion,Seminole,Marion,1,LW,Lake
Sem-Marion-2,28.6808,-81.3663,Sem-Marion,Seminole,Marion,2,LW,Lake
Sem-Marion-3,28.6786,-81.3652,Sem-Marion,Seminole,Marion,3,LW,Lake
Sem-Marioncov-1,28.6815,-81.3695,Sem-Marioncov,Seminole,Marion North,1,LW,Lake
Sem-Mary-1,28.754,-81.3196,Sem-Mary,Seminole,Mary,1,LW,Lake
Sem-Mary-2,28.7538,-81.311,Sem-Mary,Seminole,Mary,2,LW,Lake
Sem-Mary-3,28.7545,-81.311,Sem-Mary,Seminole,Mary,3,LW,Lake
Sem-MiamiSp-1-1,28.7102,-81.443,Sem-MiamiSp-1,Seminole,Miami Springs-1,1,LW,Spring Boil
Sem-MiamiSp-2-1,28.7103,-81.4427,Sem-MiamiSp-2,Seminole,Miami Springs-2,1,LW,Spring Boil
Sem-MiamiSp-3-1,28.7119,-81.4433,Sem-MiamiSp-3,Seminole,Miami Springs-3,1,LW,Spring Boil
Sem-Mills-1,28.6325,-81.1195,Sem-Mills,Seminole,Mills,1,LW,Lake
Sem-Mills-2,28.6346,-81.1144,Sem-Mills,Seminole,Mills,2,LW,Lake
Sem-Mills-3,28.6342,-81.1098,Sem-Mills,Seminole,Mills,3,LW,Lake
Sem-Minnie-1,28.7535,-81.2936,Sem-Minnie,Seminole,Minnie,1,LW,Lake
Sem-Minnie-2,28.7539,-81.2923,Sem-Minnie,Seminole,Minnie,2,LW,Lake
Sem-Minnie-3,28.7557,-81.2919,Sem-Minnie,Seminole,Minnie,3,LW,Lake
Sem-Mirror-1,28.6682,-81.4395,Sem-Mirror,Seminole,Mirror,1,LW,Lake
Sem-Mirror-2,28.6654,-81.4396,Sem-Mirror,Seminole,Mirror,2,LW,Lake
Sem-Mirror-3,28.6633,-81.4404,Sem-Mirror,Seminole,Mirror,3,LW,Lake
Sem-MonroeEa-1,28.817,-81.2487,Sem-MonroeEa,Seminole,Monroe East,1,LW,Lake
Sem-MonroeEa-2,28.8322,-81.2367,Sem-MonroeEa,Seminole,Monroe East,2,LW,Lake
Sem-MonroeEa-3,28.851,-81.2518,Sem-MonroeEa,Seminole,Monroe East,3,LW,Lake
Sem-MonroeEa-4,28.8353,-81.2616,Sem-MonroeEa,Seminole,Monroe East,4,LW,Lake
Sem-MonroeWe-1,28.8339,-81.3114,Sem-MonroeWe,Seminole,Monroe West,1,LW,Lake
Sem-MonroeWe-2,28.8422,-81.2963,Sem-MonroeWe,Seminole,Monroe West,2,LW,Lake
Sem-MonroeWe-3,28.8488,-81.2896,Sem-MonroeWe,Seminole,Monroe West,3,LW,Lake
Sem-Mullet-1,28.7908,-81.132,Sem-Mullet,Seminole,Mullet,1,LW,Lake
Sem-Mullet-2,28.7929,-81.128,Sem-Mullet,Seminole,Mullet,2,LW,Lake
Sem-Mullet-3,28.7886,-81.1301,Sem-Mullet,Seminole,Mullet,3,LW,Lake
Sem-Myrtle-1,28.7269,-81.3632,Sem-Myrtle,Seminole,Myrtle,1,LW,Lake
Sem-Myrtle-2,28.7257,-81.3632,Sem-Myrtle,Seminole,Myrtle,2,LW,Lake
Sem-Myrtle-3,28.7255,-81.3653,Sem-Myrtle,Seminole,Myrtle,3,LW,Lake
Sem-Noname-1,28.628,-81.2643,Sem-Noname,Seminole,Noname,1,LW,Lake
Sem-Noname-2,28.6278,-81.264,Sem-Noname,Seminole,Noname,2,LW,Lake
Sem-Noname-3,28.6276,-81.2638,Sem-Noname,Seminole,Noname,3,LW,Lake
Sem-Onora-1,28.7675,-81.2486,Sem-Onora,Seminole,Onora,1,LW,Lake
Sem-Onora-2,28.7681,-81.248,Sem-Onora,Seminole,Onora,2,LW,Lake
Sem-Orienta1-1,28.6518,-81.3776,Sem-Orienta1,Seminole,Orienta 1,1,LW,Lake
Sem-Orienta1-2,28.6571,-81.3773,Sem-Orienta1,Seminole,Orienta 1,2,LW,Lake
Sem-Orienta1-3,28.6559,-81.3742,Sem-Orienta1,Seminole,Orienta 1,3,LW,Lake
Sem-Orienta2-1,28.6585,-81.3735,Sem-Orienta2,Seminole,Orienta 2,1,LW,Lake
Sem-Orienta2-2,28.6579,-81.373,Sem-Orienta2,Seminole,Orienta 2,2,LW,Lake
Sem-Orienta2-3,28.6575,-81.3722,Sem-Orienta2,Seminole,Orienta 2,3,LW,Lake
Sem-OrientaE-1,28.659,-81.3706,Sem-OrientaE,Seminole,Orienta East,1,LW,Lake
Sem-OrientaE-2,28.659,-81.37,Sem-OrientaE,Seminole,Orienta East,2,LW,Lake
Sem-OrientaE-3,28.659,-81.3688,Sem-OrientaE,Seminole,Orienta East,3,LW,Lake
Sem-OrientaN-1,28.6616,-81.3694,Sem-OrientaN,Seminole,Orienta North,1,LW,Lake
Sem-OrientaN-2,28.6616,-81.3686,Sem-OrientaN,Seminole,Orienta North,2,LW,Lake
Sem-OrientaN-3,28.6615,-81.3675,Sem-OrientaN,Seminole,Orienta North,3,LW,Lake
Sem-Palm-1,28.7074,-81.4254,Sem-Palm,Seminole,Palm,1,LW,Lake
Sem-Palm-2,28.707,-81.4258,Sem-Palm,Seminole,Palm,2,LW,Lake
Sem-Pearl-1,28.6607,-81.3452,Sem-Pearl,Seminole,Pearl,1,LW,Lake
Sem-Pearl-2,28.6605,-81.3462,Sem-Pearl,Seminole,Pearl,2,LW,Lake
Sem-Pearl-3,28.6606,-81.3471,Sem-Pearl,Seminole,Pearl,3,LW,Lake
Sem-Pearl2-1,28.6644,-81.4251,Sem-Pearl2,Seminole,Pearl 2,1,LW,Lake
Sem-Pearl2-2,28.6624,-81.4262,Sem-Pearl2,Seminole,Pearl 2,2,LW,Lake
Sem-Pearl2-3,28.6635,-81.4237,Sem-Pearl2,Seminole,Pearl 2,3,LW,Lake
Ora-Pickett-1,28.6122,-81.1211,Ora-Pickett,Seminole,Pickett,1,LW,Lake
Ora-Pickett-2,28.6072,-81.121,Ora-Pickett,Seminole,Pickett,2,LW,Lake
Ora-Pickett-3,28.6006,-81.1199,Ora-Pickett,Seminole,Pickett,3,LW,Lake
Ora-PickettE-1,28.6094,-81.1107,Ora-PickettE,Seminole,Pickett East,1,LW,Lake
Ora-PickettE-2,28.6044,-81.1085,Ora-PickettE,Seminole,Pickett East,2,LW,Lake
Ora-PickettE-3,28.5992,-81.1091,Ora-PickettE,Seminole,Pickett East,3,LW,Lake
Sem-Pine-1,28.7779,-81.3132,Sem-Pine,Seminole,Pine,1,LW,Lake
Sem-Pine-2,28.7773,-81.3138,Sem-Pine,Seminole,Pine,2,LW,Lake
Sem-Pine-3,28.7778,-81.3146,Sem-Pine,Seminole,Pine,3,LW,Lake
Sem-PlazaOva-1,28.6822,-81.3406,Sem-PlazaOva,Seminole,Plaza Oval,1,LW,Lake
Sem-PlazaOva-2,28.6823,-81.3401,Sem-PlazaOva,Seminole,Plaza Oval,2,LW,Lake
Sem-PlazaOva-3,28.6825,-81.3397,Sem-PlazaOva,Seminole,Plaza Oval,3,LW,Lake
Sem-Pot-1,28.6539,-81.3579,Sem-Pot,Seminole,Pot,1,LW,Lake
Sem-Pot-2,28.6543,-81.358,Sem-Pot,Seminole,Pot,2,LW,Lake
Sem-Pot-3,28.6542,-81.3574,Sem-Pot,Seminole,Pot,3,LW,Lake
Sem-Prairie-1,28.6586,-81.3543,Sem-Prairie,Seminole,Prairie,1,LW,Lake
Sem-Prairie-2,28.658,-81.355,Sem-Prairie,Seminole,Prairie,2,LW,Lake
Sem-Prairie-3,28.6572,-81.356,Sem-Prairie,Seminole,Prairie,3,LW,Lake
Sem-QuailP-1,28.6712,-81.3353,Sem-QuailP,Seminole,Quail Pond,1,LW,Lake
Sem-QuailP-2,28.6709,-81.3349,Sem-QuailP,Seminole,Quail Pond,2,LW,Lake
Sem-QuailP-3,28.6706,-81.3345,Sem-QuailP,Seminole,Quail Pond,3,LW,Lake
Sem-QueensMi-1,28.6631,-81.3242,Sem-QueensMi,Seminole,Queens Mirror,1,LW,Lake
Sem-QueensMi-2,28.6615,-81.323,Sem-QueensMi,Seminole,Queens Mirror,2,LW,Lake
Sem-QueensMi-3,28.662,-81.3222,Sem-QueensMi,Seminole,Queens Mirror,3,LW,Lake
Sem-RedBug-1,28.6516,-81.2923,Sem-RedBug,Seminole,Red Bug,1,LW,Lake
Sem-RedBug-2,28.6502,-81.2913,Sem-RedBug,Seminole,Red Bug,2,LW,Lake
Sem-RedBug-3,28.6509,-81.2898,Sem-RedBug,Seminole,Red Bug,3,LW,Lake
Sem-Rice-1,28.749,-81.3777,Sem-Rice,Seminole,Rice,1,LW,Lake
Sem-Rice-2,28.7508,-81.3769,Sem-Rice,Seminole,Rice,2,LW,Lake
Sem-Rice-3,28.7527,-81.3776,Sem-Rice,Seminole,Rice,3,LW,Lake
Sem-Rock-1,28.7031,-81.369,Sem-Rock,Seminole,Rock,1,LW,Lake
Sem-Rock-2,28.7038,-81.3679,Sem-Rock,Seminole,Rock,2,LW,Lake
Sem-Rock-3,28.7042,-81.3675,Sem-Rock,Seminole,Rock,3,LW,Lake
Sem-Rogers-1,28.655,-81.1958,Sem-Rogers,Seminole,Rogers,1,LW,Lake
Sem-Rogers-2,28.6547,-81.1958,Sem-Rogers,Seminole,Rogers,2,LW,Lake
Sem-Rogers-3,28.6542,-81.1956,Sem-Rogers,Seminole,Rogers,3,LW,Lake
Sem-Searcy-1,28.7054,-81.3559,Sem-Searcy,Seminole,Searcy,1,LW,Lake
Sem-Searcy-2,28.7059,-81.3559,Sem-Searcy,Seminole,Searcy,2,LW,Lake
Sem-Searcy-3,28.7062,-81.3548,Sem-Searcy,Seminole,Searcy,3,LW,Lake
Sem-Secret-1,28.6735,-81.3278,Sem-Secret,Seminole,Secret,1,LW,Lake
Sem-Secret-2,28.6743,-81.3281,Sem-Secret,Seminole,Secret,2,LW,Lake
Sem-Secret-3,28.6737,-81.3291,Sem-Secret,Seminole,Secret,3,LW,Lake
Sem-Seminary-1,28.6437,-81.3601,Sem-Seminary,Seminole,Seminary,1,LW,Lake
Sem-Seminary-2,28.642,-81.3603,Sem-Seminary,Seminole,Seminary,2,LW,Lake
Sem-Seminary-3,28.6406,-81.36,Sem-Seminary,Seminole,Seminary,3,LW,Lake
Sem-Shadow-1,28.7057,-81.4259,Sem-Shadow,Seminole,Shadow,1,LW,Lake
Sem-Shadow-2,28.7054,-81.4287,Sem-Shadow,Seminole,Shadow,2,LW,Lake
Sem-Silver-1,28.7635,-81.2524,Sem-Silver,Seminole,Silver,1,LW,Lake
Sem-Silver-2,28.7648,-81.2513,Sem-Silver,Seminole,Silver,2,LW,Lake
Sem-Silver-3,28.7655,-81.2502,Sem-Silver,Seminole,Silver,3,LW,Lake
Sem-Spring-1,28.6483,-81.3939,Sem-Spring,Seminole,Spring,1,LW,Lake
Sem-Spring-2,28.6503,-81.3959,Sem-Spring,Seminole,Spring,2,LW,Lake
Sem-Spring-3,28.6522,-81.3984,Sem-Spring,Seminole,Spring,3,LW,Lake
Sem-Springwood-1,28.6434,-81.3923,Sem-Springwood,Seminole,Springwood,1,LW,Lake
Sem-Springwood-2,28.6424,-81.3926,Sem-Springwood,Seminole,Springwood,2,LW,Lake
Sem-Springwood-3,28.6426,-81.3915,Sem-Springwood,Seminole,Springwood,3,LW,Lake
Sem-SprwodWy-1,28.6448,-81.3938,Sem-SprwodWy,Seminole,Springwood Waterway,1,LW,Lake
Sem-SprwodWy-2,28.6428,-81.3954,Sem-SprwodWy,Seminole,Springwood Waterway,2,LW,Lake
Sem-SprwodWy-3,28.641,-81.3929,Sem-SprwodWy,Seminole,Springwood Waterway,3,LW,Lake
Sem-St-River-1,28.7112,-81.0423,Sem-St-River,Seminole,St. John's River-1,1,LW,River/Stream
Sem-St-River-2,28.7126,-81.0344,Sem-St-River,Seminole,St. John's River-2,1,LW,River/Stream
Sem-St-River-3,28.714,-81.0341,Sem-St-River,Seminole,St. John's River-3,1,LW,River/Stream
Sem-SweetwaBay-1,28.71,-81.4364,Sem-SweetwaBay,Seminole,Sweetwater Bay,1,LW,Lake
Sem-SweetwaBay-2,28.7093,-81.4361,Sem-SweetwaBay,Seminole,Sweetwater Bay,2,LW,Lake
Sem-SweetwaCo-1,28.7075,-81.4374,Sem-SweetwaCo,Seminole,Sweetwater Cove,1,LW,Lake
Sem-SweetwaCo-2,28.7092,-81.4384,Sem-SweetwaCo,Seminole,Sweetwater Cove,2,LW,Lake
Sem-SweetwaCo-3,28.7109,-81.4395,Sem-SweetwaCo,Seminole,Sweetwater Cove,3,LW,Lake
Sem-Sylvan-1,28.8015,-81.3812,Sem-Sylvan,Seminole,Sylvan,1,LW,Lake
Sem-Sylvan-2,28.8084,-81.3809,Sem-Sylvan,Seminole,Sylvan,2,LW,Lake
Sem-Sylvan-3,28.8064,-81.385,Sem-Sylvan,Seminole,Sylvan,3,LW,Lake
Sem-ThistlewoodPd-1,28.7018,-81.4386,Sem-ThistlewoodPd,Seminole,Thistlewood Pond,1,LW,Lake
Sem-ThistlewoodPd-2,28.7016,-81.4385,Sem-ThistlewoodPd,Seminole,Thistlewood Pond,2,LW,Lake
Sem-Tony-1,28.6731,-81.2887,Sem-Tony,Seminole,Tony,1,LW,Lake
Sem-Tony-2,28.6723,-81.2897,Sem-Tony,Seminole,Tony,2,LW,Lake
Sem-Tony-3,28.6716,-81.2905,Sem-Tony,Seminole,Tony,3,LW,Lake
Sem-TripletM-1,28.6715,-81.3272,Sem-TripletM,Seminole,Triplet Middle,1,LW,Lake
Sem-TripletM-2,28.6695,-81.3285,Sem-TripletM,Seminole,Triplet Middle,2,LW,Lake
Sem-TripletM-3,28.6681,-81.3259,Sem-TripletM,Seminole,Triplet Middle,3,LW,Lake
Sem-TripletN-1,28.6749,-81.3241,Sem-TripletN,Seminole,Triplet North,1,LW,Lake
Sem-TripletN-2,28.6735,-81.3238,Sem-TripletN,Seminole,Triplet North,2,LW,Lake
Sem-TripletN-3,28.6746,-81.3253,Sem-TripletN,Seminole,Triplet North,3,LW,Lake
Sem-TripletS-1,28.6663,-81.3249,Sem-TripletS,Seminole,Triplet South,1,LW,Lake
Sem-TripletS-2,28.6644,-81.3271,Sem-TripletS,Seminole,Triplet South,2,LW,Lake
Sem-TripletS-3,28.6652,-81.3281,Sem-TripletS,Seminole,Triplet South,3,LW,Lake
Sem-Twin-1,28.7079,-81.3702,Sem-Twin,Seminole,Twin,1,LW,Lake
Sem-Twin-2,28.7074,-81.3696,Sem-Twin,Seminole,Twin,2,LW,Lake
Sem-Twin-3,28.7071,-81.3686,Sem-Twin,Seminole,Twin,3,LW,Lake
Sem-TwinEast-1,28.7919,-81.3333,Sem-TwinEast,Seminole,Twin East,1,LW,Lake
Sem-TwinEast-2,28.7902,-81.3347,Sem-TwinEast,Seminole,Twin East,2,LW,Lake
Sem-TwinEast-3,28.7895,-81.3362,Sem-TwinEast,Seminole,Twin East,3,LW,Lake
Sem-Wekiva-1,28.6856,-81.4561,Sem-Wekiva,Seminole,Wekiva,1,LW,Lake
Sem-Wekiva-2,28.6835,-81.4558,Sem-Wekiva,Seminole,Wekiva,2,LW,Lake
Sem-Wekiva-3,28.683,-81.4568,Sem-Wekiva,Seminole,Wekiva,3,LW,Lake
Sem-We-Lower-1,28.8316,-81.4101,Sem-We-Lower,Seminole,Wekiva River Lower-1,1,LW,River/Stream
Sem-We-Lower-2,28.8316,-81.41,Sem-We-Lower,Seminole,Wekiva River Lower-2,1,LW,River/Stream
Sem-We-Lower-3,28.8319,-81.4097,Sem-We-Lower,Seminole,Wekiva River Lower-3,1,LW,River/Stream
Sem-We-River-1,28.7158,-81.4404,Sem-We-River,Seminole,Wekiva River-1,1,LW,River/Stream
Sem-We-River-2,28.7223,-81.4347,Sem-We-River,Seminole,Wekiva River-2,1,LW,River/Stream
Sem-We-River-3,28.7268,-81.4312,Sem-We-River,Seminole,Wekiva River-3,1,LW,River/Stream
Sem-West-1,28.7093,-81.353,Sem-West,Seminole,West,1,LW,Lake
Sem-West-2,28.7108,-81.353,Sem-West,Seminole,West,2,LW,Lake
Sem-West-3,28.7098,-81.3548,Sem-West,Seminole,West,3,LW,Lake
Sem-WestCrys-1,28.7616,-81.3272,Sem-WestCrys,Seminole,West Crystal,1,LW,Lake
Sem-WestCrys-2,28.7601,-81.3315,Sem-WestCrys,Seminole,West Crystal,2,LW,Lake
Sem-WestCrys-3,28.7632,-81.3317,Sem-WestCrys,Seminole,West Crystal,3,LW,Lake
Sem-WPearl-1,28.6631,-81.4297,Sem-WPearl,Seminole,West Pearl,1,LW,Lake
Sem-WPearl-2,28.6625,-81.4292,Sem-WPearl,Seminole,West Pearl,2,LW,Lake
Sem-WPearl-3,28.6619,-81.4286,Sem-WPearl,Seminole,West Pearl,3,LW,Lake
Sem-Wildmere-1,28.6963,-81.3363,Sem-Wildmere,Seminole,Wildmere,1,LW,Lake
Sem-Wildmere-2,28.6953,-81.3351,Sem-Wildmere,Seminole,Wildmere,2,LW,Lake
Sem-Wildmere-3,28.6938,-81.3335,Sem-Wildmere,Seminole,Wildmere,3,LW,Lake
Sem-Wildwood-1,28.7522,-81.2809,Sem-Wildwood,Seminole,Wildwood,1,LW,Lake
Sem-Wildwood-2,28.7519,-81.2812,Sem-Wildwood,Seminole,Wildwood,2,LW,Lake
Sem-Wildwood-3,28.7516,-81.2812,Sem-Wildwood,Seminole,Wildwood,3,LW,Lake
Sem-Willa-1,28.6786,-81.2239,Sem-Willa,Seminole,Willa,1,LW,Lake
Sem-Willa-2,28.6788,-81.2231,Sem-Willa,Seminole,Willa,2,LW,Lake
Sem-Willa-3,28.6786,-81.2239,Sem-Willa,Seminole,Willa,3,LW,Lake
Sem-Woodlake-1,28.6421,-81.3848,Sem-Woodlake,Seminole,Woodlake,1,LW,Lake
Sem-Woodlake-2,28.6415,-81.3849,Sem-Woodlake,Seminole,Woodlake,2,LW,Lake
Sem-Woods-1,28.6469,-81.3487,Sem-Woods,Seminole,Woods,1,LW,Lake
Sem-Woods-2,28.6437,-81.348,Sem-Woods,Seminole,Woods,2,LW,Lake
Sem-Woods-3,28.6418,-81.3484,Sem-Woods,Seminole,Woods,3,LW,Lake
Sem-Yvonne-1,28.6735,-81.4336,Sem-Yvonne,Seminole,Yvonne,1,LW,Lake
Sem-Yvonne-2,28.6732,-81.4338,Sem-Yvonne,Seminole,Yvonne,2,LW,Lake
Sem-Yvonne-3,28.673,-81.4339,Sem-Yvonne,Seminole,Yvonne,3,LW,Lake
Sem-Yvonne2-1,28.67,-81.3159,Sem-Yvonne2,Seminole,Yvonne-2,1,LW,Lake
Sem-Yvonne2-2,28.6707,-81.3154,Sem-Yvonne2,Seminole,Yvonne-2,2,LW,Lake
Sem-Yvonne2-3,28.6711,-81.3142,Sem-Yvonne2,Seminole,Yvonne-2,3,LW,Lake
St -Beluthaha-1,30.0844,-81.6275,St -Beluthaha,St John's,Beluthahatchee,1,LW,Lake
St -Beluthaha-2,30.0878,-81.6286,St -Beluthaha,St John's,Beluthahatchee,2,LW,Lake
St -Beluthaha-3,30.09,-81.6283,St -Beluthaha,St John's,Beluthahatchee,3,LW,Lake
St -MillCrk1-1,30.0923,-81.6317,St -MillCrk1,St John's,Mill Creek-1,1,LW,River/Stream
St -MillCrk2-1,30.0944,-81.6347,St -MillCrk2,St John's,Mill Creek-2,1,LW,River/Stream
St -MillCrk3-1,30.0957,-81.6357,St -MillCrk3,St John's,Mill Creek-3,1,LW,River/Stream
St-Ann-1,27.5348,-80.4035,St-Ann,St Lucie,Ann,1,LW,Lake
St-Ann-2,27.5348,-80.4046,St-Ann,St Lucie,Ann,2,LW,Lake
St-Ann-3,27.5332,-80.4035,St-Ann,St Lucie,Ann,3,LW,Lake
St-BelAir-1,27.5316,-80.3949,St-BelAir,St Lucie,Bel Air,1,LW,Lake
St-BelAir-2,27.5315,-80.3964,St-BelAir,St Lucie,Bel Air,2,LW,Lake
St-BelAir-3,27.5316,-80.3976,St-BelAir,St Lucie,Bel Air,3,LW,Lake
St-David-1,27.5559,-80.3966,St-David,St Lucie,David,1,LW,Lake
St-David-2,27.5559,-80.3969,St-David,St Lucie,David,2,LW,Lake
St-David-3,27.5559,-80.3974,St-David,St Lucie,David,3,LW,Lake
St-DeWitt-1,27.555,-80.4073,St-DeWitt,St Lucie,De Witt,1,LW,Lake
St-DeWitt-2,27.555,-80.4085,St-DeWitt,St Lucie,De Witt,2,LW,Lake
St-DeWitt-3,27.555,-80.4095,St-DeWitt,St Lucie,De Witt,3,LW,Lake
St-Deborah-1,27.5452,-80.4038,St-Deborah,St Lucie,Deborah,1,LW,Lake
St-Deborah-2,27.5456,-80.4038,St-Deborah,St Lucie,Deborah,2,LW,Lake
St-Deborah-3,27.546,-80.4038,St-Deborah,St Lucie,Deborah,3,LW,Lake
St-Dolores-1,27.5373,-80.4009,St-Dolores,St Lucie,Dolores,1,LW,Lake
St-Dolores-2,27.5363,-80.4013,St-Dolores,St Lucie,Dolores,2,LW,Lake
St-Dolores-3,27.5374,-80.4015,St-Dolores,St Lucie,Dolores,3,LW,Lake
St-Harriet-1,27.5439,-80.3935,St-Harriet,St Lucie,Harriet,1,LW,Lake
St-Harriet-2,27.5439,-80.3931,St-Harriet,St Lucie,Harriet,2,LW,Lake
St-Harriet-3,27.5439,-80.3928,St-Harriet,St Lucie,Harriet,3,LW,Lake
St-Jean-1,27.541,-80.391,St-Jean,St Lucie,Jean,1,LW,Lake
St-Jean-2,27.5422,-80.3923,St-Jean,St Lucie,Jean,2,LW,Lake
St-Jean-3,27.5422,-80.3909,St-Jean,St Lucie,Jean,3,LW,Lake
St-Jeffrey-1,27.5485,-80.3947,St-Jeffrey,St Lucie,Jeffrey,1,LW,Lake
St-Jeffrey-2,27.5485,-80.395,St-Jeffrey,St Lucie,Jeffrey,2,LW,Lake
St-Jeffrey-3,27.5485,-80.3954,St-Jeffrey,St Lucie,Jeffrey,3,LW,Lake
St-Karen-1,27.5547,-80.3909,St-Karen,St Lucie,Karen,1,LW,Lake
St-Karen-2,27.5552,-80.3909,St-Karen,St Lucie,Karen,2,LW,Lake
St-Karen-3,27.5557,-80.3907,St-Karen,St Lucie,Karen,3,LW,Lake
St-KarlsP-1,27.2622,-80.3654,St-KarlsP,St Lucie,Karl's Pond,1,LW,Lake
St-KarlsP-2,27.2622,-80.3654,St-KarlsP,St Lucie,Karl's Pond,2,LW,Lake
St-KarlsP-3,27.2622,-80.3655,St-KarlsP,St Lucie,Karl's Pond,3,LW,Lake
St-Laguna-1,27.5482,-80.4071,St-Laguna,St Lucie,Laguna,1,LW,Lake
St-Laguna-2,27.549,-80.4072,St-Laguna,St Lucie,Laguna,2,LW,Lake
St-Laguna-3,27.5497,-80.4074,St-Laguna,St Lucie,Laguna,3,LW,Lake
St-Margaret-1,27.5495,-80.4055,St-Margaret,St Lucie,Margaret,1,LW,Lake
St-Margaret-2,27.5494,-80.4051,St-Margaret,St Lucie,Margaret,2,LW,Lake
St-Margaret-3,27.5494,-80.4047,St-Margaret,St Lucie,Margaret,3,LW,Lake
St-Mile-1,27.217,-80.3015,St-Mile,St Lucie,Mile,1,LW,Lake
St-Mile-2,27.2202,-80.3032,St-Mile,St Lucie,Mile,2,LW,Lake
St-Mile-3,27.2226,-80.3065,St-Mile,St Lucie,Mile,3,LW,Lake
St-Patricia-1,27.539,-80.3936,St-Patricia,St Lucie,Patricia,1,LW,Lake
St-Phillip-1,27.5232,-80.4006,St-Phillip,St Lucie,Phillip,1,LW,Lake
St-Phillip-2,27.5228,-80.4008,St-Phillip,St Lucie,Phillip,2,LW,Lake
St-Phillip-3,27.5224,-80.4006,St-Phillip,St Lucie,Phillip,3,LW,Lake
St-Phyllis-1,27.5407,-80.3999,St-Phyllis,St Lucie,Phyllis,1,LW,Lake
St-Phyllis-2,27.5407,-80.4003,St-Phyllis,St Lucie,Phyllis,2,LW,Lake
St-Phyllis-3,27.5407,-80.4007,St-Phyllis,St Lucie,Phyllis,3,LW,Lake
St-PSLBG-1,27.2699,-80.3184,St-PSLBG,St Lucie,PSL Botanical Gardens,1,LW,Lake
St-PSLBG-2,27.2698,-80.3189,St-PSLBG,St Lucie,PSL Botanical Gardens,2,LW,Lake
St-PSLBG-3,27.2693,-80.3193,St-PSLBG,St Lucie,PSL Botanical Gardens,3,LW,Lake
St-Rose-1,27.5515,-80.407,St-Rose,St Lucie,Rose,1,LW,Lake
St-Rose-2,27.5513,-80.4073,St-Rose,St Lucie,Rose,2,LW,Lake
St-Rose-3,27.5511,-80.4077,St-Rose,St Lucie,Rose,3,LW,Lake
St-Ruce-1,27.5336,-80.395,St-Ruce,St Lucie,Ruce,1,LW,Lake
St-Ruce-2,27.5342,-80.3949,St-Ruce,St Lucie,Ruce,2,LW,Lake
St-Ruce-3,27.5349,-80.3949,St-Ruce,St Lucie,Ruce,3,LW,Lake
St-Sands-1,27.4924,-80.3023,St-Sands,St Lucie,Sands,1,LW,Lake
St-Sands-2,27.493,-80.3029,St-Sands,St Lucie,Sands,2,LW,Lake
St-Sands-3,27.4913,-80.3032,St-Sands,St Lucie,Sands,3,LW,Lake
St-Sands-4,27.4931,-80.302,St-Sands,St Lucie,Sands,4,LW,Lake
St-Savanna-1,27.3067,-80.2713,St-Savanna,St Lucie,Savanna,1,LW,Lake
St-Savanna-2,27.3052,-80.2673,St-Savanna,St Lucie,Savanna,2,LW,Lake
St-Savanna-3,27.3027,-80.2657,St-Savanna,St Lucie,Savanna,3,LW,Lake
St-SavannaI-1,27.5288,-80.3641,St-SavannaI,St Lucie,Savanna-Indrio,1,LW,Lake
St-SavannaI-2,27.5312,-80.3643,St-SavannaI,St Lucie,Savanna-Indrio,2,LW,Lake
St-SavannaI-3,27.5334,-80.3648,St-SavannaI,St Lucie,Savanna-Indrio,3,LW,Lake
St-SavannaM-1,27.3882,-80.3091,St-SavannaM,St Lucie,Savanna-Midway,1,LW,Lake
St-SavannaM-2,27.392,-80.31,St-SavannaM,St Lucie,Savanna-Midway,2,LW,Lake
St-SavannaM-3,27.389,-80.3088,St-SavannaM,St Lucie,Savanna-Midway,3,LW,Lake
St-Sharon-1,27.5462,-80.4051,St-Sharon,St Lucie,Sharon,1,LW,Lake
St-Sharon-2,27.5456,-80.4052,St-Sharon,St Lucie,Sharon,2,LW,Lake
St-Sharon-3,27.5456,-80.4057,St-Sharon,St Lucie,Sharon,3,LW,Lake
St-Tozour-1,27.5248,-80.3601,St-Tozour,St Lucie,Tozour,1,LW,Lake
St-Tozour-2,27.5254,-80.3613,St-Tozour,St Lucie,Tozour,2,LW,Lake
St-Tozour-3,27.5257,-80.3604,St-Tozour,St Lucie,Tozour,3,LW,Lake
Sum-BigGant-1,28.5782,-82.0852,Sum-BigGant,Sumter,Big Gant,1,LW,Lake
Sum-BigGant-2,28.576,-82.0843,Sum-BigGant,Sumter,Big Gant,2,LW,Lake
Sum-BigGant-3,28.5742,-82.0826,Sum-BigGant,Sumter,Big Gant,3,LW,Lake
Sum-Deaton-1,28.8331,-81.9883,Sum-Deaton,Sumter,Deaton,1,LW,Lake
Sum-Deaton-2,28.8332,-81.9829,Sum-Deaton,Sumter,Deaton,2,LW,Lake
Sum-Deaton-3,28.8354,-81.9793,Sum-Deaton,Sumter,Deaton,3,LW,Lake
Sum-Gum-Spr-1,28.9587,-82.2315,Sum-Gum-Spr,Sumter,Gum Springs,1,LW,Spring Run
Sum-Gum-Spr-2,28.9588,-82.2316,Sum-Gum-Spr,Sumter,Gum Springs,2,LW,Spring Run
Sum-Gum-Spr-3,28.9588,-82.2315,Sum-Gum-Spr,Sumter,Gum Springs,3,LW,Spring Run
Sumter-Miona-1,28.9044,-81.9961,Sumter-Miona,Sumter,Miona,1,LW,Lake
Sumter-Miona-2,28.903,-82.0041,Sumter-Miona,Sumter,Miona,2,LW,Lake
Sumter-Miona-3,28.9044,-81.9961,Sumter-Miona,Sumter,Miona,3,LW,Lake
Sum-Okahumpka-1,28.8292,-82.0076,Sum-Okahumpka,Sumter,Okahumpka,1,LW,Lake
Sum-Okahumpka-2,28.8253,-82.0014,Sum-Okahumpka,Sumter,Okahumpka,2,LW,Lake
Sum-Okahumpka-3,28.8218,-82.0043,Sum-Okahumpka,Sumter,Okahumpka,3,LW,Lake
Sum-Panasoffk-1,28.7786,-82.1113,Sum-Panasoffk,Sumter,Panasoffkee,1,LW,Lake
Sum-Panasoffk-2,28.7991,-82.1185,Sum-Panasoffk,Sumter,Panasoffkee,2,LW,Lake
Sum-Panasoffk-3,28.8205,-82.1371,Sum-Panasoffk,Sumter,Panasoffkee,3,LW,Lake
Sum-PanasoffkR-1-1,28.7998,-82.1533,Sum-PanasoffkR-1,Sumter,Panasoffkee River-1,1,LW,River/Stream
Sum-PanasoffkR-2-1,28.7984,-82.1609,Sum-PanasoffkR-2,Sumter,Panasoffkee River-2,1,LW,River/Stream
Sum-PanasoffkR-3-1,28.7983,-82.1686,Sum-PanasoffkR-3,Sumter,Panasoffkee River-3,1,LW,River/Stream
Sum-Silver-1,28.5726,-82.2101,Sum-Silver,Sumter,Silver,1,LW,Lake
Sum-Silver-2,28.5752,-82.2134,Sum-Silver,Sumter,Silver,2,LW,Lake
Sum-Silver-3,28.5778,-82.2157,Sum-Silver,Sumter,Silver,3,LW,Lake
Sum-Townsen-1,28.6495,-82.2694,Sum-Townsen,Sumter,Townsen,1,LW,Lake
Sum-Townsen-2,28.6519,-82.272,Sum-Townsen,Sumter,Townsen,2,LW,Lake
Sum-Townsen-3,28.6555,-82.2745,Sum-Townsen,Sumter,Townsen,3,LW,Lake
Suw-Lowe-1,30.2234,-82.8356,Suw-Lowe,Suwannee,Lowe,1,LW,Lake
Suw-Lowe-2,30.2211,-82.8356,Suw-Lowe,Suwannee,Lowe,2,LW,Lake
Suw-Lowe-3,30.2191,-82.8356,Suw-Lowe,Suwannee,Lowe,3,LW,Lake
Suw-Peacock-1,30.2424,-82.897,Suw-Peacock,Suwannee,Peacock,1,LW,Lake
Suw-Peacock-2,30.2385,-82.8993,Suw-Peacock,Suwannee,Peacock,2,LW,Lake
Suw-Peacock-3,30.2357,-82.8977,Suw-Peacock,Suwannee,Peacock,3,LW,Lake
Suw-White-1,30.2487,-82.9148,Suw-White,Suwannee,White,1,LW,Lake
Suw-White-2,30.2478,-82.9142,Suw-White,Suwannee,White,2,LW,Lake
Suw-White-3,30.2476,-82.9124,Suw-White,Suwannee,White,3,LW,Lake
Tay-Andrews-2,30.2733,-83.6484,Tay-Andrews,Taylor,Andrews,2,LW,Lake
Tay-JayceePo-1,30.1231,-83.5756,Tay-JayceePo,Taylor,Jaycee Pond,1,LW,Lake
Tay-JayceePo-2,30.123,-83.5754,Tay-JayceePo,Taylor,Jaycee Pond,2,LW,Lake
Tay-JayceePo-3,30.1229,-83.5752,Tay-JayceePo,Taylor,Jaycee Pond,3,LW,Lake
Uni-Butler-1,30.0374,-82.3369,Uni-Butler,Union,Butler,1,LW,Lake
Uni-Butler-2,30.0341,-82.3368,Uni-Butler,Union,Butler,2,LW,Lake
Uni-Butler-3,30.0311,-82.3367,Uni-Butler,Union,Butler,3,LW,Lake
Uni-Palestine-1,30.1249,-82.4122,Uni-Palestine,Union,Palestine,1,LW,Lake
Uni-Palestine-2,30.1182,-82.4082,Uni-Palestine,Union,Palestine,2,LW,Lake
Uni-Palestine-3,30.1118,-82.4047,Uni-Palestine,Union,Palestine,3,LW,Lake
Vol-Ashby-1,28.9311,-81.1023,Vol-Ashby,Volusia,Ashby,1,LW,Lake
Vol-Ashby-2,28.927,-81.1052,Vol-Ashby,Volusia,Ashby,2,LW,Lake
Vol-Ashby-3,28.9241,-81.1011,Vol-Ashby,Volusia,Ashby,3,LW,Lake
Vol-Basswood-1,28.8772,-81.2638,Vol-Basswood,Volusia,Basswood,1,LW,Lake
Vol-Basswood-2,28.8772,-81.2629,Vol-Basswood,Volusia,Basswood,2,LW,Lake
Vol-Basswood-3,28.8779,-81.262,Vol-Basswood,Volusia,Basswood,3,LW,Lake
Vol-Beresford-1,29.0029,-81.3536,Vol-Beresford,Volusia,Beresford,1,LW,Lake
Vol-Beresford-2,28.9915,-81.3462,Vol-Beresford,Volusia,Beresford,2,LW,Lake
Vol-Beresford-3,28.9828,-81.3425,Vol-Beresford,Volusia,Beresford,3,LW,Lake
Vol-Bethel-1,28.8495,-81.2147,Vol-Bethel,Volusia,Bethel,1,LW,Lake
Vol-Bethel-2,28.8489,-81.2121,Vol-Bethel,Volusia,Bethel,2,LW,Lake
Vol-Bethel-3,28.8484,-81.2102,Vol-Bethel,Volusia,Bethel,3,LW,Lake
Vol-Big-1,28.8686,-81.2175,Vol-Big,Volusia,Big,1,LW,Lake
Vol-Big-2,28.8697,-81.215,Vol-Big,Volusia,Big,2,LW,Lake
Vol-Big-3,28.8708,-81.2123,Vol-Big,Volusia,Big,3,LW,Lake
Vol-Blue-1,29.0333,-81.271,Vol-Blue,Volusia,Blue,1,LW,Lake
Vol-Blue-2,29.0316,-81.2683,Vol-Blue,Volusia,Blue,2,LW,Lake
Vol-Blue-3,29.0346,-81.2678,Vol-Blue,Volusia,Blue,3,LW,Lake
Vol-BlueSprg1-1,28.9475,-81.3396,Vol-BlueSprg1,Volusia,Blue Spring-1,1,LW,Spring Run
Vol-BlueSprg2-1,28.9453,-81.3393,Vol-BlueSprg2,Volusia,Blue Spring-2,1,LW,Spring Run
Vol-BlueSprg3-1,28.9435,-81.3411,Vol-BlueSprg3,Volusia,Blue Spring-3,1,LW,Spring Run
Vol-BlueSpLg-1,28.9396,-81.3416,Vol-BlueSpLg,Volusia,Blue Springs Lagoon,1,LW,Lake
Vol-BlueSpLg-2,28.9384,-81.3408,Vol-BlueSpLg,Volusia,Blue Springs Lagoon,2,LW,Lake
Vol-BlueSpLg-3,28.9365,-81.341,Vol-BlueSpLg,Volusia,Blue Springs Lagoon,3,LW,Lake
Vol-BrokenAr-1,28.8688,-81.2315,Vol-BrokenAr,Volusia,Broken Arrow,1,LW,Lake
Vol-BrokenAr-2,28.8696,-81.2311,Vol-BrokenAr,Volusia,Broken Arrow,2,LW,Lake
Vol-BrokenAr-3,28.8699,-81.2307,Vol-BrokenAr,Volusia,Broken Arrow,3,LW,Lake
Vol-Cain-1,29.2168,-81.4396,Vol-Cain,Volusia,Cain,1,LW,Lake
Vol-Cain-2,29.2163,-81.4364,Vol-Cain,Volusia,Cain,2,LW,Lake
Vol-Cain-3,29.2158,-81.4332,Vol-Cain,Volusia,Cain,3,LW,Lake
Vol-Charles-1,29.0349,-81.2557,Vol-Charles,Volusia,Charles,1,LW,Lake
Vol-Charles-2,29.0339,-81.2549,Vol-Charles,Volusia,Charles,2,LW,Lake
Vol-Charles-3,29.0327,-81.2543,Vol-Charles,Volusia,Charles,3,LW,Lake
Vol-Clough-1,28.9941,-81.2334,Vol-Clough,Volusia,Clough,1,LW,Lake
Vol-Clough-2,28.9936,-81.2334,Vol-Clough,Volusia,Clough,2,LW,Lake
Vol-Clough-3,28.993,-81.2333,Vol-Clough,Volusia,Clough,3,LW,Lake
Vol-Colby-1,28.9658,-81.2324,Vol-Colby,Volusia,Colby,1,LW,Lake
Vol-Colby-2,28.9644,-81.232,Vol-Colby,Volusia,Colby,2,LW,Lake
Vol-Colby-3,28.9633,-81.2314,Vol-Colby,Volusia,Colby,3,LW,Lake
Vol-Daytona-1,29.0496,-81.2551,Vol-Daytona,Volusia,Daytona,1,LW,Lake
Vol-Daytona-2,29.0504,-81.2546,Vol-Daytona,Volusia,Daytona,2,LW,Lake
Vol-Daytona-3,29.0512,-81.2542,Vol-Daytona,Volusia,Daytona,3,LW,Lake
Vol-Dexter-1,29.105,-81.4884,Vol-Dexter,Volusia,Dexter,1,LW,Lake
Vol-Dexter-2,29.1072,-81.4789,Vol-Dexter,Volusia,Dexter,2,LW,Lake
Vol-Dexter-3,29.1086,-81.4661,Vol-Dexter,Volusia,Dexter,3,LW,Lake
Vol-DuPontSo-1,28.9298,-81.2071,Vol-DuPontSo,Volusia,DuPont South,1,LW,Lake
Vol-DuPontSo-2,28.9261,-81.2072,Vol-DuPontSo,Volusia,DuPont South,2,LW,Lake
Vol-DuPontSo-3,28.9224,-81.2076,Vol-DuPontSo,Volusia,DuPont South,3,LW,Lake
Vol-Emporia-1,29.1975,-81.4698,Vol-Emporia,Volusia,Emporia,1,LW,Lake
Vol-Emporia-2,29.196,-81.4711,Vol-Emporia,Volusia,Emporia,2,LW,Lake
Vol-Emporia-3,29.1944,-81.4717,Vol-Emporia,Volusia,Emporia,3,LW,Lake
Vol-GeSprings-1,28.8631,-81.3116,Vol-GeSprings,Volusia,Gemini Springs,1,LW,Spring Run
Vol-GeSprings-2,28.8629,-81.3111,Vol-GeSprings,Volusia,Gemini Springs,2,LW,Spring Run
Vol-GeSprings-3,28.8624,-81.3096,Vol-GeSprings,Volusia,Gemini Springs,3,LW,Spring Run
Vol-Gleason-1,28.8964,-81.266,Vol-Gleason,Volusia,Gleason,1,LW,Lake
Vol-Gleason-2,28.8924,-81.2653,Vol-Gleason,Volusia,Gleason,2,LW,Lake
Vol-Gleason-3,28.8888,-81.2641,Vol-Gleason,Volusia,Gleason,3,LW,Lake
Vol-GrSprings-1,28.8627,-81.2477,Vol-GrSprings,Volusia,Green Springs,1,LW,Spring Run
Vol-GrSprings-2,28.8629,-81.2474,Vol-GrSprings,Volusia,Green Springs,2,LW,Spring Run
Vol-GrSprings-3,28.8627,-81.2469,Vol-GrSprings,Volusia,Green Springs,3,LW,Spring Run
Vol-Ha-River-1,29.1604,-80.9885,Vol-Ha-River,Volusia,Halifax River-1,1,LW,River/Stream
Vol-Ha-River-2,29.171,-80.9939,Vol-Ha-River,Volusia,Halifax River-2,1,LW,River/Stream
Vol-Ha-River-3,29.1921,-81.0021,Vol-Ha-River,Volusia,Halifax River-3,1,LW,River/Stream
Vol-Harney-1,28.7846,-81.0551,Vol-Harney,Volusia,Harney,1,LW,Lake
Vol-Harney-2,28.7578,-81.0586,Vol-Harney,Volusia,Harney,2,LW,Lake
Vol-Harney-3,28.7444,-81.0654,Vol-Harney,Volusia,Harney,3,LW,Lake
Vol-Helen-1,28.988,-81.2304,Vol-Helen,Volusia,Helen,1,LW,Lake
Vol-Helen-2,28.9855,-81.2303,Vol-Helen,Volusia,Helen,2,LW,Lake
Vol-Helen-3,28.9847,-81.2282,Vol-Helen,Volusia,Helen,3,LW,Lake
Vol-r North-1-1,29.0196,-80.9164,Vol-r North-1,Volusia,Indian River North-1,1,LW,River/Stream
Vol-r North-2-1,29.0261,-80.9201,Vol-r North-2,Volusia,Indian River North-2,1,LW,River/Stream
Vol-r North-3-1,29.0268,-80.9163,Vol-r North-3,Volusia,Indian River North-3,1,LW,River/Stream
Vol-r North-4-1,29.0299,-80.9161,Vol-r North-4,Volusia,Indian River North-4,1,LW,River/Stream
Vol-Lapanocia-1,28.8989,-81.2595,Vol-Lapanocia,Volusia,Lapanocia,1,LW,Lake
Vol-Lapanocia-2,28.9,-81.2598,Vol-Lapanocia,Volusia,Lapanocia,2,LW,Lake
Vol-Lapanocia-3,28.9025,-81.26,Vol-Lapanocia,Volusia,Lapanocia,3,LW,Lake
Vol-Lindley-1,29.051,-81.2846,Vol-Lindley,Volusia,Lindley,1,LW,Lake
Vol-Lindley-2,29.0493,-81.2844,Vol-Lindley,Volusia,Lindley,2,LW,Lake
Vol-Lindley-3,29.0479,-81.2843,Vol-Lindley,Volusia,Lindley,3,LW,Lake
Vol-Lorraine-1,28.8824,-81.2242,Vol-Lorraine,Volusia,Lorraine,1,LW,Lake
Vol-Lorraine-2,28.8818,-81.2238,Vol-Lorraine,Volusia,Lorraine,2,LW,Lake
Vol-Lorraine-3,28.8811,-81.2233,Vol-Lorraine,Volusia,Lorraine,3,LW,Lake
Vol-Louise-1,28.8827,-81.1967,Vol-Louise,Volusia,Louise,1,LW,Lake
Vol-Louise-2,28.8813,-81.1934,Vol-Louise,Volusia,Louise,2,LW,Lake
Vol-Louise-3,28.881,-81.1897,Vol-Louise,Volusia,Louise,3,LW,Lake
Vol-LowerLou-1,29.3364,-81.5044,Vol-LowerLou,Volusia,Lower Louise,1,LW,Lake
Vol-LowerLou-2,29.3325,-81.5033,Vol-LowerLou,Volusia,Lower Louise,2,LW,Lake
Vol-LowerLou-3,29.3279,-81.5019,Vol-LowerLou,Volusia,Lower Louise,3,LW,Lake
Vol-Mamie-1,29.0943,-81.3071,Vol-Mamie,Volusia,Mamie,1,LW,Lake
Vol-Mamie-2,29.0959,-81.305,Vol-Mamie,Volusia,Mamie,2,LW,Lake
Vol-Mamie-3,29.0972,-81.303,Vol-Mamie,Volusia,Mamie,3,LW,Lake
Vol-Marie-1,28.8854,-81.3126,Vol-Marie,Volusia,Marie,1,LW,Lake
Vol-Marie-2,28.8853,-81.3114,Vol-Marie,Volusia,Marie,2,LW,Lake
Vol-Marie-3,28.885,-81.3102,Vol-Marie,Volusia,Marie,3,LW,Lake
Vol-McKenzie-1,29.0014,-81.2376,Vol-McKenzie,Volusia,Mc Kenzie,1,LW,Lake
Vol-McKenzie-2,29.0018,-81.2373,Vol-McKenzie,Volusia,Mc Kenzie,2,LW,Lake
Vol-McKenzie-3,29.0023,-81.237,Vol-McKenzie,Volusia,Mc Kenzie,3,LW,Lake
Vol-McGarity-1,28.8986,-81.2223,Vol-McGarity,Volusia,McGarity,1,LW,Lake
Vol-McGarity-2,28.8962,-81.2226,Vol-McGarity,Volusia,McGarity,2,LW,Lake
Vol-McGarity-3,28.8939,-81.2222,Vol-McGarity,Volusia,McGarity,3,LW,Lake
Vol-Molly-1,29.0688,-81.3014,Vol-Molly,Volusia,Molly,1,LW,Lake
Vol-Molly-2,29.0688,-81.3004,Vol-Molly,Volusia,Molly,2,LW,Lake
Vol-Molly-3,29.0688,-81.2993,Vol-Molly,Volusia,Molly,3,LW,Lake
Vol-Mud-1,28.8008,-81.1471,Vol-Mud,Volusia,Mud,1,LW,Lake
Vol-Mud-2,28.8047,-81.1432,Vol-Mud,Volusia,Mud,2,LW,Lake
Vol-Mud-3,28.8067,-81.1407,Vol-Mud,Volusia,Mud,3,LW,Lake
Vol-NorthTal-1,29.0489,-81.2663,Vol-NorthTal,Volusia,North Talmadge,1,LW,Lake
Vol-NorthTal-2,29.0456,-81.2656,Vol-NorthTal,Volusia,North Talmadge,2,LW,Lake
Vol-NorthTal-3,29.0428,-81.2649,Vol-NorthTal,Volusia,North Talmadge,3,LW,Lake
Vol-Odom-1,29.1575,-81.3547,Vol-Odom,Volusia,Odom,1,LW,Lake
Vol-Odom-2,29.1581,-81.3535,Vol-Odom,Volusia,Odom,2,LW,Lake
Vol-Odom-3,29.1576,-81.3521,Vol-Odom,Volusia,Odom,3,LW,Lake
Vol-Offspring-2,28.7947,-81.1445,Vol-Offspring,Volusia,Offspring,2,LW,Lake
Volusia-Pine-1,29.1157,-81.264,Volusia-Pine,Volusia,Pine,1,LW,Lake
Volusia-Pine-2,29.1138,-81.264,Volusia-Pine,Volusia,Pine,2,LW,Lake
Volusia-Pine-3,29.1118,-81.2639,Volusia-Pine,Volusia,Pine,3,LW,Lake
Vol-Po-Inlet-1,29.0953,-80.9464,Vol-Po-Inlet,Volusia,Ponce Inlet-1,1,LW,Estuary
Vol-Po-Inlet-2,29.0586,-80.9172,Vol-Po-Inlet,Volusia,Ponce Inlet-2,1,LW,Estuary
Vol-Po-Inlet-3,29.0442,-80.9103,Vol-Po-Inlet,Volusia,Ponce Inlet-3,1,LW,Estuary
Vol-ReedCan-1,29.1513,-81.0172,Vol-ReedCan,Volusia,Reed Canal,1,LW,Lake
Vol-ReedCan-2,29.1514,-81.0164,Vol-ReedCan,Volusia,Reed Canal,2,LW,Lake
Vol-ReedCan-3,29.1519,-81.0167,Vol-ReedCan,Volusia,Reed Canal,3,LW,Lake
Vol-Ro-seBay-1,29.1053,-80.9777,Vol-Ro-seBay,Volusia,Rose Bay-1,1,LW,Estuary
Vol-Ro-seBay-2,29.1021,-80.9644,Vol-Ro-seBay,Volusia,Rose Bay-2,1,LW,Estuary
Vol-Ro-seBay-3,29.0995,-80.9645,Vol-Ro-seBay,Volusia,Rose Bay-3,1,LW,Estuary
Vol-Sabal-Cr-1,29.0742,-81.0324,Vol-Sabal-Cr,Volusia,Sabal Creek-1,1,LW,Lake
Vol-Sabal-Cr-2,29.0731,-81.0319,Vol-Sabal-Cr,Volusia,Sabal Creek-2,1,LW,Lake
Vol-Sabal-Cr-3,29.0741,-81.0301,Vol-Sabal-Cr,Volusia,Sabal Creek-3,1,LW,Lake
Vol-Sawyer-1,28.8615,-81.1801,Vol-Sawyer,Volusia,Sawyer,1,LW,Lake
Vol-Sawyer-2,28.8621,-81.1801,Vol-Sawyer,Volusia,Sawyer,2,LW,Lake
Vol-Sawyer-3,28.8628,-81.1801,Vol-Sawyer,Volusia,Sawyer,3,LW,Lake
Vol-Shaw-1,29.2306,-81.4407,Vol-Shaw,Volusia,Shaw,1,LW,Lake
Vol-Shaw-2,29.2317,-81.4411,Vol-Shaw,Volusia,Shaw,2,LW,Lake
Vol-Shaw-3,29.2329,-81.4415,Vol-Shaw,Volusia,Shaw,3,LW,Lake
Vol-Shelby-1,28.9146,-81.2444,Vol-Shelby,Volusia,Shelby,1,LW,Lake
Vol-Shelby-2,28.9144,-81.2448,Vol-Shelby,Volusia,Shelby,2,LW,Lake
Vol-Shelby-3,28.9149,-81.2448,Vol-Shelby,Volusia,Shelby,3,LW,Lake
Vol-SouthTal-1,29.0388,-81.2635,Vol-SouthTal,Volusia,South Talmadge,1,LW,Lake
Vol-SouthTal-2,29.0391,-81.265,Vol-SouthTal,Volusia,South Talmadge,2,LW,Lake
Vol-SouthTal-3,29.0398,-81.2665,Vol-SouthTal,Volusia,South Talmadge,3,LW,Lake
Vol-SpringGa-1,29.1364,-81.3676,Vol-SpringGa,Volusia,Spring Garden,1,LW,Lake
Vol-SpringGa-2,29.1345,-81.3689,Vol-SpringGa,Volusia,Spring Garden,2,LW,Lake
Vol-SpringGa-3,29.134,-81.3692,Vol-SpringGa,Volusia,Spring Garden,3,LW,Lake
Vol-Sp-Creek-1,29.0725,-81.0683,Vol-Sp-Creek,Volusia,Spruce Creek-1,1,LW,River/Stream
Vol-Sp-Creek-2,29.0569,-81.0508,Vol-Sp-Creek,Volusia,Spruce Creek-2,1,LW,River/Stream
Vol-Sp-Creek-3,29.0692,-81.0267,Vol-Sp-Creek,Volusia,Spruce Creek-3,1,LW,River/Stream
Vol-StJohns-Harney-3-1,28.7954,-81.0594,Vol-StJohns-Harney-3,Volusia,St. John's Harney-3,1,LW,Lake
Vol-StJohns-Jesup-1-1,28.7873,-81.1797,Vol-StJohns-Jesup-1,Volusia,St. John's Jesup-1,1,LW,Lake
Vol-StJohns-LemB-2-1,28.8036,-81.1296,Vol-StJohns-LemB-2,Volusia,St. John's Lemon Bluff-2,1,LW,River/Stream
Vol-Sweetgum-1,28.8796,-81.2577,Vol-Sweetgum,Volusia,Sweetgum,1,LW,Lake
Vol-Sweetgum-2,28.8784,-81.2582,Vol-Sweetgum,Volusia,Sweetgum,2,LW,Lake
Vol-Sweetgum-3,28.8787,-81.2596,Vol-Sweetgum,Volusia,Sweetgum,3,LW,Lake
Vol-Tedder-1,29.1476,-81.3522,Vol-Tedder,Volusia,Tedder,1,LW,Lake
Vol-Tedder-2,29.1467,-81.3531,Vol-Tedder,Volusia,Tedder,2,LW,Lake
Vol-Tedder-3,29.1461,-81.3539,Vol-Tedder,Volusia,Tedder,3,LW,Lake
Vol-Theresa-1,28.8931,-81.1909,Vol-Theresa,Volusia,Theresa,1,LW,Lake
Vol-Theresa-2,28.8986,-81.1944,Vol-Theresa,Volusia,Theresa,2,LW,Lake
Vol-Theresa-3,28.9038,-81.1947,Vol-Theresa,Volusia,Theresa,3,LW,Lake
Vol-ThreeIsl-1,28.9372,-81.2086,Vol-ThreeIsl,Volusia,Three Island,1,LW,Lake
Vol-ThreeIsl-2,28.9388,-81.2103,Vol-ThreeIsl,Volusia,Three Island,2,LW,Lake
Vol-ThreeIsl-3,28.9406,-81.2106,Vol-ThreeIsl,Volusia,Three Island,3,LW,Lake
Vol-Tivoli-1,28.9024,-81.23,Vol-Tivoli,Volusia,Tivoli,1,LW,Lake
Vol-Tivoli-2,28.9025,-81.2306,Vol-Tivoli,Volusia,Tivoli,2,LW,Lake
Vol-Tivoli-3,28.9027,-81.2312,Vol-Tivoli,Volusia,Tivoli,3,LW,Lake
Vol-To-Tomoka-1,29.3514,-81.0919,Vol-To-Tomoka,Volusia,Tomoka-1,1,LW,Estuary
Vol-To-Tomoka-2,29.3639,-81.0931,Vol-To-Tomoka,Volusia,Tomoka-2,1,LW,Estuary
Vol-To-Tomoka-3,29.3739,-81.0906,Vol-To-Tomoka,Volusia,Tomoka-3,1,LW,Estuary
Vol-To-Tomoka-4,29.3742,-81.0869,Vol-To-Tomoka,Volusia,Tomoka-4,1,LW,Estuary
Vol-To-Tomoka-5,29.3672,-81.0825,Vol-To-Tomoka,Volusia,Tomoka-5,1,LW,Estuary
Vol-Trout-1,28.9076,-81.2691,Vol-Trout,Volusia,Trout,1,LW,Lake
Vol-Trout-2,28.9064,-81.2699,Vol-Trout,Volusia,Trout,2,LW,Lake
Vol-Trout-3,28.9052,-81.271,Vol-Trout,Volusia,Trout,3,LW,Lake
Vol-UpperLou-1,29.3497,-81.5094,Vol-UpperLou,Volusia,Upper Louise,1,LW,Lake
Vol-UpperLou-2,29.3477,-81.5094,Vol-UpperLou,Volusia,Upper Louise,2,LW,Lake
Vol-UpperLou-3,29.3478,-81.5091,Vol-UpperLou,Volusia,Upper Louise,3,LW,Lake
Vol-Waterford-1,28.991,-80.9546,Vol-Waterford,Volusia,Waterford,1,LW,Lake
Vol-Waterford-2,28.9964,-80.9547,Vol-Waterford,Volusia,Waterford,2,LW,Lake
Vol-Waterford-3,28.9927,-80.9513,Vol-Waterford,Volusia,Waterford,3,LW,Lake
Vol-Winnemiss-1,29.0196,-81.2494,Vol-Winnemiss,Volusia,Winnemissett,1,LW,Lake
Vol-Winnemiss-2,29.0239,-81.2497,Vol-Winnemiss,Volusia,Winnemissett,2,LW,Lake
Vol-Winnemiss-3,29.0271,-81.2537,Vol-Winnemiss,Volusia,Winnemissett,3,LW,Lake
Wak-Bu-Creek-1,30.0371,-84.4678,Wak-Bu-Creek,Wakulla,Buckhorn Creek-1,1,LW,River/Stream
Wak-Bu-Creek-2,30.0314,-84.4663,Wak-Bu-Creek,Wakulla,Buckhorn Creek-2,1,LW,River/Stream
Wak-Bu-Creek-3,30.0227,-84.4615,Wak-Bu-Creek,Wakulla,Buckhorn Creek-3,1,LW,River/Stream
Wak-Davis-2,30.1415,-84.3623,Wak-Davis,Wakulla,Davis,2,LW,Lake
Wak-Ellen-1,30.1121,-84.3988,Wak-Ellen,Wakulla,Ellen,1,LW,Lake
Wak-Ellen-2,30.116,-84.399,Wak-Ellen,Wakulla,Ellen,2,LW,Lake
Wak-Ellen-3,30.1191,-84.3986,Wak-Ellen,Wakulla,Ellen,3,LW,Lake
Wak-NamelessP-2,30.0981,-84.328,Wak-NamelessP,Wakulla,Nameless Pond,2,LW,Lake
Wak-Otter-1,30.023,-84.4241,Wak-Otter,Wakulla,Otter,1,LW,Lake
Wak-Otter-2,30.026,-84.422,Wak-Otter,Wakulla,Otter,2,LW,Lake
Wak-Otter-3,30.0284,-84.4198,Wak-Otter,Wakulla,Otter,3,LW,Lake
Wak-OysterBay-1,30.0732,-84.3187,Wak-OysterBay,Wakulla,Oyster Bay-1,1,LW,Estuary
Wak-Sp-Creek-1,30.076,-84.3297,Wak-Sp-Creek,Wakulla,Spring Creek-1,1,LW,River/Stream
Wak-Sp-Creek-2,30.0823,-84.3334,Wak-Sp-Creek,Wakulla,Spring Creek-2,1,LW,River/Stream
Wak-Sp-Creek-3,30.0772,-84.3291,Wak-Sp-Creek,Wakulla,Spring Creek-3,1,LW,River/Stream
Wak-St-Lower-1,30.1631,-84.2242,Wak-St-Lower,Wakulla,St. Mark's River Lower-1,1,LW,River/Stream
Wak-St-Lower-2,30.1514,-84.2081,Wak-St-Lower,Wakulla,St. Mark's River Lower-2,1,LW,River/Stream
Wak-St-Lower-3,30.1372,-84.2078,Wak-St-Lower,Wakulla,St. Mark's River Lower-3,1,LW,River/Stream
Wak-St-Lower-4,30.0856,-84.2078,Wak-St-Lower,Wakulla,St. Mark's River Lower-4,1,LW,River/Stream
Wak-St-River-1,30.2075,-84.1766,Wak-St-River,Wakulla,St. Mark's River-1,1,LW,River/Stream
Wak-St-River-2,30.2011,-84.1774,Wak-St-River,Wakulla,St. Mark's River-2,1,LW,River/Stream
Wak-St-River-3,30.188,-84.1806,Wak-St-River,Wakulla,St. Mark's River-3,1,LW,River/Stream
Wak-St-Marks-1,30.0759,-84.1871,Wak-St-Marks,Wakulla,St. Mark's-1,1,LW,Estuary
Wak-St-Marks-2,30.0633,-84.1904,Wak-St-Marks,Wakulla,St. Mark's-2,1,LW,Estuary
Wak-St-Marks-3,30.0624,-84.2094,Wak-St-Marks,Wakulla,St. Mark's-3,1,LW,Estuary
Wak-Wa-Lower-1,30.1807,-84.2488,Wak-Wa-Lower,Wakulla,Wakulla River Lower-1,1,LW,River/Stream
Wak-Wa-Lower-2,30.1793,-84.247,Wak-Wa-Lower,Wakulla,Wakulla River Lower-2,1,LW,River/Stream
Wak-Wa-Lower-3,30.1755,-84.2405,Wak-Wa-Lower,Wakulla,Wakulla River Lower-3,1,LW,River/Stream
Wak-Wa-Middle-1,30.2103,-84.259,Wak-Wa-Middle,Wakulla,Wakulla River Middle-1,1,LW,River/Stream
Wak-Wa-Middle-2,30.1984,-84.2617,Wak-Wa-Middle,Wakulla,Wakulla River Middle-2,1,LW,River/Stream
Wak-Wa-Middle-3,30.1891,-84.2602,Wak-Wa-Middle,Wakulla,Wakulla River Middle-3,1,LW,River/Stream
Wak-Wa-River-1,30.2357,-84.3008,Wak-Wa-River,Wakulla,Wakulla River-1,1,LW,River/Stream
Wak-Wa-River-2,30.2356,-84.3027,Wak-Wa-River,Wakulla,Wakulla River-2,1,LW,River/Stream
Wak-Wa-River-3,30.2353,-84.302,Wak-Wa-River,Wakulla,Wakulla River-3,1,LW,River/Stream
Wal-Allen-1,30.3542,-86.2534,Wal-Allen,Walton,Allen,1,LW,Dune Lake
Wal-Allen-2,30.3541,-86.252,Wal-Allen,Walton,Allen,2,LW,Dune Lake
Wal-Allen-3,30.3549,-86.2503,Wal-Allen,Walton,Allen,3,LW,Dune Lake
Wal-Alligator-1,30.333,-86.1743,Wal-Alligator,Walton,Alligator,1,LW,Dune Lake
Wal-Alligator-2,30.3352,-86.1741,Wal-Alligator,Walton,Alligator,2,LW,Dune Lake
Wal-Alligator-3,30.3361,-86.1738,Wal-Alligator,Walton,Alligator,3,LW,Dune Lake
Wal-Alligator-4,30.3376,-86.1742,Wal-Alligator,Walton,Alligator,4,LW,Dune Lake
Wal-Back-1,30.7406,-86.142,Wal-Back,Walton,Back,1,LW,Lake
Wal-Back-2,30.7418,-86.1428,Wal-Back,Walton,Back,2,LW,Lake
Wal-Back-3,30.7428,-86.1428,Wal-Back,Walton,Back,3,LW,Lake
Wal-BigRedF-1,30.3396,-86.1964,Wal-BigRedF,Walton,Big Red Fish,1,LW,Dune Lake
Wal-BigRedF-2,30.3378,-86.1935,Wal-BigRedF,Walton,Big Red Fish,2,LW,Dune Lake
Wal-BigRedF-3,30.3369,-86.1909,Wal-BigRedF,Walton,Big Red Fish,3,LW,Dune Lake
Wal-Bl-Creek-1,30.451,-86.07,Wal-Bl-Creek,Walton,Black Creek-1,1,LW,River/Stream
Wal-Bl-Creek-2,30.4478,-86.0795,Wal-Bl-Creek,Walton,Black Creek-2,1,LW,River/Stream
Wal-Bl-Creek-3,30.4481,-86.0919,Wal-Bl-Creek,Walton,Black Creek-3,1,LW,River/Stream
Wal-CampCree-1,30.2956,-86.0625,Wal-CampCree,Walton,Camp Creek,1,LW,Dune Lake
Wal-CampCree-2,30.2956,-86.0582,Wal-CampCree,Walton,Camp Creek,2,LW,Dune Lake
Wal-CampCree-3,30.3007,-86.0527,Wal-CampCree,Walton,Camp Creek,3,LW,Dune Lake
Wal-Campbell-1,30.3672,-86.2927,Wal-Campbell,Walton,Campbell,1,LW,Dune Lake
Wal-Campbell-2,30.3659,-86.2889,Wal-Campbell,Walton,Campbell,2,LW,Dune Lake
Wal-Campbell-3,30.3641,-86.2863,Wal-Campbell,Walton,Campbell,3,LW,Dune Lake
Wal-BK-Canal1-1,30.3229,-86.1436,Wal-BK-Canal1,Walton,CBA Baker Canal-1,1,LW,River/Stream
Wal-BK-Canal2-1,30.3755,-86.155,Wal-BK-Canal2,Walton,CBA Baker Canal-2,1,LW,River/Stream
Wal-CB-Destin-5,30.3925,-86.3325,Wal-CB-Destin,Walton,CBA Destin-5,1,LW,Estuary
Wal- Destin-6-1,30.3856,-86.3296,Wal- Destin-6,Walton,CBA Destin-6,1,LW,Estuary
Wal-CB-Destin-7,30.4431,-86.3365,Wal-CB-Destin,Walton,CBA Destin-7,1,LW,Estuary
Wal-CB-Destin-8,30.4571,-86.2712,Wal-CB-Destin,Walton,CBA Destin-8,1,LW,Estuary
Wal-CB-eeport-1,30.4858,-86.2036,Wal-CB-eeport,Walton,CBA Freeport-1,1,LW,Estuary
Wal-eeport-10-1,30.3806,-86.1175,Wal-eeport-10,Walton,CBA Freeport-10,1,LW,Estuary
Wal-CB-eport-11,30.3817,-86.1507,Wal-CB-eport,Walton,CBA Freeport-11,1,LW,Estuary
Wal-CB-eport-12,30.3822,-86.1507,Wal-CB-eport,Walton,CBA Freeport-12,1,LW,Estuary
Wal-CB-eport-13,30.3987,-86.19,Wal-CB-eport,Walton,CBA Freeport-13,1,LW,Estuary
Wal-CB-eport-14,30.4183,-86.2197,Wal-CB-eport,Walton,CBA Freeport-14,1,LW,Estuary
Wal-CB-eeport-2,30.4749,-86.2104,Wal-CB-eeport,Walton,CBA Freeport-2,1,LW,Estuary
Wal-CB-eeport-3,30.4637,-86.1469,Wal-CB-eeport,Walton,CBA Freeport-3,1,LW,Estuary
Wal-reeport-4-1,30.4558,-86.1531,Wal-reeport-4,Walton,CBA Freeport-4,1,LW,Estuary
Wal-CB-eeport-5,30.4464,-86.1624,Wal-CB-eeport,Walton,CBA Freeport-5,1,LW,Estuary
Wal-CB-eeport-6,30.4232,-86.183,Wal-CB-eeport,Walton,CBA Freeport-6,1,LW,Estuary
Wal-CB-eeport-7,30.4255,-86.1491,Wal-CB-eeport,Walton,CBA Freeport-7,1,LW,Estuary
Wal-CB-eeport-8,30.4094,-86.1453,Wal-CB-eeport,Walton,CBA Freeport-8,1,LW,Estuary
Wal-CB-eeport-9,30.3986,-86.1283,Wal-CB-eeport,Walton,CBA Freeport-9,1,LW,Estuary
Wal-Lt-Canal1-1,30.3737,-86.1588,Wal-Lt-Canal1,Walton,CBA Little Canal-1,1,LW,River/Stream
Wal-Lt-Canal2-1,30.378,-86.1613,Wal-Lt-Canal2,Walton,CBA Little Canal-2,1,LW,River/Stream
Wal-MulCr-1,30.476680000000002,-86.33317,Wal-MulCr,Walton,CBA Mullet Creek-1,1,LW,River/Stream
Wal-MulCr-2,30.47895,-86.33327,Wal-MulCr,Walton,CBA Mullet Creek-2,1,LW,River/Stream
Wal-MulCr-3,30.48145,-86.33146,Wal-MulCr,Walton,CBA Mullet Creek-3,1,LW,River/Stream
Wal-A River-1-1,30.4299,-86.1134,Wal-A River-1,Walton,CBA River-1,1,LW,River/Stream
Wal-ARiver-10-1,30.5593,-85.9578,Wal-ARiver-10,Walton,CBA River-10,1,LW,River/Stream
Wal-ARiver-11-1,30.4518,-85.9356,Wal-ARiver-11,Walton,CBA River-11,1,LW,River/Stream
Wal-ARiver-12-1,30.4664,-85.9006,Wal-ARiver-12,Walton,CBA River-12,1,LW,River/Stream
Wal-ARiver-13-1,30.4695,-85.9981,Wal-ARiver-13,Walton,CBA River-13,1,LW,River/Stream
Wal-ARiver-14-1,30.5576,-85.9604,Wal-ARiver-14,Walton,CBA River-14,1,LW,River/Stream
Wal-A River-2-1,30.4413,-85.9618,Wal-A River-2,Walton,CBA River-2,1,LW,River/Stream
Wal-A River-3-1,30.4512,-85.898,Wal-A River-3,Walton,CBA River-3,1,LW,River/Stream
Wal-A Riv-3A-1,30.457,-85.8977,Wal-A Riv-3A,Walton,CBA River-3A,1,LW,River/Stream
Wal-A River-4-1,30.4514,-86.0689,Wal-A River-4,Walton,CBA River-4,1,LW,River/Stream
Wal-A River-5-1,30.5393,-85.9205,Wal-A River-5,Walton,CBA River-5,1,LW,River/Stream
Wal-A River-6-1,30.4727,-85.8884,Wal-A River-6,Walton,CBA River-6,1,LW,River/Stream
Wal-A River-7-1,30.45,-85.9359,Wal-A River-7,Walton,CBA River-7,1,LW,River/Stream
Wal-A River-8-1,30.4655,-85.8994,Wal-A River-8,Walton,CBA River-8,1,LW,River/Stream
Wal-A River-9-1,30.4676,-86.0008,Wal-A River-9,Walton,CBA River-9,1,LW,River/Stream
Wal-a Beach-1-1,30.3992,-86.2286,Wal-a Beach-1,Walton,CBA Santa Rosa Beach-1,1,LW,Estuary
Wal- Beach-10-1,30.4925,-86.2434,Wal- Beach-10,Walton,CBA Santa Rosa Beach-10,1,LW,Estuary
Wal-CB-Beach-11,30.472,-86.3325,Wal-CB-Beach,Walton,CBA Santa Rosa Beach-11,1,LW,Estuary
Wal-CB-Beach-12,30.4033,-86.2948,Wal-CB-Beach,Walton,CBA Santa Rosa Beach-12,1,LW,Estuary
Wal-CB-Beach-13,30.4862,-86.2533,Wal-CB-Beach,Walton,CBA Santa Rosa Beach-13,1,LW,Estuary
Wal-CB-Beach-14,30.4522,-86.2717,Wal-CB-Beach,Walton,CBA Santa Rosa Beach-14,1,LW,Estuary
Wal-CB-Beach-15,30.405,-86.263,Wal-CB-Beach,Walton,CBA Santa Rosa Beach-15,1,LW,Estuary
Wal-CB-Beach-16,30.4475,-86.2237,Wal-CB-Beach,Walton,CBA Santa Rosa Beach-16,1,LW,Estuary
Wal-a Beach-2-1,30.3986,-86.239,Wal-a Beach-2,Walton,CBA Santa Rosa Beach-2,1,LW,Estuary
Wal-a Beach-3-1,30.3888,-86.2441,Wal-a Beach-3,Walton,CBA Santa Rosa Beach-3,1,LW,Estuary
Wal-a Beach-4-1,30.39,-86.2577,Wal-a Beach-4,Walton,CBA Santa Rosa Beach-4,1,LW,Estuary
Wal-a Beach-5-1,30.3936,-86.2894,Wal-a Beach-5,Walton,CBA Santa Rosa Beach-5,1,LW,Estuary
Wal-a Beach-6-1,30.3971,-86.3018,Wal-a Beach-6,Walton,CBA Santa Rosa Beach-6,1,LW,Estuary
Wal-a Beach-7-1,30.4075,-86.3099,Wal-a Beach-7,Walton,CBA Santa Rosa Beach-7,1,LW,Estuary
Wal-a Beach-8-1,30.4215,-86.2861,Wal-a Beach-8,Walton,CBA Santa Rosa Beach-8,1,LW,Estuary
Wal-a Beach-9-1,30.4878,-86.2479,Wal-a Beach-9,Walton,CBA Santa Rosa Beach-9,1,LW,Estuary
Wal-CBA-WAL-1-1,30.3311,-86.1946,Wal-CBA-WAL-1,Walton,CBA WAL-1,1,LW,Estuary
Wal-CBA-WAL-2-1,30.3243,-86.1697,Wal-CBA-WAL-2,Walton,CBA WAL-2,1,LW,Estuary
Wal-CBA-WAL-3-1,30.3313,-86.1921,Wal-CBA-WAL-3,Walton,CBA WAL-3,1,LW,Estuary
Wal-Ch-Middle-1,30.404,-86.3005,Wal-Ch-Middle,Walton,Choctawhatchee Bay Middle-1,1,LW,Estuary
Wal-Ch-Middle-2,30.4115,-86.2951,Wal-Ch-Middle,Walton,Choctawhatchee Bay Middle-2,1,LW,Estuary
Wal-Ch-Middle-3,30.4295,-86.3129,Wal-Ch-Middle,Walton,Choctawhatchee Bay Middle-3,1,LW,Estuary
Wal-Ch-eeBay-1,30.3925,-86.1167,Wal-Ch-eeBay,Walton,Choctawhatchee Bay-1,1,LW,Estuary
Wal-Ch-eeBay-2,30.3946,-86.1305,Wal-Ch-eeBay,Walton,Choctawhatchee Bay-2,1,LW,Estuary
Wal-Ch-eeBay-3,30.3815,-86.1199,Wal-Ch-eeBay,Walton,Choctawhatchee Bay-3,1,LW,Estuary
Wal-Deer-1,30.3074,-86.0793,Wal-Deer,Walton,Deer,1,LW,Dune Lake
Wal-Deer-2,30.3051,-86.0795,Wal-Deer,Walton,Deer,2,LW,Dune Lake
Wal-Deer-3,30.3034,-86.0802,Wal-Deer,Walton,Deer,3,LW,Dune Lake
Wal-DeFuniak-1,30.7182,-86.1129,Wal-DeFuniak,Walton,DeFuniak,1,LW,Lake
Wal-DeFuniak-2,30.7172,-86.1129,Wal-DeFuniak,Walton,DeFuniak,2,LW,Lake
Wal-DeFuniak-3,30.7159,-86.1128,Wal-DeFuniak,Walton,DeFuniak,3,LW,Lake
Wal-Draper-1,30.3444,-86.2156,Wal-Draper,Walton,Draper,1,LW,Dune Lake
Wal-Draper-2,30.3459,-86.2134,Wal-Draper,Walton,Draper,2,LW,Dune Lake
Wal-Draper-3,30.346800000000002,-86.2114,Wal-Draper,Walton,Draper,3,LW,Dune Lake
Wal-Eastern-1,30.3122,-86.0931,Wal-Eastern,Walton,Eastern,1,LW,Dune Lake
Wal-Eastern-2,30.3097,-86.093,Wal-Eastern,Walton,Eastern,2,LW,Dune Lake
Wal-Eastern-3,30.3076,-86.0949,Wal-Eastern,Walton,Eastern,3,LW,Dune Lake
Wal-ern North-1,30.3136,-86.0928,Wal-ern North,Walton,Eastern North,1,LW,Dune Lake
Wal-ern North-2,30.3147,-86.0939,Wal-ern North,Walton,Eastern North,2,LW,Dune Lake
Wal-ern North-3,30.3158,-86.0956,Wal-ern North,Walton,Eastern North,3,LW,Dune Lake
Wal-Fox-1,30.3569,-86.2364,Wal-Fox,Walton,Fox,1,LW,Lake
Wal-Fox-2,30.3574,-86.2355,Wal-Fox,Walton,Fox,2,LW,Lake
Wal-Fox-3,30.3577,-86.2344,Wal-Fox,Walton,Fox,3,LW,Lake
Wal-Fuller-1,30.3753,-86.317,Wal-Fuller,Walton,Fuller,1,LW,Dune Lake
Wal-Fuller-2,30.3729,-86.3174,Wal-Fuller,Walton,Fuller,2,LW,Dune Lake
Wal-Fuller-3,30.3708,-86.3202,Wal-Fuller,Walton,Fuller,3,LW,Dune Lake
Wal-Grayton-1,30.3328,-86.1628,Wal-Grayton,Walton,Grayton,1,LW,Dune Lake
Wal-Grayton-2,30.3324,-86.165,Wal-Grayton,Walton,Grayton,2,LW,Dune Lake
Wal-Grayton-3,30.3303,-86.1622,Wal-Grayton,Walton,Grayton,3,LW,Dune Lake
Wal-Haven-1,30.8026,-86.1154,Wal-Haven,Walton,Haven,1,LW,Lake
Wal-Haven-2,30.8022,-86.113,Wal-Haven,Walton,Haven,2,LW,Lake
Wal-Haven-3,30.8014,-86.1114,Wal-Haven,Walton,Haven,3,LW,Lake
Wal-Holly-1,30.7786,-86.177,Wal-Holly,Walton,Holly,1,LW,Lake
Wal-Holly-2,30.7754,-86.1786,Wal-Holly,Walton,Holly,2,LW,Lake
Wal-Holly-3,30.777,-86.1721,Wal-Holly,Walton,Holly,3,LW,Lake
Wal-JuniperE-1,30.7681,-86.1305,Wal-JuniperE,Walton,Juniper East,1,LW,Lake
Wal-JuniperE-2,30.762,-86.1267,Wal-JuniperE,Walton,Juniper East,2,LW,Lake
Wal-JuniperE-3,30.7689,-86.1227,Wal-JuniperE,Walton,Juniper East,3,LW,Lake
Wal-JuniperW-1,30.7795,-86.1379,Wal-JuniperW,Walton,Juniper West,1,LW,Lake
Wal-JuniperW-2,30.7746,-86.1388,Wal-JuniperW,Walton,Juniper West,2,LW,Lake
Wal-JuniperW-3,30.7731,-86.133,Wal-JuniperW,Walton,Juniper West,3,LW,Lake
Wal-King-1,30.7886,-86.1953,Wal-King,Walton,King,1,LW,Lake
Wal-King-2,30.7857,-86.1926,Wal-King,Walton,King,2,LW,Lake
Wal-King-3,30.7869,-86.1895,Wal-King,Walton,King,3,LW,Lake
Wal-King-4,30.9476,-86.1938,Wal-King,Walton,King,4,LW,Lake
Wal-King-5,30.7759,-86.1832,Wal-King,Walton,King,5,LW,Lake
Wal-LittleRe-1,30.3367,-86.1831,Wal-LittleRe,Walton,Little Red Fish,1,LW,Dune Lake
Wal-LittleRe-2,30.335,-86.1837,Wal-LittleRe,Walton,Little Red Fish,2,LW,Dune Lake
Wal-LittleRe-3,30.3347,-86.1861,Wal-LittleRe,Walton,Little Red Fish,3,LW,Dune Lake
Wal-Morris-1,30.3694,-86.3033,Wal-Morris,Walton,Morris,1,LW,Dune Lake
Wal-Morris-2,30.3695,-86.3068,Wal-Morris,Walton,Morris,2,LW,Dune Lake
Wal-Morris-3,30.3703,-86.3092,Wal-Morris,Walton,Morris,3,LW,Dune Lake
Wal-Oyster-1,30.3535,-86.2445,Wal-Oyster,Walton,Oyster,1,LW,Dune Lake
Wal-Oyster-2,30.3527,-86.2441,Wal-Oyster,Walton,Oyster,2,LW,Dune Lake
Wal-Oyster-3,30.3519,-86.2435,Wal-Oyster,Walton,Oyster,3,LW,Dune Lake
Wal-Oyster-4,30.3517,-86.2422,Wal-Oyster,Walton,Oyster,4,LW,Dune Lake
Wal-Pe-Creek-1,30.358,-86.1079,Wal-Pe-Creek,Walton,Peach Creek-1,1,LW,River/Stream
Wal-Pe-Creek-2,30.3576,-86.1075,Wal-Pe-Creek,Walton,Peach Creek-2,1,LW,River/Stream
Wal-Pe-Creek-3,30.3573,-86.1072,Wal-Pe-Creek,Walton,Peach Creek-3,1,LW,River/Stream
Wal-Powell-1,30.2815,-85.9958,Wal-Powell,Walton,Powell,1,LW,Dune Lake
Wal-Powell-2,30.2838,-85.9996,Wal-Powell,Walton,Powell,2,LW,Dune Lake
Wal-Powell-3,30.2844,-86.0027,Wal-Powell,Walton,Powell,3,LW,Dune Lake
Wal-Shortlin1-1,30.3729,-86.2599,Wal-Shortlin1,Walton,Shortline 1,1,LW,Lake
Wal-Shortlin1-2,30.3726,-86.2613,Wal-Shortlin1,Walton,Shortline 1,2,LW,Lake
Wal-Shortlin1-3,30.3724,-86.2627,Wal-Shortlin1,Walton,Shortline 1,3,LW,Lake
Wal-Shortlin2-1,30.3717,-86.2593,Wal-Shortlin2,Walton,Shortline 2,1,LW,Lake
Wal-Shortlin2-2,30.3714,-86.2607,Wal-Shortlin2,Walton,Shortline 2,2,LW,Lake
Wal-Shortlin2-3,30.3714,-86.262,Wal-Shortlin2,Walton,Shortline 2,3,LW,Lake
Wal-Shortlin3-1,30.3708,-86.2588,Wal-Shortlin3,Walton,Shortline 3,1,LW,Lake
Wal-Shortlin3-2,30.3704,-86.2602,Wal-Shortlin3,Walton,Shortline 3,2,LW,Lake
Wal-Shortlin3-3,30.3701,-86.2617,Wal-Shortlin3,Walton,Shortline 3,3,LW,Lake
Wal-Spring-1,30.7483,-86.0606,Wal-Spring,Walton,Spring,1,LW,Lake
Wal-Spring-2,30.7475,-86.0608,Wal-Spring,Walton,Spring,2,LW,Lake
Wal-Spring-3,30.7469,-86.0608,Wal-Spring,Walton,Spring,3,LW,Lake
Wal-Spring-4,30.7547,-86.0642,Wal-Spring,Walton,Spring,4,LW,Lake
Wal-Stallwort-1,30.3565,-86.2619,Wal-Stallwort,Walton,Stallworth,1,LW,Dune Lake
Wal-Stallwort-2,30.3565,-86.2635,Wal-Stallwort,Walton,Stallworth,2,LW,Dune Lake
Wal-Stallwort-3,30.357,-86.2645,Wal-Stallwort,Walton,Stallworth,3,LW,Dune Lake
Wal-Stallwort-4,30.3575,-86.2604,Wal-Stallwort,Walton,Stallworth,4,LW,Dune Lake
Wal-Stanley-1,30.7376,-86.1396,Wal-Stanley,Walton,Stanley,1,LW,Lake
Wal-Stanley-2,30.7388,-86.1381,Wal-Stanley,Walton,Stanley,2,LW,Lake
Wal-Stanley-3,30.7388,-86.1369,Wal-Stanley,Walton,Stanley,3,LW,Lake
Wal-Stewart-1,30.3778,-86.3717,Wal-Stewart,Walton,Stewart,1,LW,Lake
Wal-Stewart-2,30.3775,-86.37,Wal-Stewart,Walton,Stewart,2,LW,Lake
Wal-Stewart-3,30.377,-86.369,Wal-Stewart,Walton,Stewart,3,LW,Lake
Wal-Tresca-1,30.3071,-86.0908,Wal-Tresca,Walton,Tresca,1,LW,Lake
Wal-Tresca-2,30.3076,-86.0905,Wal-Tresca,Walton,Tresca,2,LW,Lake
Wal-Western-1,30.3268,-86.1535,Wal-Western,Walton,Western,1,LW,Dune Lake
Wal-Western-2,30.3271,-86.1512,Wal-Western,Walton,Western,2,LW,Dune Lake
Wal-Western-3,30.3256,-86.1493,Wal-Western,Walton,Western,3,LW,Dune Lake
Wal-WesternN-1,30.3282,-86.1465,Wal-WesternN,Walton,Western Northeast,1,LW,Dune Lake
Wal-WesternN-2,30.3285,-86.1441,Wal-WesternN,Walton,Western Northeast,2,LW,Dune Lake
Wal-WesternN-3,30.3268,-86.142,Wal-WesternN,Walton,Western Northeast,3,LW,Dune Lake
Wal-Wilson-1,30.6933,-86.061,Wal-Wilson,Walton,Wilson,1,LW,Lake
Wal-Wilson-2,30.6923,-86.0582,Wal-Wilson,Walton,Wilson,2,LW,Lake
Wal-Wilson-3,30.6943,-86.0574,Wal-Wilson,Walton,Wilson,3,LW,Lake
Was-Blue-2,30.7426,-85.5512,Was-Blue,Washington,Blue,2,LW,Lake
Was-Bream-2,30.5692,-85.55,Was-Bream,Washington,Bream,2,LW,Lake
Was-CBA-HolmCrk-1,30.6069,-85.7471,Was-CBA-HolmCrk,Washington,CBA Holmes Creek-1,1,LW,River/Stream
Was-CBA-HolmCrk-2,30.5235,-85.8714,Was-CBA-HolmCrk,Washington,CBA Holmes Creek-2,1,LW,River/Stream
Was-CBA-HolmCrk-3,30.6561,-85.681,Was-CBA-HolmCrk,Washington,CBA Holmes Creek-3,1,LW,River/Stream
Was-Gap-1,30.5536,-85.5775,Was-Gap,Washington,Gap,1,LW,Lake
Was-Gap-2,30.5512,-85.5673,Was-Gap,Washington,Gap,2,LW,Lake
Was-Gap-3,30.5495,-85.5556,Was-Gap,Washington,Gap,3,LW,Lake
Was-Gin-1,30.574,-85.5514,Was-Gin,Washington,Gin,1,LW,Lake
Was-Gin-2,30.5722,-85.5502,Was-Gin,Washington,Gin,2,LW,Lake
Was-Gin-3,30.5705,-85.5531,Was-Gin,Washington,Gin,3,LW,Lake
Was-LittleRi-1,30.5435,-85.5942,Was-LittleRi,Washington,Little River,1,LW,Lake
Was-LittleRi-2,30.5459,-85.5946,Was-LittleRi,Washington,Little River,2,LW,Lake
Was-LittleRi-3,30.5469,-85.5945,Was-LittleRi,Washington,Little River,3,LW,Lake
Was-Rattlesna-2,30.4587,-85.5671,Was-Rattlesna,Washington,Rattlesnake,2,LW,Lake
